# SYNTHETIC DATA — generated by training/generate_data.py. These customers, portfolios and interactions are fabricated. Not real banking data. Loan product lender names are real Indian lenders; their rates and limits are APPROXIMATE figures near published rate cards, not quotes, and imply no offer or approval.
user_id,monthly_income,monthly_expenses,existing_emi,credit_score,employment_type,employment_years,age,dependents,purpose,required_amount,preferred_tenure_months,risk_appetite,SYNTHETIC
syn-0000,289600.0,155400.0,38900.0,807,SALARIED,4.8,57,1,HOME,11021000.0,180,AGGRESSIVE,TRUE
syn-0001,103400.0,59800.0,13500.0,900,SALARIED,9.6,60,0,BUSINESS,3026000.0,24,CONSERVATIVE,TRUE
syn-0002,500000.0,344000.0,30900.0,640,SELF_EMPLOYED,9.5,37,1,PERSONAL,4348000.0,24,MODERATE,TRUE
syn-0003,335800.0,198800.0,21900.0,761,SELF_EMPLOYED,6.6,62,0,PERSONAL,1503000.0,12,CONSERVATIVE,TRUE
syn-0004,43100.0,30700.0,3100.0,757,SALARIED,6.9,59,2,BUSINESS,720000.0,84,AGGRESSIVE,TRUE
syn-0005,112300.0,37000.0,3300.0,699,SALARIED,8.3,50,0,MEDICAL,313000.0,12,AGGRESSIVE,TRUE
syn-0006,450800.0,310800.0,49500.0,602,SALARIED,5.2,43,2,VEHICLE,5178000.0,24,AGGRESSIVE,TRUE
syn-0007,251600.0,130700.0,23900.0,792,SELF_EMPLOYED,4.5,38,1,BUSINESS,3537000.0,24,MODERATE,TRUE
syn-0008,209400.0,64500.0,7500.0,800,RETIRED,8.7,39,0,BUSINESS,4179000.0,84,MODERATE,TRUE
syn-0009,287900.0,98200.0,17000.0,819,SALARIED,7.0,53,2,PERSONAL,2048000.0,24,CONSERVATIVE,TRUE
syn-0010,188500.0,82000.0,15900.0,688,SALARIED,1.7,23,1,EDUCATION,1433000.0,48,MODERATE,TRUE
syn-0011,31400.0,10400.0,3100.0,694,SALARIED,0.2,52,2,MEDICAL,49000.0,36,AGGRESSIVE,TRUE
syn-0012,67200.0,19400.0,4500.0,818,SELF_EMPLOYED,0.9,61,2,EDUCATION,1039000.0,120,AGGRESSIVE,TRUE
syn-0013,75300.0,36800.0,13200.0,704,SALARIED,1.3,33,0,HOME,1351000.0,84,CONSERVATIVE,TRUE
syn-0014,123200.0,57800.0,10200.0,787,SELF_EMPLOYED,7.9,35,0,PERSONAL,353000.0,24,MODERATE,TRUE
syn-0015,475300.0,328700.0,1100.0,609,SALARIED,3.5,55,3,HOME,8549000.0,240,MODERATE,TRUE
syn-0016,381500.0,162700.0,67100.0,731,SALARIED,5.7,32,2,MEDICAL,1342000.0,48,MODERATE,TRUE
syn-0017,171300.0,83200.0,23000.0,800,SALARIED,2.4,52,3,BUSINESS,2116000.0,120,MODERATE,TRUE
syn-0018,110700.0,31000.0,900.0,822,CONTRACT,10.1,33,3,EDUCATION,2895000.0,84,CONSERVATIVE,TRUE
syn-0019,317600.0,137000.0,30700.0,832,SALARIED,8.0,50,0,BUSINESS,2222000.0,84,CONSERVATIVE,TRUE
syn-0020,191600.0,119700.0,33000.0,707,SELF_EMPLOYED,12.0,37,0,BUSINESS,3752000.0,36,MODERATE,TRUE
syn-0021,48700.0,13200.0,3200.0,671,SALARIED,3.9,27,1,MEDICAL,408000.0,12,AGGRESSIVE,TRUE
syn-0022,26900.0,10300.0,1200.0,812,SALARIED,0.7,59,0,MEDICAL,152000.0,48,MODERATE,TRUE
syn-0023,114100.0,54200.0,11000.0,746,SELF_EMPLOYED,8.8,40,3,VEHICLE,663000.0,84,MODERATE,TRUE
syn-0024,35700.0,14000.0,4400.0,771,CONTRACT,5.6,47,1,HOME,1336000.0,240,AGGRESSIVE,TRUE
syn-0025,151500.0,67900.0,18300.0,776,CONTRACT,4.5,53,0,HOME,3031000.0,180,MODERATE,TRUE
syn-0026,231600.0,82200.0,16000.0,651,SELF_EMPLOYED,9.6,40,1,VEHICLE,1416000.0,12,AGGRESSIVE,TRUE
syn-0027,234500.0,160900.0,16100.0,667,SELF_EMPLOYED,12.7,32,3,EDUCATION,4101000.0,36,AGGRESSIVE,TRUE
syn-0028,420700.0,106000.0,15100.0,699,SALARIED,12.1,51,0,MEDICAL,940000.0,60,MODERATE,TRUE
syn-0029,73600.0,26600.0,7100.0,616,SALARIED,15.6,61,3,EDUCATION,995000.0,120,MODERATE,TRUE
syn-0030,43900.0,13500.0,5800.0,770,SALARIED,6.6,33,0,HOME,1624000.0,240,MODERATE,TRUE
syn-0031,88800.0,45400.0,13900.0,754,SELF_EMPLOYED,5.0,55,2,VEHICLE,968000.0,12,MODERATE,TRUE
syn-0032,152600.0,97200.0,20700.0,794,SALARIED,3.3,28,2,PERSONAL,1609000.0,48,MODERATE,TRUE
syn-0033,334400.0,90700.0,35300.0,732,SELF_EMPLOYED,6.3,30,0,EDUCATION,4344000.0,120,CONSERVATIVE,TRUE
syn-0034,49600.0,19100.0,400.0,747,SALARIED,13.5,40,2,PERSONAL,245000.0,12,MODERATE,TRUE
syn-0035,46100.0,20200.0,1100.0,648,SELF_EMPLOYED,0.4,57,0,EDUCATION,402000.0,120,CONSERVATIVE,TRUE
syn-0036,114800.0,70500.0,6100.0,702,SALARIED,11.2,35,0,HOME,3266000.0,240,CONSERVATIVE,TRUE
syn-0037,118900.0,54800.0,13800.0,678,SALARIED,9.7,24,0,BUSINESS,2347000.0,24,MODERATE,TRUE
syn-0038,69900.0,46000.0,12400.0,799,SALARIED,4.4,48,1,MEDICAL,495000.0,60,MODERATE,TRUE
syn-0039,474600.0,307500.0,3200.0,587,SALARIED,3.8,32,2,PERSONAL,3053000.0,36,CONSERVATIVE,TRUE
syn-0040,228800.0,122400.0,13400.0,787,SALARIED,10.3,43,3,PERSONAL,2372000.0,36,MODERATE,TRUE
syn-0041,42800.0,26100.0,5400.0,734,SALARIED,6.6,54,0,BUSINESS,377000.0,24,AGGRESSIVE,TRUE
syn-0042,235900.0,114700.0,1000.0,890,SALARIED,8.6,40,1,PERSONAL,2536000.0,12,MODERATE,TRUE
syn-0043,264900.0,116700.0,15300.0,725,SALARIED,5.5,33,0,EDUCATION,3578000.0,36,CONSERVATIVE,TRUE
syn-0044,44200.0,18100.0,7600.0,643,SALARIED,6.5,32,2,EDUCATION,1126000.0,120,CONSERVATIVE,TRUE
syn-0045,55600.0,14400.0,8200.0,786,SALARIED,7.0,62,0,BUSINESS,501000.0,120,AGGRESSIVE,TRUE
syn-0046,145300.0,66300.0,22100.0,844,SALARIED,5.1,62,2,EDUCATION,3736000.0,60,CONSERVATIVE,TRUE
syn-0047,58900.0,27000.0,7600.0,900,SELF_EMPLOYED,10.3,60,0,EDUCATION,1479000.0,84,AGGRESSIVE,TRUE
syn-0048,417900.0,296200.0,47300.0,684,SALARIED,7.8,40,0,HOME,20764000.0,180,CONSERVATIVE,TRUE
syn-0049,165200.0,44100.0,26400.0,733,SELF_EMPLOYED,1.4,32,2,MEDICAL,242000.0,24,AGGRESSIVE,TRUE
syn-0050,26800.0,8300.0,2900.0,780,SALARIED,12.2,61,1,BUSINESS,563000.0,48,AGGRESSIVE,TRUE
syn-0051,156100.0,95900.0,18100.0,694,SELF_EMPLOYED,5.5,62,0,VEHICLE,1073000.0,24,AGGRESSIVE,TRUE
syn-0052,36400.0,10200.0,3100.0,734,SELF_EMPLOYED,1.5,55,2,BUSINESS,334000.0,24,CONSERVATIVE,TRUE
syn-0053,71700.0,31100.0,1100.0,512,SALARIED,6.6,52,2,EDUCATION,1752000.0,36,MODERATE,TRUE
syn-0054,55800.0,32300.0,9600.0,601,SELF_EMPLOYED,8.7,41,1,HOME,1153000.0,240,MODERATE,TRUE
syn-0055,44800.0,27200.0,1600.0,822,SALARIED,3.0,26,2,MEDICAL,202000.0,36,MODERATE,TRUE
syn-0056,38500.0,14300.0,100.0,703,SALARIED,1.9,28,0,VEHICLE,511000.0,48,CONSERVATIVE,TRUE
syn-0057,365700.0,172400.0,40100.0,619,SELF_EMPLOYED,5.7,51,1,HOME,14190000.0,120,MODERATE,TRUE
syn-0058,43100.0,20900.0,6300.0,900,SELF_EMPLOYED,6.6,40,3,MEDICAL,274000.0,36,AGGRESSIVE,TRUE
syn-0059,50600.0,15300.0,4900.0,790,SALARIED,4.6,35,3,VEHICLE,266000.0,24,MODERATE,TRUE
syn-0060,55800.0,30600.0,6800.0,862,SELF_EMPLOYED,4.3,27,0,HOME,2719000.0,120,MODERATE,TRUE
syn-0061,143000.0,37000.0,2600.0,767,SALARIED,5.2,29,1,MEDICAL,667000.0,60,CONSERVATIVE,TRUE
syn-0062,148800.0,77300.0,12500.0,769,CONTRACT,11.1,53,1,EDUCATION,3484000.0,36,CONSERVATIVE,TRUE
syn-0063,234100.0,139500.0,10300.0,779,SELF_EMPLOYED,1.9,58,0,PERSONAL,2118000.0,48,MODERATE,TRUE
syn-0064,26300.0,11900.0,900.0,743,SALARIED,5.1,46,0,MEDICAL,102000.0,12,MODERATE,TRUE
syn-0065,43900.0,27400.0,7000.0,611,SELF_EMPLOYED,6.5,26,0,PERSONAL,197000.0,36,AGGRESSIVE,TRUE
syn-0066,52100.0,32300.0,5600.0,742,SALARIED,4.2,41,3,EDUCATION,318000.0,24,AGGRESSIVE,TRUE
syn-0067,109900.0,39700.0,13800.0,861,CONTRACT,3.2,41,2,HOME,2766000.0,180,AGGRESSIVE,TRUE
syn-0068,47500.0,22100.0,8500.0,682,SALARIED,3.8,58,2,BUSINESS,1089000.0,36,MODERATE,TRUE
syn-0069,32500.0,17100.0,100.0,680,SELF_EMPLOYED,5.0,52,2,PERSONAL,265000.0,12,AGGRESSIVE,TRUE
syn-0070,214400.0,153600.0,8200.0,652,SELF_EMPLOYED,8.4,34,0,HOME,9309000.0,120,AGGRESSIVE,TRUE
syn-0071,26800.0,13000.0,3300.0,728,SALARIED,13.5,50,1,MEDICAL,213000.0,12,MODERATE,TRUE
syn-0072,365700.0,149900.0,28300.0,771,SELF_EMPLOYED,1.1,24,0,BUSINESS,9764000.0,60,MODERATE,TRUE
syn-0073,262000.0,116800.0,43200.0,746,SALARIED,2.7,53,2,PERSONAL,983000.0,36,MODERATE,TRUE
syn-0074,77300.0,21500.0,10200.0,626,SALARIED,6.2,40,2,PERSONAL,796000.0,12,MODERATE,TRUE
syn-0075,285100.0,201700.0,6900.0,765,SALARIED,6.2,30,2,PERSONAL,2454000.0,12,AGGRESSIVE,TRUE
syn-0076,61400.0,40000.0,6400.0,713,SELF_EMPLOYED,5.1,41,2,PERSONAL,183000.0,36,MODERATE,TRUE
syn-0077,411000.0,130200.0,19300.0,752,CONTRACT,7.4,28,2,HOME,6898000.0,180,AGGRESSIVE,TRUE
syn-0078,337000.0,101100.0,12100.0,739,SELF_EMPLOYED,9.1,47,1,HOME,15195000.0,240,MODERATE,TRUE
syn-0079,262300.0,76200.0,3700.0,744,SELF_EMPLOYED,6.9,54,1,MEDICAL,1816000.0,60,CONSERVATIVE,TRUE
syn-0080,222700.0,158700.0,30300.0,659,RETIRED,16.0,36,2,PERSONAL,1238000.0,24,CONSERVATIVE,TRUE
syn-0081,218100.0,115300.0,2700.0,719,SELF_EMPLOYED,0.8,36,2,VEHICLE,940000.0,48,MODERATE,TRUE
syn-0082,37500.0,26000.0,6300.0,795,SALARIED,10.5,23,2,VEHICLE,168000.0,84,AGGRESSIVE,TRUE
syn-0083,365800.0,171900.0,29600.0,809,SALARIED,2.9,55,3,HOME,15254000.0,60,AGGRESSIVE,TRUE
syn-0084,38700.0,21500.0,4300.0,669,SALARIED,6.2,42,0,HOME,2075000.0,84,MODERATE,TRUE
syn-0085,104800.0,36300.0,11500.0,755,SELF_EMPLOYED,2.1,23,0,BUSINESS,1727000.0,36,CONSERVATIVE,TRUE
syn-0086,162900.0,41600.0,1500.0,820,SALARIED,2.1,34,0,EDUCATION,3843000.0,60,CONSERVATIVE,TRUE
syn-0087,42100.0,18900.0,5800.0,818,RETIRED,1.6,43,2,MEDICAL,171000.0,36,MODERATE,TRUE
syn-0088,59000.0,26400.0,3400.0,839,SALARIED,15.0,31,3,MEDICAL,123000.0,48,MODERATE,TRUE
syn-0089,35200.0,9200.0,6000.0,653,SALARIED,4.5,62,3,VEHICLE,498000.0,36,MODERATE,TRUE
syn-0090,90200.0,30300.0,13600.0,806,SALARIED,7.6,48,2,VEHICLE,1260000.0,60,MODERATE,TRUE
syn-0091,472600.0,151100.0,69100.0,733,SALARIED,6.3,32,0,PERSONAL,3153000.0,12,CONSERVATIVE,TRUE
syn-0092,166700.0,106300.0,18600.0,808,SELF_EMPLOYED,5.1,60,2,HOME,7638000.0,240,CONSERVATIVE,TRUE
syn-0093,45300.0,28000.0,2400.0,671,SELF_EMPLOYED,3.7,29,2,BUSINESS,1085000.0,36,MODERATE,TRUE
syn-0094,36500.0,17200.0,1900.0,772,SALARIED,7.5,46,2,EDUCATION,754000.0,36,AGGRESSIVE,TRUE
syn-0095,238200.0,143800.0,37800.0,658,SELF_EMPLOYED,5.4,38,1,BUSINESS,5147000.0,24,CONSERVATIVE,TRUE
syn-0096,118400.0,82200.0,18100.0,680,SALARIED,9.1,55,0,MEDICAL,707000.0,48,MODERATE,TRUE
syn-0097,126500.0,71500.0,10300.0,702,SELF_EMPLOYED,0.3,32,2,PERSONAL,689000.0,12,CONSERVATIVE,TRUE
syn-0098,174400.0,105300.0,12100.0,651,CONTRACT,5.4,42,0,HOME,7543000.0,120,CONSERVATIVE,TRUE
syn-0099,37500.0,23300.0,6500.0,779,SALARIED,16.4,46,2,HOME,874000.0,180,AGGRESSIVE,TRUE
syn-0100,83600.0,55900.0,11800.0,708,SELF_EMPLOYED,4.5,23,1,HOME,1397000.0,240,AGGRESSIVE,TRUE
syn-0101,180800.0,113700.0,20400.0,717,SALARIED,4.3,23,3,BUSINESS,2163000.0,36,MODERATE,TRUE
syn-0102,116700.0,63100.0,11000.0,796,SALARIED,4.6,62,0,VEHICLE,511000.0,84,AGGRESSIVE,TRUE
syn-0103,247400.0,96200.0,13500.0,674,SALARIED,1.1,23,2,MEDICAL,321000.0,60,AGGRESSIVE,TRUE
syn-0104,459700.0,195900.0,27200.0,723,SELF_EMPLOYED,5.1,58,2,HOME,21315000.0,84,AGGRESSIVE,TRUE
syn-0105,197900.0,108900.0,34900.0,835,SALARIED,4.9,37,0,EDUCATION,3944000.0,48,CONSERVATIVE,TRUE
syn-0106,31700.0,19200.0,3000.0,687,SALARIED,7.4,37,2,HOME,857000.0,120,MODERATE,TRUE
syn-0107,92900.0,45800.0,13100.0,709,SELF_EMPLOYED,4.4,38,3,BUSINESS,2181000.0,84,CONSERVATIVE,TRUE
syn-0108,41100.0,17400.0,5900.0,616,SELF_EMPLOYED,0.1,25,1,VEHICLE,579000.0,36,AGGRESSIVE,TRUE
syn-0109,309900.0,90200.0,46600.0,731,SALARIED,4.4,26,2,EDUCATION,3812000.0,48,AGGRESSIVE,TRUE
syn-0110,236100.0,130200.0,13100.0,682,SALARIED,4.6,48,0,MEDICAL,1491000.0,24,CONSERVATIVE,TRUE
syn-0111,315000.0,103400.0,43600.0,653,SELF_EMPLOYED,4.0,48,3,HOME,15945000.0,240,MODERATE,TRUE
syn-0112,39900.0,20600.0,6400.0,749,SALARIED,12.9,35,1,EDUCATION,199000.0,48,MODERATE,TRUE
syn-0113,47800.0,22300.0,8600.0,806,SALARIED,10.9,59,0,MEDICAL,66000.0,24,AGGRESSIVE,TRUE
syn-0114,120400.0,72300.0,1500.0,722,SALARIED,0.2,36,1,BUSINESS,1850000.0,24,CONSERVATIVE,TRUE
syn-0115,214900.0,93200.0,2700.0,753,SALARIED,5.9,51,0,BUSINESS,4433000.0,36,CONSERVATIVE,TRUE
syn-0116,77500.0,42300.0,11400.0,727,SALARIED,2.9,29,1,BUSINESS,1063000.0,84,CONSERVATIVE,TRUE
syn-0117,315100.0,207200.0,9600.0,656,SALARIED,2.4,34,1,BUSINESS,2754000.0,120,AGGRESSIVE,TRUE
syn-0118,51200.0,14600.0,4400.0,810,SELF_EMPLOYED,10.2,23,2,VEHICLE,690000.0,48,CONSERVATIVE,TRUE
syn-0119,371900.0,216100.0,60400.0,635,RETIRED,0.6,62,0,VEHICLE,2178000.0,24,AGGRESSIVE,TRUE
syn-0120,480500.0,171600.0,37000.0,645,SALARIED,8.0,40,3,EDUCATION,12470000.0,24,CONSERVATIVE,TRUE
syn-0121,71600.0,28200.0,11600.0,762,SALARIED,3.3,42,0,HOME,1701000.0,120,MODERATE,TRUE
syn-0122,320500.0,175200.0,5200.0,818,SALARIED,9.9,61,3,PERSONAL,2941000.0,36,CONSERVATIVE,TRUE
syn-0123,239100.0,129800.0,23300.0,704,SALARIED,3.4,45,3,PERSONAL,925000.0,48,AGGRESSIVE,TRUE
syn-0124,27500.0,18200.0,1800.0,634,SALARIED,7.8,26,2,EDUCATION,711000.0,24,AGGRESSIVE,TRUE
syn-0125,44100.0,24900.0,4500.0,549,SALARIED,1.6,26,0,VEHICLE,546000.0,60,MODERATE,TRUE
syn-0126,288800.0,173700.0,13500.0,725,SALARIED,4.9,26,0,VEHICLE,3086000.0,12,CONSERVATIVE,TRUE
syn-0127,189600.0,77500.0,13000.0,628,SELF_EMPLOYED,1.1,40,0,EDUCATION,4594000.0,60,MODERATE,TRUE
syn-0128,451600.0,257800.0,77000.0,741,SALARIED,13.7,57,3,MEDICAL,3645000.0,60,AGGRESSIVE,TRUE
syn-0129,124000.0,58400.0,18100.0,663,SALARIED,7.1,34,1,BUSINESS,2696000.0,84,MODERATE,TRUE
syn-0130,75400.0,46600.0,10500.0,668,SELF_EMPLOYED,10.4,37,2,VEHICLE,973000.0,24,MODERATE,TRUE
syn-0131,97200.0,34200.0,9400.0,824,RETIRED,10.0,61,2,PERSONAL,1043000.0,48,AGGRESSIVE,TRUE
syn-0132,274700.0,190500.0,5900.0,857,SELF_EMPLOYED,8.9,39,3,MEDICAL,2252000.0,24,MODERATE,TRUE
syn-0133,107900.0,42300.0,1200.0,653,SALARIED,3.1,62,1,EDUCATION,1479000.0,48,CONSERVATIVE,TRUE
syn-0134,96100.0,42400.0,4100.0,858,SALARIED,12.8,57,2,EDUCATION,643000.0,36,CONSERVATIVE,TRUE
syn-0135,33700.0,22900.0,1300.0,747,CONTRACT,2.9,29,1,BUSINESS,874000.0,48,CONSERVATIVE,TRUE
syn-0136,70800.0,36600.0,4100.0,762,SELF_EMPLOYED,5.1,24,1,HOME,1384000.0,120,CONSERVATIVE,TRUE
syn-0137,159400.0,78100.0,27500.0,783,CONTRACT,1.3,54,2,BUSINESS,937000.0,60,AGGRESSIVE,TRUE
syn-0138,149300.0,70200.0,20100.0,768,SALARIED,3.1,58,0,VEHICLE,1049000.0,12,AGGRESSIVE,TRUE
syn-0139,48300.0,20700.0,1600.0,671,SALARIED,6.4,43,2,VEHICLE,298000.0,48,AGGRESSIVE,TRUE
syn-0140,47500.0,18500.0,4800.0,599,SALARIED,6.6,28,3,PERSONAL,106000.0,36,CONSERVATIVE,TRUE
syn-0141,117200.0,58700.0,10800.0,834,SELF_EMPLOYED,3.5,38,1,EDUCATION,1545000.0,60,CONSERVATIVE,TRUE
syn-0142,170500.0,88100.0,28200.0,776,SALARIED,4.1,61,1,EDUCATION,1683000.0,60,MODERATE,TRUE
syn-0143,261600.0,96300.0,10400.0,570,SALARIED,2.4,50,2,MEDICAL,757000.0,36,CONSERVATIVE,TRUE
syn-0144,64700.0,32600.0,7300.0,572,SALARIED,13.2,25,0,PERSONAL,598000.0,48,MODERATE,TRUE
syn-0145,70800.0,49400.0,8900.0,685,SALARIED,1.0,59,1,MEDICAL,218000.0,36,CONSERVATIVE,TRUE
syn-0146,97300.0,58300.0,12100.0,723,SALARIED,8.4,39,2,PERSONAL,853000.0,24,CONSERVATIVE,TRUE
syn-0147,78900.0,54900.0,9900.0,823,RETIRED,7.3,50,0,EDUCATION,1121000.0,36,AGGRESSIVE,TRUE
syn-0148,84500.0,26100.0,3300.0,750,SELF_EMPLOYED,3.8,44,2,MEDICAL,656000.0,12,MODERATE,TRUE
syn-0149,43000.0,30000.0,4100.0,803,SALARIED,5.0,43,2,BUSINESS,631000.0,120,AGGRESSIVE,TRUE
syn-0150,399600.0,108400.0,24700.0,732,CONTRACT,1.0,61,0,MEDICAL,1671000.0,60,MODERATE,TRUE
syn-0151,153200.0,45500.0,26700.0,583,SALARIED,13.8,55,0,HOME,2452000.0,180,MODERATE,TRUE
syn-0152,91500.0,65500.0,4700.0,785,SALARIED,9.2,55,1,EDUCATION,1185000.0,48,MODERATE,TRUE
syn-0153,424100.0,139600.0,72300.0,699,SALARIED,1.2,45,0,MEDICAL,764000.0,48,CONSERVATIVE,TRUE
syn-0154,31600.0,8300.0,4500.0,657,SALARIED,10.5,37,1,EDUCATION,453000.0,84,AGGRESSIVE,TRUE
syn-0155,154200.0,51200.0,14200.0,896,CONTRACT,6.1,50,0,PERSONAL,831000.0,12,CONSERVATIVE,TRUE
syn-0156,379300.0,121300.0,43800.0,628,SALARIED,11.4,62,0,BUSINESS,3735000.0,84,CONSERVATIVE,TRUE
syn-0157,46600.0,20000.0,5900.0,656,SALARIED,7.9,54,2,VEHICLE,456000.0,12,MODERATE,TRUE
syn-0158,39500.0,11400.0,2300.0,769,SALARIED,8.1,60,2,MEDICAL,292000.0,36,MODERATE,TRUE
syn-0159,37800.0,26100.0,4700.0,675,SALARIED,10.2,57,0,VEHICLE,221000.0,36,MODERATE,TRUE
syn-0160,35100.0,17100.0,5100.0,713,SALARIED,4.6,27,2,BUSINESS,209000.0,36,MODERATE,TRUE
syn-0161,58000.0,31700.0,3600.0,658,CONTRACT,9.0,34,1,PERSONAL,316000.0,24,CONSERVATIVE,TRUE
syn-0162,492400.0,169500.0,51500.0,634,SALARIED,6.8,26,2,HOME,9290000.0,120,CONSERVATIVE,TRUE
syn-0163,102000.0,62900.0,15600.0,613,SELF_EMPLOYED,12.2,30,3,HOME,1868000.0,240,CONSERVATIVE,TRUE
syn-0164,58600.0,35300.0,5300.0,726,SALARIED,8.4,41,1,VEHICLE,884000.0,48,AGGRESSIVE,TRUE
syn-0165,75200.0,20400.0,11100.0,705,SALARIED,8.6,28,0,PERSONAL,491000.0,36,MODERATE,TRUE
syn-0166,115600.0,77900.0,5800.0,736,SALARIED,3.1,32,3,PERSONAL,1167000.0,48,AGGRESSIVE,TRUE
syn-0167,490900.0,272600.0,20800.0,630,RETIRED,14.5,51,0,VEHICLE,2665000.0,24,MODERATE,TRUE
syn-0168,291900.0,148500.0,35000.0,796,RETIRED,12.7,45,2,PERSONAL,2252000.0,12,AGGRESSIVE,TRUE
syn-0169,27500.0,17200.0,3000.0,715,CONTRACT,16.3,59,0,EDUCATION,274000.0,48,AGGRESSIVE,TRUE
syn-0170,429100.0,146600.0,18600.0,745,SALARIED,2.3,29,0,MEDICAL,1699000.0,12,CONSERVATIVE,TRUE
syn-0171,34800.0,18100.0,3100.0,900,CONTRACT,8.6,28,0,MEDICAL,270000.0,12,AGGRESSIVE,TRUE
syn-0172,34700.0,9500.0,6100.0,657,SALARIED,7.3,37,1,EDUCATION,353000.0,84,MODERATE,TRUE
syn-0173,237400.0,94600.0,34300.0,677,SALARIED,13.7,32,2,HOME,10149000.0,84,MODERATE,TRUE
syn-0174,44100.0,21200.0,5500.0,601,SELF_EMPLOYED,0.1,46,3,MEDICAL,154000.0,24,MODERATE,TRUE
syn-0175,197600.0,64300.0,25100.0,663,SALARIED,0.7,41,3,VEHICLE,612000.0,36,CONSERVATIVE,TRUE
syn-0176,78100.0,33500.0,8600.0,721,SELF_EMPLOYED,10.7,62,3,PERSONAL,602000.0,24,AGGRESSIVE,TRUE
syn-0177,140900.0,55100.0,21500.0,683,SELF_EMPLOYED,6.5,41,0,PERSONAL,286000.0,24,CONSERVATIVE,TRUE
syn-0178,172300.0,70400.0,30000.0,698,CONTRACT,3.6,23,1,EDUCATION,3107000.0,24,CONSERVATIVE,TRUE
syn-0179,73000.0,33000.0,7800.0,664,CONTRACT,1.0,40,3,BUSINESS,1731000.0,24,CONSERVATIVE,TRUE
syn-0180,29000.0,8000.0,2600.0,696,SALARIED,9.6,58,1,EDUCATION,459000.0,120,MODERATE,TRUE
syn-0181,462000.0,261400.0,49700.0,756,SALARIED,8.5,49,0,MEDICAL,1668000.0,60,AGGRESSIVE,TRUE
syn-0182,405300.0,194600.0,46900.0,703,SELF_EMPLOYED,12.1,49,0,PERSONAL,3707000.0,48,MODERATE,TRUE
syn-0183,93400.0,52900.0,15000.0,744,SELF_EMPLOYED,6.5,44,1,PERSONAL,472000.0,48,AGGRESSIVE,TRUE
syn-0184,31300.0,13600.0,4300.0,724,SALARIED,2.3,24,0,PERSONAL,117000.0,36,AGGRESSIVE,TRUE
syn-0185,29800.0,7500.0,5100.0,601,SALARIED,10.3,43,2,EDUCATION,772000.0,48,MODERATE,TRUE
syn-0186,139100.0,52900.0,19700.0,729,RETIRED,3.0,57,0,VEHICLE,2064000.0,84,CONSERVATIVE,TRUE
syn-0187,479100.0,274500.0,75300.0,804,SALARIED,14.6,38,1,PERSONAL,3460000.0,12,MODERATE,TRUE
syn-0188,313100.0,146200.0,25200.0,723,SALARIED,3.7,51,2,VEHICLE,4053000.0,24,AGGRESSIVE,TRUE
syn-0189,442900.0,177800.0,11800.0,897,SELF_EMPLOYED,7.0,45,3,HOME,23281000.0,60,AGGRESSIVE,TRUE
syn-0190,60200.0,22700.0,6100.0,716,SALARIED,15.7,43,3,EDUCATION,743000.0,36,MODERATE,TRUE
syn-0191,180500.0,95400.0,10900.0,764,SALARIED,1.0,34,2,HOME,6125000.0,120,CONSERVATIVE,TRUE
syn-0192,228000.0,58700.0,14200.0,791,SELF_EMPLOYED,7.9,35,1,PERSONAL,1281000.0,36,CONSERVATIVE,TRUE
syn-0193,481300.0,246900.0,42500.0,834,SELF_EMPLOYED,1.4,38,0,PERSONAL,1638000.0,12,MODERATE,TRUE
syn-0194,70700.0,46800.0,11800.0,672,CONTRACT,8.5,28,2,MEDICAL,283000.0,24,AGGRESSIVE,TRUE
syn-0195,41300.0,17400.0,7000.0,676,SELF_EMPLOYED,8.7,35,2,MEDICAL,254000.0,48,AGGRESSIVE,TRUE
syn-0196,192300.0,123900.0,29900.0,692,SALARIED,5.1,62,3,BUSINESS,4785000.0,24,CONSERVATIVE,TRUE
syn-0197,267500.0,180700.0,4600.0,741,SALARIED,2.0,27,1,MEDICAL,1865000.0,60,MODERATE,TRUE
syn-0198,89100.0,43000.0,12000.0,665,SELF_EMPLOYED,0.1,38,3,EDUCATION,833000.0,36,MODERATE,TRUE
syn-0199,144700.0,93500.0,9200.0,696,SELF_EMPLOYED,8.1,54,1,MEDICAL,363000.0,36,AGGRESSIVE,TRUE
syn-0200,174000.0,123200.0,23500.0,670,SALARIED,12.4,61,3,HOME,8655000.0,180,MODERATE,TRUE
syn-0201,94900.0,64400.0,11900.0,806,CONTRACT,1.9,43,2,HOME,1741000.0,240,AGGRESSIVE,TRUE
syn-0202,173400.0,118900.0,5300.0,683,CONTRACT,6.6,31,3,BUSINESS,4585000.0,84,MODERATE,TRUE
syn-0203,51900.0,37200.0,7600.0,710,SALARIED,0.1,50,3,EDUCATION,614000.0,60,CONSERVATIVE,TRUE
syn-0204,109900.0,69600.0,5300.0,670,SELF_EMPLOYED,7.7,38,2,PERSONAL,819000.0,24,AGGRESSIVE,TRUE
syn-0205,38100.0,24100.0,6300.0,649,SELF_EMPLOYED,5.8,42,2,PERSONAL,102000.0,12,MODERATE,TRUE
syn-0206,119300.0,66600.0,2500.0,869,CONTRACT,2.7,30,2,VEHICLE,1275000.0,60,CONSERVATIVE,TRUE
syn-0207,59900.0,43000.0,3100.0,706,SELF_EMPLOYED,11.9,45,2,EDUCATION,818000.0,24,CONSERVATIVE,TRUE
syn-0208,76000.0,36600.0,8800.0,705,SELF_EMPLOYED,3.0,56,3,HOME,3702000.0,60,MODERATE,TRUE
syn-0209,44100.0,20400.0,100.0,662,SELF_EMPLOYED,14.3,50,0,HOME,2320000.0,84,CONSERVATIVE,TRUE
syn-0210,34200.0,23600.0,5600.0,685,SELF_EMPLOYED,4.6,40,2,VEHICLE,290000.0,24,MODERATE,TRUE
syn-0211,131400.0,65700.0,21400.0,641,SELF_EMPLOYED,7.2,51,0,EDUCATION,1772000.0,48,AGGRESSIVE,TRUE
syn-0212,341100.0,230200.0,18500.0,620,SALARIED,7.4,41,3,VEHICLE,5166000.0,24,AGGRESSIVE,TRUE
syn-0213,193300.0,96300.0,31700.0,632,SALARIED,6.9,30,0,EDUCATION,1390000.0,120,CONSERVATIVE,TRUE
syn-0214,73100.0,31400.0,10300.0,726,SALARIED,11.1,53,3,MEDICAL,169000.0,60,AGGRESSIVE,TRUE
syn-0215,37800.0,20400.0,2800.0,671,SELF_EMPLOYED,5.0,62,2,HOME,1886000.0,60,AGGRESSIVE,TRUE
syn-0216,121600.0,80000.0,4600.0,700,SALARIED,3.4,24,3,BUSINESS,600000.0,36,MODERATE,TRUE
syn-0217,95300.0,46600.0,4200.0,736,SALARIED,1.6,57,2,VEHICLE,1112000.0,60,MODERATE,TRUE
syn-0218,32200.0,11500.0,2500.0,779,SALARIED,0.1,27,2,VEHICLE,295000.0,48,AGGRESSIVE,TRUE
syn-0219,141600.0,55500.0,1000.0,656,CONTRACT,5.7,50,2,HOME,6833000.0,240,CONSERVATIVE,TRUE
syn-0220,109000.0,72800.0,1100.0,700,SALARIED,5.4,54,1,MEDICAL,895000.0,24,MODERATE,TRUE
syn-0221,36600.0,12400.0,6000.0,719,SALARIED,8.2,57,3,EDUCATION,236000.0,36,MODERATE,TRUE
syn-0222,37700.0,25100.0,200.0,803,SALARIED,3.2,34,0,PERSONAL,137000.0,12,AGGRESSIVE,TRUE
syn-0223,352000.0,242300.0,48100.0,624,SELF_EMPLOYED,8.3,32,2,EDUCATION,8846000.0,120,AGGRESSIVE,TRUE
syn-0224,170400.0,68000.0,16000.0,703,SELF_EMPLOYED,0.8,47,0,MEDICAL,698000.0,12,MODERATE,TRUE
syn-0225,94900.0,52400.0,4500.0,738,SALARIED,7.3,51,3,BUSINESS,2807000.0,48,CONSERVATIVE,TRUE
syn-0226,180300.0,59100.0,8500.0,694,SELF_EMPLOYED,6.6,37,0,PERSONAL,1284000.0,36,CONSERVATIVE,TRUE
syn-0227,58100.0,30800.0,800.0,629,CONTRACT,5.0,43,0,VEHICLE,816000.0,48,MODERATE,TRUE
syn-0228,29900.0,9200.0,1000.0,644,SALARIED,7.6,49,1,HOME,914000.0,180,AGGRESSIVE,TRUE
syn-0229,26200.0,14300.0,400.0,635,SALARIED,3.0,60,2,EDUCATION,495000.0,36,MODERATE,TRUE
syn-0230,134300.0,71000.0,19500.0,684,CONTRACT,11.0,47,2,HOME,6516000.0,60,AGGRESSIVE,TRUE
syn-0231,200000.0,122500.0,25500.0,771,SALARIED,17.5,50,2,VEHICLE,631000.0,60,MODERATE,TRUE
syn-0232,234500.0,96100.0,27200.0,581,SALARIED,8.9,55,0,PERSONAL,2199000.0,12,MODERATE,TRUE
syn-0233,155900.0,59900.0,24500.0,759,RETIRED,4.8,25,2,MEDICAL,732000.0,12,AGGRESSIVE,TRUE
syn-0234,278400.0,109400.0,34200.0,900,SELF_EMPLOYED,2.3,35,1,VEHICLE,4472000.0,12,AGGRESSIVE,TRUE
syn-0235,113300.0,67900.0,19400.0,751,SELF_EMPLOYED,1.8,39,0,EDUCATION,1545000.0,36,MODERATE,TRUE
syn-0236,110900.0,74600.0,11000.0,768,SALARIED,4.0,37,0,VEHICLE,587000.0,36,CONSERVATIVE,TRUE
syn-0237,322300.0,178700.0,13200.0,641,SALARIED,8.9,26,0,PERSONAL,2849000.0,24,CONSERVATIVE,TRUE
syn-0238,43300.0,11200.0,5000.0,667,SALARIED,8.7,27,1,VEHICLE,453000.0,48,AGGRESSIVE,TRUE
syn-0239,61600.0,29200.0,11000.0,765,SALARIED,5.8,54,2,EDUCATION,557000.0,120,CONSERVATIVE,TRUE
syn-0240,377400.0,116600.0,40100.0,609,SALARIED,9.7,56,3,BUSINESS,8166000.0,60,AGGRESSIVE,TRUE
syn-0241,26600.0,16300.0,4300.0,608,SALARIED,5.9,24,0,EDUCATION,249000.0,84,AGGRESSIVE,TRUE
syn-0242,384300.0,152300.0,10000.0,644,SALARIED,7.0,23,0,BUSINESS,8781000.0,120,MODERATE,TRUE
syn-0243,371300.0,235800.0,54100.0,722,RETIRED,4.4,49,2,PERSONAL,1438000.0,48,CONSERVATIVE,TRUE
syn-0244,53700.0,34100.0,3400.0,748,SELF_EMPLOYED,8.9,40,2,BUSINESS,1178000.0,84,MODERATE,TRUE
syn-0245,419400.0,125000.0,11100.0,700,SALARIED,3.9,38,2,EDUCATION,7225000.0,48,AGGRESSIVE,TRUE
syn-0246,62900.0,39300.0,200.0,712,SALARIED,5.6,45,0,BUSINESS,464000.0,36,MODERATE,TRUE
syn-0247,218500.0,95800.0,5500.0,658,SELF_EMPLOYED,6.6,40,2,EDUCATION,4862000.0,48,AGGRESSIVE,TRUE
syn-0248,64000.0,27900.0,10900.0,781,SELF_EMPLOYED,9.4,38,2,EDUCATION,465000.0,48,CONSERVATIVE,TRUE
syn-0249,310800.0,144000.0,14200.0,603,RETIRED,8.8,57,2,PERSONAL,1402000.0,36,CONSERVATIVE,TRUE
syn-0250,66500.0,17000.0,6000.0,741,CONTRACT,13.0,25,3,EDUCATION,1522000.0,84,CONSERVATIVE,TRUE
syn-0251,37400.0,25500.0,1900.0,707,SALARIED,0.3,37,2,MEDICAL,287000.0,24,CONSERVATIVE,TRUE
syn-0252,58500.0,16600.0,7800.0,776,SALARIED,1.3,45,0,BUSINESS,605000.0,24,AGGRESSIVE,TRUE
syn-0253,126400.0,79400.0,14100.0,763,SALARIED,10.7,42,1,EDUCATION,2551000.0,48,CONSERVATIVE,TRUE
syn-0254,236400.0,88700.0,25600.0,896,SELF_EMPLOYED,16.2,23,1,BUSINESS,2142000.0,84,CONSERVATIVE,TRUE
syn-0255,60000.0,31300.0,300.0,900,SELF_EMPLOYED,0.6,29,0,BUSINESS,1485000.0,24,CONSERVATIVE,TRUE
syn-0256,169000.0,91000.0,29000.0,462,SELF_EMPLOYED,6.3,58,0,EDUCATION,1437000.0,60,CONSERVATIVE,TRUE
syn-0257,119400.0,35000.0,3100.0,653,SELF_EMPLOYED,3.4,51,0,BUSINESS,2377000.0,120,MODERATE,TRUE
syn-0258,235200.0,64300.0,27700.0,763,SALARIED,6.7,44,1,EDUCATION,1150000.0,36,MODERATE,TRUE
syn-0259,31400.0,15400.0,4200.0,747,SALARIED,0.0,27,2,HOME,730000.0,60,CONSERVATIVE,TRUE
syn-0260,41100.0,23200.0,7300.0,708,CONTRACT,0.7,28,2,MEDICAL,57000.0,60,AGGRESSIVE,TRUE
syn-0261,174500.0,64200.0,27200.0,754,SALARIED,3.5,29,0,EDUCATION,1835000.0,48,MODERATE,TRUE
syn-0262,48000.0,31200.0,6800.0,767,SALARIED,1.4,43,2,HOME,1639000.0,84,MODERATE,TRUE
syn-0263,164500.0,86400.0,27800.0,544,SALARIED,0.7,43,0,PERSONAL,1249000.0,48,AGGRESSIVE,TRUE
syn-0264,327400.0,232700.0,40000.0,804,SALARIED,13.4,50,0,EDUCATION,2073000.0,84,CONSERVATIVE,TRUE
syn-0265,53100.0,18600.0,400.0,786,CONTRACT,5.1,33,1,HOME,2030000.0,84,MODERATE,TRUE
syn-0266,88400.0,33400.0,600.0,762,SELF_EMPLOYED,9.8,58,2,BUSINESS,2625000.0,120,AGGRESSIVE,TRUE
syn-0267,35800.0,25600.0,4000.0,689,SELF_EMPLOYED,12.7,47,0,VEHICLE,489000.0,36,MODERATE,TRUE
syn-0268,142100.0,51600.0,11500.0,852,SELF_EMPLOYED,13.5,47,2,EDUCATION,1891000.0,60,CONSERVATIVE,TRUE
syn-0269,36600.0,25700.0,5600.0,686,SELF_EMPLOYED,8.4,55,1,BUSINESS,801000.0,36,AGGRESSIVE,TRUE
syn-0270,267600.0,152700.0,6300.0,657,RETIRED,6.9,40,0,HOME,3505000.0,180,CONSERVATIVE,TRUE
syn-0271,36400.0,20400.0,6000.0,805,SELF_EMPLOYED,1.7,40,2,HOME,1088000.0,180,CONSERVATIVE,TRUE
syn-0272,154000.0,110700.0,26700.0,600,CONTRACT,1.5,32,0,BUSINESS,3701000.0,120,MODERATE,TRUE
syn-0273,31000.0,16100.0,3300.0,587,SELF_EMPLOYED,5.3,44,2,MEDICAL,188000.0,48,AGGRESSIVE,TRUE
syn-0274,38500.0,15700.0,1200.0,815,SALARIED,0.3,54,0,VEHICLE,193000.0,36,AGGRESSIVE,TRUE
syn-0275,225300.0,126700.0,34700.0,675,CONTRACT,0.7,51,1,MEDICAL,1337000.0,36,CONSERVATIVE,TRUE
syn-0276,150100.0,102600.0,1600.0,698,SALARIED,9.4,58,1,EDUCATION,2226000.0,120,MODERATE,TRUE
syn-0277,253700.0,147900.0,45400.0,691,SALARIED,6.4,56,2,BUSINESS,6424000.0,120,CONSERVATIVE,TRUE
syn-0278,452500.0,190900.0,28400.0,802,SELF_EMPLOYED,8.2,61,3,MEDICAL,1938000.0,12,CONSERVATIVE,TRUE
syn-0279,67000.0,42300.0,2700.0,655,SALARIED,3.5,59,1,HOME,2348000.0,180,MODERATE,TRUE
syn-0280,28000.0,16600.0,2700.0,766,SALARIED,12.0,59,1,EDUCATION,472000.0,36,AGGRESSIVE,TRUE
syn-0281,260800.0,167400.0,33600.0,641,SALARIED,5.6,60,3,VEHICLE,3995000.0,36,MODERATE,TRUE
syn-0282,289800.0,100900.0,48700.0,822,SALARIED,6.0,33,0,VEHICLE,2897000.0,24,CONSERVATIVE,TRUE
syn-0283,77100.0,47100.0,5300.0,690,CONTRACT,10.4,50,2,BUSINESS,2063000.0,60,AGGRESSIVE,TRUE
syn-0284,162500.0,52900.0,22000.0,759,SALARIED,9.7,31,1,MEDICAL,676000.0,60,CONSERVATIVE,TRUE
syn-0285,66500.0,41200.0,7200.0,803,SALARIED,9.0,44,3,PERSONAL,556000.0,24,AGGRESSIVE,TRUE
syn-0286,130300.0,64100.0,400.0,668,SALARIED,0.9,35,0,MEDICAL,243000.0,12,AGGRESSIVE,TRUE
syn-0287,253700.0,177300.0,14400.0,609,SALARIED,6.3,34,3,VEHICLE,2386000.0,24,MODERATE,TRUE
syn-0288,368300.0,248700.0,60600.0,829,SALARIED,7.6,32,0,VEHICLE,3745000.0,84,AGGRESSIVE,TRUE
syn-0289,153000.0,95000.0,3700.0,900,SALARIED,4.5,24,2,PERSONAL,859000.0,48,AGGRESSIVE,TRUE
syn-0290,153800.0,78300.0,5500.0,735,SELF_EMPLOYED,6.6,48,2,PERSONAL,444000.0,12,MODERATE,TRUE
syn-0291,347900.0,110600.0,7500.0,463,SALARIED,12.2,60,2,PERSONAL,2574000.0,36,AGGRESSIVE,TRUE
syn-0292,319100.0,132600.0,53400.0,629,SELF_EMPLOYED,5.0,33,0,BUSINESS,8517000.0,24,AGGRESSIVE,TRUE
syn-0293,355500.0,205800.0,55000.0,765,CONTRACT,1.4,27,2,BUSINESS,10575000.0,120,AGGRESSIVE,TRUE
syn-0294,117000.0,45200.0,13400.0,777,SALARIED,2.6,26,0,PERSONAL,495000.0,48,AGGRESSIVE,TRUE
syn-0295,83500.0,41300.0,8500.0,695,SALARIED,12.3,34,3,MEDICAL,575000.0,12,MODERATE,TRUE
syn-0296,25500.0,10400.0,3100.0,794,SELF_EMPLOYED,10.0,51,2,HOME,1071000.0,240,CONSERVATIVE,TRUE
syn-0297,147500.0,70500.0,8300.0,785,SALARIED,9.9,48,3,VEHICLE,2337000.0,12,CONSERVATIVE,TRUE
syn-0298,172300.0,100800.0,15500.0,738,SALARIED,4.6,36,1,HOME,8141000.0,84,CONSERVATIVE,TRUE
syn-0299,203800.0,77700.0,4400.0,570,SALARIED,7.5,53,2,MEDICAL,1195000.0,36,AGGRESSIVE,TRUE
syn-0300,60200.0,17100.0,5100.0,698,SALARIED,7.7,54,2,HOME,1855000.0,240,CONSERVATIVE,TRUE
syn-0301,254500.0,106300.0,31400.0,642,SELF_EMPLOYED,8.6,41,2,MEDICAL,1447000.0,12,MODERATE,TRUE
syn-0302,55000.0,17600.0,6900.0,710,SALARIED,9.7,45,2,MEDICAL,394000.0,60,MODERATE,TRUE
syn-0303,25400.0,16500.0,2600.0,669,SALARIED,4.3,45,0,VEHICLE,83000.0,36,AGGRESSIVE,TRUE
syn-0304,143900.0,43600.0,21800.0,739,SALARIED,10.8,62,3,MEDICAL,1055000.0,24,AGGRESSIVE,TRUE
syn-0305,50200.0,32600.0,7400.0,744,RETIRED,6.0,61,3,HOME,1141000.0,60,AGGRESSIVE,TRUE
syn-0306,179900.0,106700.0,29600.0,832,CONTRACT,7.9,47,3,HOME,8578000.0,180,MODERATE,TRUE
syn-0307,189000.0,55800.0,13300.0,793,SELF_EMPLOYED,8.1,58,0,EDUCATION,1321000.0,24,CONSERVATIVE,TRUE
syn-0308,118800.0,30500.0,14700.0,600,CONTRACT,2.8,49,0,EDUCATION,1060000.0,24,MODERATE,TRUE
syn-0309,40200.0,27400.0,6000.0,667,SALARIED,1.9,33,2,BUSINESS,1000000.0,84,AGGRESSIVE,TRUE
syn-0310,71300.0,18900.0,9300.0,609,SALARIED,5.6,48,2,EDUCATION,1038000.0,84,AGGRESSIVE,TRUE
syn-0311,67500.0,20100.0,1300.0,553,SALARIED,3.8,26,1,MEDICAL,214000.0,60,MODERATE,TRUE
syn-0312,463200.0,279900.0,75700.0,618,SELF_EMPLOYED,9.3,31,2,MEDICAL,3271000.0,24,AGGRESSIVE,TRUE
syn-0313,39600.0,13200.0,4000.0,639,SALARIED,6.9,50,0,HOME,631000.0,180,AGGRESSIVE,TRUE
syn-0314,41900.0,21500.0,600.0,788,SELF_EMPLOYED,2.5,41,3,VEHICLE,440000.0,24,AGGRESSIVE,TRUE
syn-0315,143900.0,67100.0,2600.0,603,SALARIED,2.9,32,2,VEHICLE,564000.0,48,AGGRESSIVE,TRUE
syn-0316,39100.0,16600.0,2000.0,598,SELF_EMPLOYED,1.8,42,2,HOME,559000.0,120,CONSERVATIVE,TRUE
syn-0317,407400.0,150200.0,42900.0,606,SALARIED,0.6,43,1,MEDICAL,495000.0,12,MODERATE,TRUE
syn-0318,105800.0,51500.0,300.0,567,SALARIED,4.7,46,0,HOME,3789000.0,240,AGGRESSIVE,TRUE
syn-0319,406800.0,136700.0,59000.0,900,SALARIED,4.8,35,3,VEHICLE,6394000.0,84,AGGRESSIVE,TRUE
syn-0320,288800.0,143300.0,1000.0,740,SELF_EMPLOYED,1.4,37,0,VEHICLE,3612000.0,60,MODERATE,TRUE
syn-0321,168100.0,105800.0,22300.0,691,SALARIED,0.9,41,0,BUSINESS,1145000.0,84,CONSERVATIVE,TRUE
syn-0322,80900.0,56100.0,6200.0,612,RETIRED,3.8,57,0,BUSINESS,2178000.0,84,MODERATE,TRUE
syn-0323,411000.0,240500.0,20200.0,634,SELF_EMPLOYED,0.6,61,1,PERSONAL,1230000.0,48,CONSERVATIVE,TRUE
syn-0324,493300.0,314000.0,56800.0,544,SELF_EMPLOYED,3.7,37,0,EDUCATION,11370000.0,84,CONSERVATIVE,TRUE
syn-0325,258800.0,96400.0,20000.0,783,CONTRACT,8.8,45,0,MEDICAL,1761000.0,36,MODERATE,TRUE
syn-0326,40700.0,10900.0,1600.0,881,SALARIED,4.3,35,3,PERSONAL,251000.0,24,AGGRESSIVE,TRUE
syn-0327,73200.0,21600.0,6900.0,762,SALARIED,9.5,62,2,PERSONAL,743000.0,24,CONSERVATIVE,TRUE
syn-0328,32100.0,9400.0,4800.0,748,SALARIED,7.4,60,0,BUSINESS,372000.0,120,CONSERVATIVE,TRUE
syn-0329,55200.0,17300.0,8000.0,843,SALARIED,0.9,25,0,MEDICAL,353000.0,36,CONSERVATIVE,TRUE
syn-0330,181300.0,60600.0,19200.0,677,SALARIED,2.5,39,1,BUSINESS,5377000.0,48,CONSERVATIVE,TRUE
syn-0331,410200.0,152700.0,14500.0,773,SALARIED,7.4,58,2,VEHICLE,4826000.0,12,AGGRESSIVE,TRUE
syn-0332,110900.0,70400.0,9000.0,832,SELF_EMPLOYED,8.7,59,2,HOME,2648000.0,84,MODERATE,TRUE
syn-0333,447400.0,300100.0,71300.0,659,SELF_EMPLOYED,4.8,31,2,EDUCATION,4623000.0,84,CONSERVATIVE,TRUE
syn-0334,137600.0,96700.0,9600.0,553,SALARIED,15.9,51,0,HOME,7410000.0,240,MODERATE,TRUE
syn-0335,140600.0,36300.0,1700.0,579,SALARIED,7.5,50,0,MEDICAL,1149000.0,48,CONSERVATIVE,TRUE
syn-0336,262200.0,130800.0,25800.0,768,SALARIED,5.3,60,1,HOME,12185000.0,180,CONSERVATIVE,TRUE
syn-0337,86700.0,39400.0,13100.0,728,SALARIED,8.2,41,2,VEHICLE,989000.0,84,MODERATE,TRUE
syn-0338,84700.0,43200.0,3500.0,707,SELF_EMPLOYED,3.3,44,0,BUSINESS,1745000.0,60,MODERATE,TRUE
syn-0339,413500.0,193900.0,4300.0,733,SELF_EMPLOYED,4.5,34,2,HOME,7321000.0,240,MODERATE,TRUE
syn-0340,27700.0,17400.0,1600.0,816,SELF_EMPLOYED,4.1,48,2,HOME,1400000.0,60,CONSERVATIVE,TRUE
syn-0341,29500.0,16100.0,1200.0,675,SALARIED,6.1,43,0,HOME,1575000.0,180,MODERATE,TRUE
syn-0342,391400.0,124900.0,52000.0,661,SELF_EMPLOYED,7.6,31,0,PERSONAL,1855000.0,36,MODERATE,TRUE
syn-0343,25200.0,9800.0,2100.0,797,SALARIED,3.3,52,0,MEDICAL,194000.0,60,CONSERVATIVE,TRUE
syn-0344,257900.0,167900.0,38700.0,801,SALARIED,3.5,60,2,VEHICLE,1269000.0,48,AGGRESSIVE,TRUE
syn-0345,65200.0,18100.0,1700.0,814,SALARIED,3.1,34,3,EDUCATION,1450000.0,84,AGGRESSIVE,TRUE
syn-0346,444600.0,133400.0,36200.0,683,SELF_EMPLOYED,0.8,59,2,HOME,10977000.0,120,CONSERVATIVE,TRUE
syn-0347,463100.0,295500.0,66100.0,590,SELF_EMPLOYED,12.2,58,3,MEDICAL,3767000.0,48,AGGRESSIVE,TRUE
syn-0348,342400.0,89400.0,26700.0,755,SELF_EMPLOYED,13.4,55,2,VEHICLE,5571000.0,24,AGGRESSIVE,TRUE
syn-0349,172500.0,88500.0,19700.0,614,SALARIED,6.1,62,0,PERSONAL,1795000.0,24,MODERATE,TRUE
syn-0350,32400.0,21300.0,800.0,615,SALARIED,4.0,58,2,VEHICLE,348000.0,60,AGGRESSIVE,TRUE
syn-0351,174200.0,52900.0,28900.0,712,SALARIED,8.9,38,0,BUSINESS,4751000.0,48,CONSERVATIVE,TRUE
syn-0352,135600.0,67100.0,19100.0,567,SALARIED,1.3,50,0,HOME,6043000.0,60,CONSERVATIVE,TRUE
syn-0353,43500.0,23400.0,1200.0,866,SALARIED,15.2,62,1,HOME,780000.0,180,MODERATE,TRUE
syn-0354,238300.0,148500.0,25200.0,791,SALARIED,15.6,26,0,MEDICAL,996000.0,12,AGGRESSIVE,TRUE
syn-0355,178800.0,65500.0,24100.0,604,CONTRACT,7.2,52,3,HOME,8478000.0,84,AGGRESSIVE,TRUE
syn-0356,278500.0,115600.0,19200.0,649,SALARIED,6.1,45,2,PERSONAL,670000.0,12,CONSERVATIVE,TRUE
syn-0357,48000.0,21500.0,6600.0,689,SELF_EMPLOYED,6.1,52,2,PERSONAL,233000.0,24,MODERATE,TRUE
syn-0358,77400.0,28700.0,13800.0,651,CONTRACT,3.7,32,2,VEHICLE,516000.0,60,AGGRESSIVE,TRUE
syn-0359,63300.0,32300.0,1800.0,592,SALARIED,8.2,37,0,EDUCATION,363000.0,24,MODERATE,TRUE
syn-0360,49200.0,35200.0,2600.0,636,CONTRACT,8.2,30,2,BUSINESS,592000.0,36,MODERATE,TRUE
syn-0361,31900.0,18300.0,1800.0,757,SALARIED,1.0,36,0,MEDICAL,183000.0,12,CONSERVATIVE,TRUE
syn-0362,71300.0,35000.0,2500.0,601,SALARIED,11.2,47,2,EDUCATION,1089000.0,60,CONSERVATIVE,TRUE
syn-0363,124600.0,36600.0,5800.0,815,SELF_EMPLOYED,5.4,45,2,BUSINESS,2042000.0,24,AGGRESSIVE,TRUE
syn-0364,96900.0,32400.0,17200.0,738,SALARIED,4.0,25,2,HOME,4446000.0,60,AGGRESSIVE,TRUE
syn-0365,301600.0,89900.0,40700.0,654,SALARIED,10.2,29,0,VEHICLE,1786000.0,48,AGGRESSIVE,TRUE
syn-0366,414100.0,210600.0,41500.0,793,SELF_EMPLOYED,5.6,48,1,HOME,9642000.0,120,AGGRESSIVE,TRUE
syn-0367,238000.0,162600.0,25300.0,664,SALARIED,4.4,27,0,BUSINESS,6699000.0,60,CONSERVATIVE,TRUE
syn-0368,50800.0,15700.0,7600.0,604,SELF_EMPLOYED,2.9,31,0,HOME,1585000.0,240,CONSERVATIVE,TRUE
syn-0369,498800.0,174900.0,2800.0,729,SALARIED,13.8,42,2,HOME,17594000.0,240,AGGRESSIVE,TRUE
syn-0370,44300.0,16800.0,6400.0,810,SELF_EMPLOYED,10.8,35,0,BUSINESS,569000.0,120,AGGRESSIVE,TRUE
syn-0371,164700.0,71400.0,20100.0,743,SALARIED,11.6,42,1,VEHICLE,1656000.0,84,CONSERVATIVE,TRUE
syn-0372,32000.0,22900.0,3100.0,679,SALARIED,3.0,51,2,MEDICAL,152000.0,24,MODERATE,TRUE
syn-0373,99700.0,53200.0,7700.0,668,SALARIED,6.5,60,0,BUSINESS,756000.0,120,CONSERVATIVE,TRUE
syn-0374,193700.0,69700.0,2800.0,754,RETIRED,0.4,49,1,BUSINESS,1609000.0,24,CONSERVATIVE,TRUE
syn-0375,374400.0,142300.0,38700.0,661,SALARIED,5.7,46,3,PERSONAL,991000.0,48,CONSERVATIVE,TRUE
syn-0376,170300.0,86900.0,12000.0,737,SALARIED,10.7,35,1,HOME,5717000.0,120,AGGRESSIVE,TRUE
syn-0377,38800.0,12200.0,1800.0,672,SALARIED,1.5,38,0,PERSONAL,310000.0,36,CONSERVATIVE,TRUE
syn-0378,32000.0,11800.0,3600.0,655,SALARIED,1.9,55,2,EDUCATION,258000.0,36,AGGRESSIVE,TRUE
syn-0379,26500.0,18500.0,3200.0,780,SELF_EMPLOYED,9.9,51,1,PERSONAL,281000.0,48,MODERATE,TRUE
syn-0380,31200.0,10900.0,2200.0,729,SELF_EMPLOYED,7.0,32,1,HOME,491000.0,60,AGGRESSIVE,TRUE
syn-0381,29500.0,8300.0,4700.0,578,SALARIED,12.1,42,2,VEHICLE,213000.0,48,AGGRESSIVE,TRUE
syn-0382,35000.0,22400.0,1700.0,900,CONTRACT,2.1,36,0,EDUCATION,842000.0,84,AGGRESSIVE,TRUE
syn-0383,29800.0,13500.0,700.0,650,SALARIED,3.9,47,1,HOME,886000.0,120,MODERATE,TRUE
syn-0384,185400.0,94900.0,32900.0,627,SALARIED,11.7,29,3,BUSINESS,1182000.0,48,MODERATE,TRUE
syn-0385,54600.0,35400.0,3200.0,677,SELF_EMPLOYED,7.8,61,2,HOME,2945000.0,60,MODERATE,TRUE
syn-0386,336100.0,132500.0,16100.0,731,SALARIED,13.0,27,0,BUSINESS,3139000.0,84,MODERATE,TRUE
syn-0387,119600.0,85100.0,9600.0,624,SALARIED,5.3,49,3,HOME,3683000.0,180,MODERATE,TRUE
syn-0388,156400.0,66000.0,23500.0,733,SELF_EMPLOYED,8.3,46,3,PERSONAL,1415000.0,24,MODERATE,TRUE
syn-0389,109400.0,42900.0,10200.0,655,SALARIED,16.0,56,2,PERSONAL,234000.0,36,CONSERVATIVE,TRUE
syn-0390,25200.0,13100.0,3600.0,741,SALARIED,13.4,62,2,PERSONAL,165000.0,24,CONSERVATIVE,TRUE
syn-0391,241100.0,61400.0,6500.0,658,SELF_EMPLOYED,6.1,61,3,EDUCATION,5999000.0,84,CONSERVATIVE,TRUE
syn-0392,215600.0,93200.0,7100.0,635,SALARIED,2.9,55,1,VEHICLE,3476000.0,12,CONSERVATIVE,TRUE
syn-0393,46300.0,17600.0,5700.0,759,SELF_EMPLOYED,8.0,57,0,MEDICAL,375000.0,24,CONSERVATIVE,TRUE
syn-0394,32500.0,19500.0,3400.0,645,SALARIED,7.6,28,0,EDUCATION,269000.0,84,AGGRESSIVE,TRUE
syn-0395,218000.0,62000.0,31000.0,624,SALARIED,5.8,26,2,MEDICAL,397000.0,36,AGGRESSIVE,TRUE
syn-0396,447400.0,164800.0,38500.0,721,SALARIED,4.3,49,0,EDUCATION,8632000.0,120,AGGRESSIVE,TRUE
syn-0397,183600.0,124000.0,32500.0,659,SALARIED,0.6,29,0,VEHICLE,2220000.0,24,CONSERVATIVE,TRUE
syn-0398,42600.0,15600.0,6500.0,725,SALARIED,10.2,29,1,HOME,1137000.0,180,AGGRESSIVE,TRUE
syn-0399,44300.0,12300.0,2000.0,832,SELF_EMPLOYED,6.1,36,2,HOME,1404000.0,60,MODERATE,TRUE
syn-0400,195900.0,76000.0,24500.0,528,CONTRACT,9.0,30,0,HOME,7414000.0,120,AGGRESSIVE,TRUE
syn-0401,89800.0,33200.0,12000.0,837,RETIRED,14.0,29,2,VEHICLE,420000.0,24,AGGRESSIVE,TRUE
syn-0402,139200.0,81600.0,23800.0,819,CONTRACT,7.8,44,0,BUSINESS,3844000.0,36,AGGRESSIVE,TRUE
syn-0403,87700.0,25300.0,15300.0,671,SALARIED,4.4,34,1,PERSONAL,420000.0,36,CONSERVATIVE,TRUE
syn-0404,25200.0,17700.0,1400.0,744,SALARIED,5.5,28,2,BUSINESS,359000.0,24,MODERATE,TRUE
syn-0405,272500.0,176300.0,4500.0,768,SELF_EMPLOYED,19.4,55,0,VEHICLE,1684000.0,36,CONSERVATIVE,TRUE
syn-0406,116000.0,81900.0,9400.0,742,SALARIED,17.3,32,0,HOME,3367000.0,84,MODERATE,TRUE
syn-0407,97500.0,62000.0,5000.0,724,RETIRED,19.8,55,2,BUSINESS,2018000.0,48,MODERATE,TRUE
syn-0408,287900.0,199300.0,48800.0,678,SALARIED,6.4,51,3,EDUCATION,3668000.0,60,MODERATE,TRUE
syn-0409,344200.0,216900.0,60200.0,788,SALARIED,8.4,33,3,MEDICAL,1480000.0,36,MODERATE,TRUE
syn-0410,217300.0,131300.0,32800.0,720,SELF_EMPLOYED,2.4,40,2,HOME,2733000.0,120,CONSERVATIVE,TRUE
syn-0411,440200.0,118500.0,39300.0,605,SALARIED,1.7,42,1,VEHICLE,5329000.0,36,CONSERVATIVE,TRUE
syn-0412,46700.0,27800.0,4900.0,658,SALARIED,5.5,55,1,HOME,1081000.0,180,AGGRESSIVE,TRUE
syn-0413,72500.0,25900.0,5100.0,723,SALARIED,2.5,39,1,HOME,2799000.0,120,AGGRESSIVE,TRUE
syn-0414,65300.0,40200.0,11200.0,667,SELF_EMPLOYED,3.3,35,0,MEDICAL,467000.0,60,CONSERVATIVE,TRUE
syn-0415,320100.0,139100.0,45000.0,802,SALARIED,9.5,45,1,BUSINESS,4035000.0,120,MODERATE,TRUE
syn-0416,216700.0,56200.0,37300.0,610,SALARIED,12.5,28,2,EDUCATION,1875000.0,48,CONSERVATIVE,TRUE
syn-0417,35900.0,13000.0,500.0,606,SELF_EMPLOYED,0.7,28,2,BUSINESS,458000.0,36,MODERATE,TRUE
syn-0418,29900.0,12800.0,900.0,791,SALARIED,8.6,29,1,MEDICAL,73000.0,12,MODERATE,TRUE
syn-0419,146400.0,71800.0,15100.0,839,SELF_EMPLOYED,8.1,31,3,VEHICLE,1935000.0,24,CONSERVATIVE,TRUE
syn-0420,34200.0,11300.0,4700.0,712,SALARIED,15.4,42,0,BUSINESS,692000.0,60,CONSERVATIVE,TRUE
syn-0421,259400.0,110400.0,20700.0,648,SALARIED,0.7,38,2,MEDICAL,1875000.0,60,MODERATE,TRUE
syn-0422,33200.0,13100.0,2400.0,573,SELF_EMPLOYED,9.7,32,0,HOME,1753000.0,84,MODERATE,TRUE
syn-0423,475000.0,286200.0,12700.0,569,SELF_EMPLOYED,11.4,29,2,PERSONAL,4072000.0,48,MODERATE,TRUE
syn-0424,233600.0,150200.0,6200.0,615,SALARIED,14.5,36,2,HOME,12591000.0,84,MODERATE,TRUE
syn-0425,33400.0,12900.0,3700.0,677,SALARIED,7.9,59,0,MEDICAL,173000.0,36,MODERATE,TRUE
syn-0426,295500.0,85000.0,43200.0,648,SALARIED,5.4,54,2,PERSONAL,3125000.0,12,AGGRESSIVE,TRUE
syn-0427,470100.0,322700.0,75900.0,663,SELF_EMPLOYED,2.6,51,2,PERSONAL,2618000.0,24,MODERATE,TRUE
syn-0428,117700.0,30700.0,13400.0,812,SALARIED,6.7,29,3,EDUCATION,1696000.0,24,AGGRESSIVE,TRUE
syn-0429,75400.0,35200.0,12600.0,800,SELF_EMPLOYED,0.8,60,2,BUSINESS,1788000.0,48,CONSERVATIVE,TRUE
syn-0430,75800.0,42900.0,1600.0,650,SALARIED,5.4,49,2,PERSONAL,754000.0,24,AGGRESSIVE,TRUE
syn-0431,31000.0,11500.0,2800.0,589,SELF_EMPLOYED,3.8,24,0,VEHICLE,131000.0,48,AGGRESSIVE,TRUE
syn-0432,179300.0,114700.0,12800.0,697,SELF_EMPLOYED,1.6,38,0,PERSONAL,1486000.0,36,CONSERVATIVE,TRUE
syn-0433,62500.0,24100.0,3000.0,723,SALARIED,9.0,40,2,MEDICAL,507000.0,12,MODERATE,TRUE
syn-0434,233300.0,107000.0,36700.0,603,RETIRED,4.0,24,0,MEDICAL,800000.0,36,CONSERVATIVE,TRUE
syn-0435,36500.0,16600.0,4500.0,835,SALARIED,3.4,55,2,BUSINESS,249000.0,120,CONSERVATIVE,TRUE
syn-0436,203200.0,55200.0,23100.0,832,RETIRED,6.5,45,0,BUSINESS,1079000.0,84,AGGRESSIVE,TRUE
syn-0437,52900.0,33600.0,6400.0,900,SALARIED,17.6,38,2,BUSINESS,1376000.0,36,CONSERVATIVE,TRUE
syn-0438,45000.0,13200.0,400.0,700,SALARIED,7.2,35,3,MEDICAL,123000.0,48,MODERATE,TRUE
syn-0439,38000.0,10200.0,2000.0,601,CONTRACT,16.3,59,0,HOME,2023000.0,240,CONSERVATIVE,TRUE
syn-0440,195600.0,124800.0,24900.0,730,SALARIED,5.3,51,2,MEDICAL,714000.0,60,AGGRESSIVE,TRUE
syn-0441,43600.0,27400.0,6400.0,769,SELF_EMPLOYED,2.4,35,1,BUSINESS,887000.0,60,MODERATE,TRUE
syn-0442,133900.0,88600.0,5600.0,559,SALARIED,6.1,55,0,BUSINESS,3601000.0,48,CONSERVATIVE,TRUE
syn-0443,48000.0,30500.0,7200.0,742,SELF_EMPLOYED,0.5,24,0,HOME,1678000.0,60,CONSERVATIVE,TRUE
syn-0444,55500.0,20400.0,5500.0,706,SALARIED,3.2,31,0,VEHICLE,473000.0,84,CONSERVATIVE,TRUE
syn-0445,212500.0,77400.0,8000.0,742,SELF_EMPLOYED,2.7,24,0,HOME,6127000.0,120,MODERATE,TRUE
syn-0446,137200.0,78000.0,8400.0,785,SALARIED,9.4,45,2,VEHICLE,1810000.0,48,MODERATE,TRUE
syn-0447,117800.0,50300.0,1600.0,684,SALARIED,1.2,60,3,PERSONAL,640000.0,12,AGGRESSIVE,TRUE
syn-0448,41900.0,22900.0,4200.0,833,SALARIED,6.5,61,2,PERSONAL,235000.0,48,MODERATE,TRUE
syn-0449,99400.0,55900.0,6100.0,790,SALARIED,0.6,36,0,EDUCATION,993000.0,24,MODERATE,TRUE
syn-0450,83000.0,22500.0,6300.0,854,SALARIED,7.0,42,0,VEHICLE,1230000.0,12,AGGRESSIVE,TRUE
syn-0451,95300.0,62500.0,8700.0,783,SALARIED,10.1,30,2,MEDICAL,744000.0,24,MODERATE,TRUE
syn-0452,295000.0,143300.0,12100.0,672,CONTRACT,0.2,36,1,MEDICAL,2248000.0,24,MODERATE,TRUE
syn-0453,72200.0,42000.0,4500.0,875,SALARIED,3.8,23,0,BUSINESS,1002000.0,60,AGGRESSIVE,TRUE
syn-0454,92500.0,58300.0,11600.0,624,RETIRED,14.7,61,2,BUSINESS,1339000.0,36,AGGRESSIVE,TRUE
syn-0455,37000.0,12900.0,2400.0,656,SELF_EMPLOYED,1.2,62,0,PERSONAL,70000.0,12,MODERATE,TRUE
syn-0456,260100.0,73500.0,19000.0,788,SELF_EMPLOYED,11.1,62,0,VEHICLE,1148000.0,60,AGGRESSIVE,TRUE
syn-0457,462200.0,228600.0,21200.0,705,SELF_EMPLOYED,13.3,28,3,PERSONAL,3290000.0,12,CONSERVATIVE,TRUE
syn-0458,214400.0,59400.0,1300.0,678,SALARIED,7.6,26,2,VEHICLE,2494000.0,12,MODERATE,TRUE
syn-0459,270600.0,77900.0,13000.0,562,SELF_EMPLOYED,7.8,44,2,HOME,10050000.0,60,AGGRESSIVE,TRUE
syn-0460,164300.0,109800.0,14000.0,619,SALARIED,1.1,44,3,VEHICLE,1780000.0,36,CONSERVATIVE,TRUE
syn-0461,189000.0,72800.0,29200.0,761,SELF_EMPLOYED,7.9,52,0,EDUCATION,4216000.0,36,CONSERVATIVE,TRUE
syn-0462,119700.0,42900.0,4000.0,746,SALARIED,4.2,58,2,EDUCATION,2822000.0,48,CONSERVATIVE,TRUE
syn-0463,265500.0,145300.0,47400.0,793,SALARIED,4.4,26,0,BUSINESS,6484000.0,60,CONSERVATIVE,TRUE
syn-0464,114000.0,80000.0,2200.0,720,SALARIED,0.4,23,0,VEHICLE,1582000.0,60,AGGRESSIVE,TRUE
syn-0465,140000.0,46100.0,24300.0,713,SALARIED,3.8,38,0,MEDICAL,338000.0,24,CONSERVATIVE,TRUE
syn-0466,205900.0,145500.0,8400.0,691,SALARIED,12.7,37,2,HOME,5764000.0,60,CONSERVATIVE,TRUE
syn-0467,294800.0,84700.0,38100.0,755,SELF_EMPLOYED,2.7,55,0,PERSONAL,1932000.0,12,AGGRESSIVE,TRUE
syn-0468,162300.0,45400.0,900.0,746,CONTRACT,5.8,61,3,PERSONAL,820000.0,48,AGGRESSIVE,TRUE
syn-0469,28100.0,7900.0,3500.0,709,SELF_EMPLOYED,9.0,58,0,PERSONAL,176000.0,24,AGGRESSIVE,TRUE
syn-0470,407600.0,276300.0,59300.0,722,SELF_EMPLOYED,0.7,60,3,BUSINESS,6727000.0,24,AGGRESSIVE,TRUE
syn-0471,60500.0,25800.0,5000.0,630,SELF_EMPLOYED,1.3,39,0,VEHICLE,944000.0,12,CONSERVATIVE,TRUE
syn-0472,326400.0,91700.0,32900.0,746,SALARIED,4.6,61,1,EDUCATION,1853000.0,60,CONSERVATIVE,TRUE
syn-0473,409300.0,102400.0,18100.0,869,SELF_EMPLOYED,0.8,47,2,EDUCATION,6898000.0,84,AGGRESSIVE,TRUE
syn-0474,68400.0,35500.0,9100.0,900,CONTRACT,8.0,33,0,MEDICAL,382000.0,12,AGGRESSIVE,TRUE
syn-0475,358400.0,208300.0,34500.0,553,SALARIED,15.0,31,2,EDUCATION,4647000.0,120,CONSERVATIVE,TRUE
syn-0476,90400.0,60600.0,7100.0,801,SALARIED,4.2,34,2,HOME,2967000.0,60,MODERATE,TRUE
syn-0477,62300.0,19000.0,700.0,728,SELF_EMPLOYED,12.8,53,1,MEDICAL,294000.0,48,MODERATE,TRUE
syn-0478,149300.0,63600.0,14700.0,633,CONTRACT,2.6,61,0,VEHICLE,1404000.0,36,MODERATE,TRUE
syn-0479,150200.0,47900.0,10800.0,789,CONTRACT,14.3,58,0,MEDICAL,254000.0,36,AGGRESSIVE,TRUE
syn-0480,46900.0,32400.0,1900.0,783,CONTRACT,7.6,31,2,HOME,705000.0,60,CONSERVATIVE,TRUE
syn-0481,381500.0,229100.0,29900.0,749,SELF_EMPLOYED,10.2,51,1,HOME,12371000.0,240,CONSERVATIVE,TRUE
syn-0482,363400.0,187500.0,61900.0,642,SALARIED,5.2,61,0,EDUCATION,5369000.0,60,CONSERVATIVE,TRUE
syn-0483,251500.0,89800.0,23600.0,748,SELF_EMPLOYED,8.2,38,2,PERSONAL,2273000.0,36,AGGRESSIVE,TRUE
syn-0484,135500.0,92400.0,13900.0,703,SALARIED,13.8,37,0,EDUCATION,3525000.0,24,CONSERVATIVE,TRUE
syn-0485,30900.0,20100.0,3100.0,685,CONTRACT,4.7,46,2,BUSINESS,316000.0,24,AGGRESSIVE,TRUE
syn-0486,152500.0,42300.0,5600.0,707,SALARIED,2.0,32,0,MEDICAL,951000.0,12,AGGRESSIVE,TRUE
syn-0487,174300.0,101300.0,7800.0,555,SALARIED,8.9,40,0,MEDICAL,828000.0,36,AGGRESSIVE,TRUE
syn-0488,175000.0,109900.0,11100.0,848,SALARIED,8.3,61,3,BUSINESS,3011000.0,24,MODERATE,TRUE
syn-0489,241300.0,132800.0,15000.0,586,SALARIED,7.3,45,1,EDUCATION,2216000.0,24,AGGRESSIVE,TRUE
syn-0490,144200.0,92700.0,21600.0,785,SALARIED,10.5,35,3,VEHICLE,2116000.0,60,MODERATE,TRUE
syn-0491,42400.0,19400.0,1800.0,852,SALARIED,7.6,33,2,MEDICAL,189000.0,36,AGGRESSIVE,TRUE
syn-0492,39100.0,11000.0,3800.0,772,SALARIED,7.7,60,0,MEDICAL,125000.0,60,CONSERVATIVE,TRUE
syn-0493,468300.0,233700.0,5000.0,688,SALARIED,6.9,41,2,HOME,8749000.0,60,MODERATE,TRUE
syn-0494,437100.0,114200.0,22200.0,795,SELF_EMPLOYED,1.5,39,2,VEHICLE,6759000.0,36,AGGRESSIVE,TRUE
syn-0495,72800.0,29500.0,5600.0,690,SALARIED,9.9,25,3,HOME,3785000.0,240,MODERATE,TRUE
syn-0496,203000.0,126000.0,30900.0,620,RETIRED,8.4,56,1,VEHICLE,2844000.0,24,AGGRESSIVE,TRUE
syn-0497,63000.0,39600.0,11200.0,900,SALARIED,8.7,44,3,HOME,1258000.0,240,MODERATE,TRUE
syn-0498,75900.0,39400.0,6300.0,803,SELF_EMPLOYED,8.0,30,0,HOME,3301000.0,84,AGGRESSIVE,TRUE
syn-0499,51000.0,27000.0,4400.0,698,SALARIED,1.6,51,2,MEDICAL,411000.0,36,MODERATE,TRUE
syn-0500,27000.0,11200.0,3800.0,900,RETIRED,0.2,58,2,VEHICLE,103000.0,24,AGGRESSIVE,TRUE
syn-0501,419500.0,184900.0,21100.0,749,SELF_EMPLOYED,1.3,23,0,MEDICAL,3015000.0,24,MODERATE,TRUE
syn-0502,102200.0,25600.0,1600.0,665,SALARIED,1.2,26,0,VEHICLE,1573000.0,36,MODERATE,TRUE
syn-0503,141000.0,42000.0,9700.0,642,SELF_EMPLOYED,4.2,61,2,PERSONAL,1507000.0,48,AGGRESSIVE,TRUE
syn-0504,67100.0,18800.0,1800.0,788,SALARIED,1.8,49,3,BUSINESS,1790000.0,36,AGGRESSIVE,TRUE
syn-0505,263000.0,138600.0,12400.0,686,SELF_EMPLOYED,4.7,24,2,PERSONAL,509000.0,12,AGGRESSIVE,TRUE
syn-0506,80200.0,57500.0,12800.0,695,SELF_EMPLOYED,2.6,49,2,BUSINESS,950000.0,120,MODERATE,TRUE
syn-0507,488200.0,192200.0,62900.0,612,SALARIED,6.4,45,0,HOME,15197000.0,84,CONSERVATIVE,TRUE
syn-0508,135600.0,58100.0,4900.0,813,CONTRACT,0.7,43,3,BUSINESS,3957000.0,36,CONSERVATIVE,TRUE
syn-0509,373000.0,185100.0,58300.0,630,SALARIED,2.7,58,3,HOME,9757000.0,84,AGGRESSIVE,TRUE
syn-0510,326400.0,193000.0,3600.0,618,CONTRACT,11.0,56,0,PERSONAL,1225000.0,48,CONSERVATIVE,TRUE
syn-0511,126400.0,59700.0,16400.0,742,SELF_EMPLOYED,5.6,49,0,PERSONAL,342000.0,24,CONSERVATIVE,TRUE
syn-0512,31400.0,18400.0,3800.0,672,SELF_EMPLOYED,8.6,34,3,VEHICLE,453000.0,48,AGGRESSIVE,TRUE
syn-0513,29700.0,10700.0,3000.0,857,SALARIED,2.2,41,2,HOME,986000.0,180,AGGRESSIVE,TRUE
syn-0514,179300.0,67800.0,21100.0,858,SELF_EMPLOYED,8.1,40,1,BUSINESS,1926000.0,120,CONSERVATIVE,TRUE
syn-0515,41100.0,20900.0,300.0,784,SELF_EMPLOYED,11.0,23,1,EDUCATION,906000.0,60,CONSERVATIVE,TRUE
syn-0516,228300.0,59800.0,7800.0,718,CONTRACT,4.2,37,0,VEHICLE,959000.0,60,MODERATE,TRUE
syn-0517,71600.0,21900.0,2300.0,676,RETIRED,4.8,30,3,EDUCATION,1109000.0,84,CONSERVATIVE,TRUE
syn-0518,70000.0,27000.0,2300.0,708,SELF_EMPLOYED,3.5,58,3,PERSONAL,357000.0,24,CONSERVATIVE,TRUE
syn-0519,491100.0,148900.0,71500.0,716,SALARIED,0.4,61,3,VEHICLE,2737000.0,12,CONSERVATIVE,TRUE
syn-0520,115500.0,62900.0,18500.0,730,SALARIED,8.5,55,1,PERSONAL,253000.0,36,MODERATE,TRUE
syn-0521,164600.0,111800.0,18300.0,668,SALARIED,9.1,30,2,PERSONAL,865000.0,36,AGGRESSIVE,TRUE
syn-0522,247400.0,144500.0,27300.0,831,RETIRED,3.1,32,2,MEDICAL,879000.0,24,AGGRESSIVE,TRUE
syn-0523,83700.0,49000.0,11900.0,769,SALARIED,7.2,60,2,MEDICAL,332000.0,60,MODERATE,TRUE
syn-0524,187100.0,127600.0,28100.0,636,CONTRACT,3.8,45,2,EDUCATION,4169000.0,120,CONSERVATIVE,TRUE
syn-0525,222200.0,131000.0,19800.0,691,SALARIED,4.8,38,0,BUSINESS,6514000.0,120,CONSERVATIVE,TRUE
syn-0526,48600.0,23100.0,200.0,593,SELF_EMPLOYED,8.8,62,3,MEDICAL,324000.0,48,CONSERVATIVE,TRUE
syn-0527,101000.0,31400.0,600.0,804,SALARIED,2.9,24,2,MEDICAL,799000.0,48,CONSERVATIVE,TRUE
syn-0528,235500.0,70600.0,26900.0,646,SALARIED,3.2,29,2,MEDICAL,1426000.0,12,MODERATE,TRUE
syn-0529,80600.0,39700.0,7100.0,753,SELF_EMPLOYED,5.1,59,0,MEDICAL,203000.0,12,MODERATE,TRUE
syn-0530,58200.0,40800.0,5900.0,734,SALARIED,2.8,58,0,PERSONAL,312000.0,48,AGGRESSIVE,TRUE
syn-0531,123300.0,42900.0,17400.0,600,SALARIED,8.7,60,3,EDUCATION,1014000.0,84,AGGRESSIVE,TRUE
syn-0532,177900.0,99600.0,18200.0,668,SALARIED,14.0,59,2,HOME,7660000.0,240,MODERATE,TRUE
syn-0533,299300.0,88100.0,700.0,717,SELF_EMPLOYED,2.4,30,0,PERSONAL,1535000.0,48,MODERATE,TRUE
syn-0534,46400.0,31600.0,7300.0,807,SALARIED,4.1,37,3,BUSINESS,703000.0,48,CONSERVATIVE,TRUE
syn-0535,28900.0,10800.0,3800.0,773,SALARIED,5.1,23,2,BUSINESS,415000.0,120,CONSERVATIVE,TRUE
syn-0536,214300.0,137800.0,30600.0,823,SELF_EMPLOYED,1.6,43,2,VEHICLE,2451000.0,24,MODERATE,TRUE
syn-0537,78200.0,36700.0,3000.0,759,SALARIED,4.1,62,3,PERSONAL,150000.0,48,MODERATE,TRUE
syn-0538,31600.0,21300.0,3400.0,790,SALARIED,2.2,53,2,PERSONAL,218000.0,12,CONSERVATIVE,TRUE
syn-0539,98000.0,52000.0,6800.0,659,SALARIED,6.8,38,0,VEHICLE,921000.0,36,MODERATE,TRUE
syn-0540,36300.0,16100.0,4300.0,710,RETIRED,3.4,47,1,VEHICLE,220000.0,12,CONSERVATIVE,TRUE
syn-0541,29000.0,9100.0,2700.0,592,CONTRACT,8.5,28,3,HOME,555000.0,60,CONSERVATIVE,TRUE
syn-0542,57500.0,33000.0,9100.0,754,CONTRACT,6.7,26,3,EDUCATION,586000.0,24,MODERATE,TRUE
syn-0543,315000.0,103000.0,44600.0,816,SALARIED,3.0,56,3,EDUCATION,6753000.0,24,CONSERVATIVE,TRUE
syn-0544,64200.0,21100.0,5000.0,586,SALARIED,4.0,33,3,PERSONAL,678000.0,48,AGGRESSIVE,TRUE
syn-0545,252800.0,101500.0,500.0,816,SALARIED,3.6,32,2,MEDICAL,428000.0,48,CONSERVATIVE,TRUE
syn-0546,83700.0,42300.0,5200.0,722,SALARIED,1.1,24,0,VEHICLE,1391000.0,84,MODERATE,TRUE
syn-0547,51400.0,30000.0,1900.0,608,CONTRACT,6.0,30,2,EDUCATION,1353000.0,60,AGGRESSIVE,TRUE
syn-0548,27900.0,17400.0,1100.0,786,SELF_EMPLOYED,11.9,33,0,VEHICLE,116000.0,12,CONSERVATIVE,TRUE
syn-0549,36400.0,11500.0,1900.0,743,CONTRACT,5.2,23,1,PERSONAL,74000.0,36,MODERATE,TRUE
syn-0550,103000.0,60200.0,5700.0,627,SALARIED,8.8,60,1,MEDICAL,234000.0,24,CONSERVATIVE,TRUE
syn-0551,70100.0,36100.0,7500.0,767,SALARIED,3.9,35,2,EDUCATION,1038000.0,48,CONSERVATIVE,TRUE
syn-0552,477700.0,272000.0,31300.0,672,SALARIED,4.6,46,1,VEHICLE,4667000.0,36,AGGRESSIVE,TRUE
syn-0553,110100.0,40500.0,19400.0,686,CONTRACT,1.1,62,2,HOME,1981000.0,84,AGGRESSIVE,TRUE
syn-0554,100400.0,29900.0,13800.0,627,SALARIED,2.5,44,2,PERSONAL,793000.0,12,AGGRESSIVE,TRUE
syn-0555,274100.0,161700.0,46400.0,646,SALARIED,0.9,48,0,HOME,6015000.0,84,AGGRESSIVE,TRUE
syn-0556,428400.0,129000.0,10700.0,727,SALARIED,8.2,31,0,PERSONAL,2141000.0,12,MODERATE,TRUE
syn-0557,321800.0,150300.0,30100.0,900,SELF_EMPLOYED,2.9,26,2,VEHICLE,2292000.0,24,CONSERVATIVE,TRUE
syn-0558,275400.0,101600.0,29000.0,645,SALARIED,5.4,55,2,HOME,7665000.0,240,AGGRESSIVE,TRUE
syn-0559,71000.0,28000.0,11200.0,831,SALARIED,6.0,55,2,BUSINESS,1003000.0,84,AGGRESSIVE,TRUE
syn-0560,81100.0,30400.0,7900.0,587,SALARIED,10.4,30,2,VEHICLE,360000.0,12,MODERATE,TRUE
syn-0561,474000.0,312800.0,81100.0,900,SALARIED,5.7,57,1,MEDICAL,1766000.0,12,CONSERVATIVE,TRUE
syn-0562,132600.0,69300.0,21500.0,616,SELF_EMPLOYED,4.5,55,0,PERSONAL,849000.0,12,MODERATE,TRUE
syn-0563,33200.0,23000.0,400.0,591,CONTRACT,8.1,43,2,BUSINESS,290000.0,48,AGGRESSIVE,TRUE
syn-0564,124800.0,43200.0,19200.0,640,SALARIED,9.6,58,3,BUSINESS,3305000.0,36,CONSERVATIVE,TRUE
syn-0565,161800.0,94000.0,25600.0,727,CONTRACT,0.0,61,3,EDUCATION,2130000.0,48,CONSERVATIVE,TRUE
syn-0566,26600.0,8800.0,3600.0,772,SALARIED,8.4,46,2,PERSONAL,209000.0,12,CONSERVATIVE,TRUE
syn-0567,34600.0,24600.0,4800.0,748,SALARIED,13.3,35,2,BUSINESS,303000.0,120,MODERATE,TRUE
syn-0568,64000.0,20600.0,8100.0,806,CONTRACT,4.4,27,1,HOME,2335000.0,84,AGGRESSIVE,TRUE
syn-0569,79500.0,38500.0,8500.0,724,SALARIED,9.7,50,3,HOME,2678000.0,120,AGGRESSIVE,TRUE
syn-0570,42900.0,18000.0,2700.0,673,SALARIED,8.6,59,0,MEDICAL,216000.0,60,AGGRESSIVE,TRUE
syn-0571,225600.0,114500.0,28000.0,645,SELF_EMPLOYED,0.7,55,3,MEDICAL,1655000.0,48,AGGRESSIVE,TRUE
syn-0572,56500.0,23300.0,400.0,805,SALARIED,7.2,59,2,PERSONAL,191000.0,24,AGGRESSIVE,TRUE
syn-0573,416300.0,122300.0,48900.0,838,SELF_EMPLOYED,1.7,34,2,PERSONAL,3827000.0,48,CONSERVATIVE,TRUE
syn-0574,101800.0,43600.0,5100.0,665,CONTRACT,7.1,59,0,PERSONAL,375000.0,24,MODERATE,TRUE
syn-0575,373000.0,155400.0,19000.0,611,SELF_EMPLOYED,8.5,25,2,VEHICLE,1601000.0,36,CONSERVATIVE,TRUE
syn-0576,102900.0,57800.0,300.0,820,SALARIED,2.6,45,2,VEHICLE,1233000.0,12,MODERATE,TRUE
syn-0577,79200.0,21300.0,100.0,674,SALARIED,2.0,46,2,HOME,3200000.0,120,CONSERVATIVE,TRUE
syn-0578,41600.0,11900.0,6300.0,572,SALARIED,10.4,37,1,HOME,836000.0,60,AGGRESSIVE,TRUE
syn-0579,88800.0,49900.0,5000.0,797,SALARIED,8.8,23,0,EDUCATION,609000.0,84,CONSERVATIVE,TRUE
syn-0580,80200.0,23700.0,13700.0,679,SALARIED,3.0,47,1,EDUCATION,1412000.0,84,AGGRESSIVE,TRUE
syn-0581,184500.0,47600.0,30000.0,696,RETIRED,4.0,35,0,MEDICAL,377000.0,48,AGGRESSIVE,TRUE
syn-0582,104900.0,66500.0,8900.0,830,SALARIED,5.8,41,0,BUSINESS,2206000.0,84,AGGRESSIVE,TRUE
syn-0583,194100.0,99500.0,24800.0,791,SALARIED,2.8,50,0,HOME,3819000.0,84,CONSERVATIVE,TRUE
syn-0584,148700.0,37800.0,25300.0,644,RETIRED,8.3,54,3,MEDICAL,195000.0,36,CONSERVATIVE,TRUE
syn-0585,247700.0,68000.0,12700.0,684,SALARIED,10.3,37,0,MEDICAL,367000.0,24,MODERATE,TRUE
syn-0586,36800.0,22600.0,1400.0,679,RETIRED,3.3,23,2,BUSINESS,521000.0,48,CONSERVATIVE,TRUE
syn-0587,444300.0,212300.0,66500.0,676,SALARIED,12.2,27,1,MEDICAL,3362000.0,24,AGGRESSIVE,TRUE
syn-0588,133000.0,49700.0,21900.0,899,SALARIED,3.5,41,2,EDUCATION,1214000.0,48,AGGRESSIVE,TRUE
syn-0589,48900.0,12500.0,8700.0,759,CONTRACT,13.1,30,0,PERSONAL,301000.0,36,AGGRESSIVE,TRUE
syn-0590,239400.0,108400.0,20200.0,641,SALARIED,3.8,29,1,PERSONAL,2185000.0,24,CONSERVATIVE,TRUE
syn-0591,226400.0,101600.0,22600.0,812,SALARIED,11.4,30,1,EDUCATION,3171000.0,84,AGGRESSIVE,TRUE
syn-0592,134200.0,47100.0,9000.0,712,SALARIED,7.5,56,0,MEDICAL,358000.0,60,CONSERVATIVE,TRUE
syn-0593,161900.0,73100.0,6900.0,726,SALARIED,4.0,24,1,HOME,5866000.0,120,CONSERVATIVE,TRUE
syn-0594,72100.0,24500.0,12500.0,703,SELF_EMPLOYED,3.9,53,2,EDUCATION,1060000.0,36,AGGRESSIVE,TRUE
syn-0595,228100.0,146900.0,12900.0,658,SELF_EMPLOYED,15.8,31,2,MEDICAL,629000.0,60,MODERATE,TRUE
syn-0596,107600.0,39100.0,8500.0,700,SELF_EMPLOYED,4.3,38,0,PERSONAL,543000.0,12,CONSERVATIVE,TRUE
syn-0597,25400.0,8000.0,4300.0,827,SALARIED,4.3,51,0,PERSONAL,123000.0,48,CONSERVATIVE,TRUE
syn-0598,347400.0,198000.0,6700.0,677,SALARIED,5.3,51,2,MEDICAL,1963000.0,60,MODERATE,TRUE
syn-0599,111300.0,36500.0,18400.0,798,RETIRED,10.4,35,3,PERSONAL,232000.0,48,AGGRESSIVE,TRUE
syn-0600,293300.0,98900.0,50000.0,696,SALARIED,0.8,45,0,MEDICAL,442000.0,48,CONSERVATIVE,TRUE
syn-0601,85300.0,32000.0,4500.0,650,SELF_EMPLOYED,7.6,27,3,EDUCATION,806000.0,60,CONSERVATIVE,TRUE
syn-0602,28200.0,14500.0,1700.0,582,CONTRACT,5.7,34,0,PERSONAL,189000.0,36,AGGRESSIVE,TRUE
syn-0603,97100.0,65300.0,9700.0,750,CONTRACT,12.6,23,0,VEHICLE,959000.0,84,MODERATE,TRUE
syn-0604,59600.0,15600.0,5500.0,641,SALARIED,6.0,31,0,HOME,1138000.0,120,MODERATE,TRUE
syn-0605,118900.0,61600.0,13400.0,772,SALARIED,6.8,43,0,PERSONAL,741000.0,24,AGGRESSIVE,TRUE
syn-0606,38900.0,11000.0,6800.0,771,SALARIED,10.0,50,2,HOME,1185000.0,180,MODERATE,TRUE
syn-0607,403900.0,288000.0,37900.0,657,CONTRACT,7.3,36,0,PERSONAL,1665000.0,12,AGGRESSIVE,TRUE
syn-0608,228100.0,68200.0,15200.0,738,SALARIED,14.6,40,0,BUSINESS,6520000.0,60,MODERATE,TRUE
syn-0609,214400.0,87000.0,19900.0,644,SALARIED,4.8,29,1,PERSONAL,2226000.0,24,AGGRESSIVE,TRUE
syn-0610,218100.0,119000.0,26600.0,780,SALARIED,14.2,23,0,EDUCATION,3874000.0,48,AGGRESSIVE,TRUE
syn-0611,111000.0,33100.0,10200.0,642,SELF_EMPLOYED,7.3,38,0,VEHICLE,1464000.0,36,CONSERVATIVE,TRUE
syn-0612,93700.0,45800.0,9700.0,700,SELF_EMPLOYED,5.9,41,0,HOME,1247000.0,60,MODERATE,TRUE
syn-0613,62000.0,16800.0,8500.0,763,CONTRACT,4.0,38,0,VEHICLE,188000.0,48,AGGRESSIVE,TRUE
syn-0614,367600.0,136000.0,4100.0,774,CONTRACT,8.4,43,2,EDUCATION,7412000.0,48,MODERATE,TRUE
syn-0615,80100.0,32200.0,0.0,676,SALARIED,6.9,45,1,VEHICLE,745000.0,12,MODERATE,TRUE
syn-0616,104900.0,51500.0,9000.0,687,SALARIED,5.6,23,1,HOME,4992000.0,60,MODERATE,TRUE
syn-0617,439100.0,128800.0,30900.0,561,CONTRACT,3.3,28,1,BUSINESS,2602000.0,60,CONSERVATIVE,TRUE
syn-0618,50400.0,20100.0,4400.0,700,SALARIED,6.6,33,2,HOME,1537000.0,120,MODERATE,TRUE
syn-0619,87000.0,33000.0,14800.0,565,CONTRACT,3.8,49,2,HOME,1120000.0,180,AGGRESSIVE,TRUE
syn-0620,37500.0,11100.0,4100.0,900,CONTRACT,12.4,34,3,VEHICLE,503000.0,12,CONSERVATIVE,TRUE
syn-0621,29500.0,17500.0,3800.0,825,SELF_EMPLOYED,11.9,61,2,MEDICAL,135000.0,12,AGGRESSIVE,TRUE
syn-0622,33200.0,17500.0,100.0,743,CONTRACT,3.8,58,3,PERSONAL,342000.0,24,MODERATE,TRUE
syn-0623,413500.0,157500.0,19600.0,644,SALARIED,9.9,33,0,HOME,8644000.0,120,AGGRESSIVE,TRUE
syn-0624,65000.0,38600.0,3600.0,812,SELF_EMPLOYED,10.0,43,1,PERSONAL,608000.0,36,CONSERVATIVE,TRUE
syn-0625,38100.0,13400.0,4200.0,604,SELF_EMPLOYED,5.9,35,1,VEHICLE,569000.0,84,AGGRESSIVE,TRUE
syn-0626,25300.0,17800.0,2400.0,744,SELF_EMPLOYED,6.9,39,2,MEDICAL,63000.0,12,AGGRESSIVE,TRUE
syn-0627,309800.0,180500.0,55600.0,781,SALARIED,0.3,33,3,BUSINESS,4184000.0,36,MODERATE,TRUE
syn-0628,313300.0,157100.0,13900.0,640,SALARIED,6.5,49,1,PERSONAL,3103000.0,12,CONSERVATIVE,TRUE
syn-0629,37100.0,22900.0,3500.0,653,CONTRACT,11.5,51,3,VEHICLE,194000.0,60,AGGRESSIVE,TRUE
syn-0630,358600.0,145900.0,60500.0,754,SALARIED,0.8,24,0,MEDICAL,2664000.0,48,CONSERVATIVE,TRUE
syn-0631,28900.0,14500.0,2200.0,593,SELF_EMPLOYED,0.9,25,0,HOME,829000.0,84,MODERATE,TRUE
syn-0632,172600.0,98500.0,3700.0,710,SALARIED,3.2,46,0,MEDICAL,1405000.0,48,AGGRESSIVE,TRUE
syn-0633,346700.0,136900.0,37400.0,700,SELF_EMPLOYED,14.0,41,3,PERSONAL,2224000.0,36,CONSERVATIVE,TRUE
syn-0634,108800.0,35000.0,2300.0,638,SALARIED,2.4,28,1,VEHICLE,470000.0,12,MODERATE,TRUE
syn-0635,83300.0,50700.0,9900.0,788,RETIRED,2.2,23,2,BUSINESS,1763000.0,84,CONSERVATIVE,TRUE
syn-0636,242600.0,127900.0,32000.0,785,SELF_EMPLOYED,8.8,50,0,BUSINESS,1648000.0,84,CONSERVATIVE,TRUE
syn-0637,103700.0,57400.0,13300.0,666,SALARIED,3.5,30,1,BUSINESS,952000.0,24,CONSERVATIVE,TRUE
syn-0638,31700.0,15700.0,800.0,754,SALARIED,7.3,60,0,EDUCATION,392000.0,120,AGGRESSIVE,TRUE
syn-0639,39500.0,28200.0,7000.0,730,SELF_EMPLOYED,3.3,32,2,MEDICAL,124000.0,36,CONSERVATIVE,TRUE
syn-0640,36700.0,22200.0,4000.0,717,SALARIED,3.0,60,1,EDUCATION,265000.0,60,AGGRESSIVE,TRUE
syn-0641,221100.0,142900.0,24300.0,502,CONTRACT,9.9,24,0,VEHICLE,2003000.0,24,CONSERVATIVE,TRUE
syn-0642,31700.0,18400.0,1400.0,773,SELF_EMPLOYED,12.5,62,3,VEHICLE,172000.0,60,MODERATE,TRUE
syn-0643,49700.0,21800.0,7500.0,606,CONTRACT,1.4,26,2,MEDICAL,332000.0,24,MODERATE,TRUE
syn-0644,277000.0,118100.0,19300.0,714,SELF_EMPLOYED,3.4,23,3,VEHICLE,2711000.0,12,MODERATE,TRUE
syn-0645,141200.0,67000.0,400.0,790,SELF_EMPLOYED,3.4,47,1,HOME,4545000.0,240,MODERATE,TRUE
syn-0646,305900.0,198300.0,20400.0,742,SALARIED,13.3,30,0,VEHICLE,2859000.0,24,CONSERVATIVE,TRUE
syn-0647,285600.0,96000.0,39700.0,730,CONTRACT,16.9,43,0,VEHICLE,3777000.0,12,CONSERVATIVE,TRUE
syn-0648,177400.0,71600.0,23100.0,643,CONTRACT,2.5,40,0,VEHICLE,2730000.0,60,CONSERVATIVE,TRUE
syn-0649,76000.0,24000.0,10800.0,707,SALARIED,2.9,26,2,MEDICAL,634000.0,12,MODERATE,TRUE
syn-0650,77900.0,47000.0,1000.0,693,RETIRED,5.2,62,1,HOME,4203000.0,120,CONSERVATIVE,TRUE
syn-0651,114700.0,60400.0,5400.0,810,CONTRACT,10.6,58,0,MEDICAL,689000.0,24,AGGRESSIVE,TRUE
syn-0652,27900.0,15000.0,1500.0,771,SALARIED,0.2,30,0,HOME,477000.0,180,AGGRESSIVE,TRUE
syn-0653,65400.0,38900.0,4900.0,777,RETIRED,6.8,24,3,VEHICLE,474000.0,36,MODERATE,TRUE
syn-0654,54700.0,23700.0,4100.0,686,SALARIED,1.4,53,0,BUSINESS,718000.0,60,CONSERVATIVE,TRUE
syn-0655,140100.0,59700.0,10700.0,532,SALARIED,2.1,41,2,PERSONAL,1196000.0,24,AGGRESSIVE,TRUE
syn-0656,159000.0,59100.0,24500.0,760,SALARIED,10.7,27,3,MEDICAL,832000.0,60,CONSERVATIVE,TRUE
syn-0657,62300.0,34600.0,7900.0,540,SALARIED,0.9,57,0,PERSONAL,247000.0,24,MODERATE,TRUE
syn-0658,177500.0,81800.0,15200.0,767,SALARIED,2.0,25,2,EDUCATION,1671000.0,36,AGGRESSIVE,TRUE
syn-0659,86400.0,37400.0,5700.0,698,SALARIED,13.6,54,3,PERSONAL,351000.0,24,MODERATE,TRUE
syn-0660,77300.0,27300.0,12500.0,788,SALARIED,2.1,47,0,EDUCATION,1280000.0,120,MODERATE,TRUE
syn-0661,210300.0,69700.0,26400.0,699,SALARIED,3.1,60,0,VEHICLE,983000.0,24,MODERATE,TRUE
syn-0662,29000.0,12900.0,3400.0,605,SALARIED,5.0,31,2,MEDICAL,137000.0,60,CONSERVATIVE,TRUE
syn-0663,63200.0,25700.0,8700.0,748,SELF_EMPLOYED,5.9,55,0,VEHICLE,784000.0,48,CONSERVATIVE,TRUE
syn-0664,34400.0,10300.0,4100.0,660,SALARIED,9.1,27,1,MEDICAL,102000.0,60,MODERATE,TRUE
syn-0665,402100.0,148600.0,34100.0,626,SALARIED,11.5,43,0,PERSONAL,3749000.0,12,AGGRESSIVE,TRUE
syn-0666,346300.0,88900.0,39200.0,791,RETIRED,9.8,62,2,MEDICAL,2724000.0,24,AGGRESSIVE,TRUE
syn-0667,282800.0,134900.0,29500.0,701,SALARIED,5.5,28,3,BUSINESS,8477000.0,36,CONSERVATIVE,TRUE
syn-0668,288400.0,151300.0,16300.0,724,SALARIED,5.4,36,0,PERSONAL,1716000.0,48,AGGRESSIVE,TRUE
syn-0669,115200.0,77600.0,600.0,644,SALARIED,9.5,61,1,PERSONAL,1151000.0,12,MODERATE,TRUE
syn-0670,263600.0,90600.0,10600.0,757,SALARIED,0.5,40,3,MEDICAL,1825000.0,12,AGGRESSIVE,TRUE
syn-0671,414300.0,114800.0,72400.0,602,SELF_EMPLOYED,2.8,59,0,EDUCATION,6909000.0,60,CONSERVATIVE,TRUE
syn-0672,67100.0,43600.0,5100.0,763,SELF_EMPLOYED,9.2,27,1,BUSINESS,891000.0,84,CONSERVATIVE,TRUE
syn-0673,52600.0,32800.0,4700.0,671,SALARIED,7.7,55,2,BUSINESS,1281000.0,24,MODERATE,TRUE
syn-0674,71800.0,51000.0,7600.0,655,SALARIED,12.2,58,2,MEDICAL,413000.0,24,AGGRESSIVE,TRUE
syn-0675,176800.0,86400.0,15000.0,656,SALARIED,0.2,40,1,EDUCATION,2788000.0,36,MODERATE,TRUE
syn-0676,78800.0,40300.0,6700.0,709,SALARIED,7.9,61,0,HOME,3443000.0,60,MODERATE,TRUE
syn-0677,184400.0,117400.0,14600.0,668,SELF_EMPLOYED,2.1,26,3,MEDICAL,1288000.0,24,MODERATE,TRUE
syn-0678,92500.0,41200.0,16100.0,628,SELF_EMPLOYED,0.1,59,1,MEDICAL,226000.0,60,MODERATE,TRUE
syn-0679,91500.0,50600.0,14500.0,830,CONTRACT,1.9,39,0,VEHICLE,1495000.0,60,AGGRESSIVE,TRUE
syn-0680,340100.0,91100.0,56600.0,531,SELF_EMPLOYED,12.2,46,2,MEDICAL,2145000.0,60,AGGRESSIVE,TRUE
syn-0681,171200.0,95900.0,23600.0,532,SELF_EMPLOYED,6.4,51,1,HOME,3079000.0,84,AGGRESSIVE,TRUE
syn-0682,331100.0,158600.0,43000.0,819,SALARIED,3.2,23,3,MEDICAL,1800000.0,60,MODERATE,TRUE
syn-0683,250400.0,115200.0,41700.0,707,SELF_EMPLOYED,4.7,34,2,HOME,4507000.0,240,AGGRESSIVE,TRUE
syn-0684,227100.0,152900.0,25000.0,851,SELF_EMPLOYED,9.4,26,0,EDUCATION,3414000.0,48,CONSERVATIVE,TRUE
syn-0685,70000.0,23300.0,8300.0,512,SALARIED,6.8,53,0,PERSONAL,320000.0,36,AGGRESSIVE,TRUE
syn-0686,58000.0,32000.0,5300.0,677,SELF_EMPLOYED,15.2,43,0,MEDICAL,302000.0,36,MODERATE,TRUE
syn-0687,234100.0,125900.0,8800.0,831,CONTRACT,9.4,60,2,BUSINESS,2620000.0,84,AGGRESSIVE,TRUE
syn-0688,257600.0,178600.0,12000.0,632,SALARIED,7.2,29,0,EDUCATION,3835000.0,60,CONSERVATIVE,TRUE
syn-0689,89900.0,49400.0,6700.0,677,SALARIED,1.5,29,3,EDUCATION,1174000.0,84,AGGRESSIVE,TRUE
syn-0690,123200.0,65600.0,15600.0,658,SALARIED,9.9,44,3,MEDICAL,273000.0,24,AGGRESSIVE,TRUE
syn-0691,129800.0,76500.0,22100.0,766,SELF_EMPLOYED,7.7,41,0,EDUCATION,2509000.0,48,AGGRESSIVE,TRUE
syn-0692,86200.0,27200.0,2900.0,764,SELF_EMPLOYED,7.5,58,0,PERSONAL,609000.0,48,CONSERVATIVE,TRUE
syn-0693,280700.0,156400.0,29400.0,714,SALARIED,9.5,60,0,VEHICLE,4154000.0,36,AGGRESSIVE,TRUE
syn-0694,92700.0,62500.0,200.0,710,RETIRED,1.7,30,0,EDUCATION,1256000.0,24,AGGRESSIVE,TRUE
syn-0695,252500.0,76900.0,18000.0,622,SELF_EMPLOYED,0.8,43,2,BUSINESS,6338000.0,48,CONSERVATIVE,TRUE
syn-0696,127800.0,91300.0,20700.0,765,SALARIED,0.1,36,1,MEDICAL,1071000.0,24,MODERATE,TRUE
syn-0697,438400.0,215300.0,56500.0,679,SELF_EMPLOYED,11.4,60,1,HOME,10788000.0,180,MODERATE,TRUE
syn-0698,34600.0,21700.0,800.0,756,SELF_EMPLOYED,3.6,46,1,VEHICLE,381000.0,48,MODERATE,TRUE
syn-0699,243500.0,151700.0,37100.0,679,SALARIED,5.5,39,1,HOME,7401000.0,60,MODERATE,TRUE
syn-0700,35000.0,10800.0,2600.0,861,RETIRED,0.6,53,2,MEDICAL,69000.0,24,MODERATE,TRUE
syn-0701,168700.0,104500.0,8900.0,886,SALARIED,2.9,31,0,EDUCATION,3433000.0,24,AGGRESSIVE,TRUE
syn-0702,155200.0,88200.0,17700.0,770,SALARIED,2.1,60,3,PERSONAL,1312000.0,24,MODERATE,TRUE
syn-0703,130200.0,46100.0,14900.0,696,SALARIED,3.9,24,0,EDUCATION,2211000.0,60,MODERATE,TRUE
syn-0704,107700.0,74100.0,12900.0,602,RETIRED,13.7,51,1,HOME,4676000.0,84,AGGRESSIVE,TRUE
syn-0705,356400.0,175200.0,32100.0,800,SALARIED,3.8,48,1,VEHICLE,2158000.0,36,MODERATE,TRUE
syn-0706,61400.0,42500.0,2200.0,845,SALARIED,8.4,48,3,MEDICAL,489000.0,36,MODERATE,TRUE
syn-0707,117200.0,38500.0,19100.0,764,SALARIED,9.1,57,2,PERSONAL,421000.0,48,MODERATE,TRUE
syn-0708,279200.0,81300.0,8500.0,682,SALARIED,10.3,35,0,EDUCATION,6785000.0,36,AGGRESSIVE,TRUE
syn-0709,31800.0,10200.0,4200.0,727,SALARIED,2.3,47,0,PERSONAL,93000.0,24,MODERATE,TRUE
syn-0710,62500.0,29100.0,7600.0,893,CONTRACT,4.4,26,3,VEHICLE,329000.0,24,MODERATE,TRUE
syn-0711,497100.0,299000.0,61700.0,853,SALARIED,3.0,44,0,BUSINESS,4877000.0,84,AGGRESSIVE,TRUE
syn-0712,30900.0,8400.0,2800.0,837,SALARIED,0.2,56,3,BUSINESS,615000.0,36,AGGRESSIVE,TRUE
syn-0713,349100.0,153200.0,60800.0,741,SALARIED,9.9,29,2,MEDICAL,1244000.0,12,MODERATE,TRUE
syn-0714,302600.0,207500.0,42900.0,793,SALARIED,0.4,56,2,HOME,14268000.0,240,MODERATE,TRUE
syn-0715,90800.0,52400.0,4100.0,773,SALARIED,12.6,35,0,PERSONAL,976000.0,48,CONSERVATIVE,TRUE
syn-0716,194800.0,113800.0,13200.0,719,SALARIED,2.5,50,2,EDUCATION,3749000.0,36,AGGRESSIVE,TRUE
syn-0717,261700.0,145200.0,29800.0,694,SELF_EMPLOYED,0.8,55,2,BUSINESS,2206000.0,60,MODERATE,TRUE
syn-0718,60000.0,24700.0,6800.0,720,SALARIED,6.5,37,0,PERSONAL,490000.0,24,MODERATE,TRUE
syn-0719,63900.0,16300.0,600.0,648,SALARIED,6.4,28,0,VEHICLE,702000.0,36,AGGRESSIVE,TRUE
syn-0720,193800.0,105000.0,6200.0,628,SELF_EMPLOYED,9.6,44,1,EDUCATION,1483000.0,36,MODERATE,TRUE
syn-0721,71900.0,38600.0,12800.0,680,SALARIED,5.8,27,3,HOME,1991000.0,240,MODERATE,TRUE
syn-0722,221600.0,135400.0,38900.0,641,SALARIED,3.3,55,0,BUSINESS,4049000.0,84,CONSERVATIVE,TRUE
syn-0723,31800.0,14400.0,1900.0,678,SALARIED,7.5,47,3,BUSINESS,295000.0,36,CONSERVATIVE,TRUE
syn-0724,42900.0,17100.0,2300.0,636,CONTRACT,6.9,62,2,MEDICAL,197000.0,36,AGGRESSIVE,TRUE
syn-0725,96900.0,50500.0,15800.0,687,CONTRACT,6.4,58,2,VEHICLE,955000.0,84,MODERATE,TRUE
syn-0726,101000.0,55600.0,17200.0,756,SALARIED,4.4,42,1,PERSONAL,342000.0,24,AGGRESSIVE,TRUE
syn-0727,438000.0,300100.0,24100.0,786,SELF_EMPLOYED,4.4,60,0,VEHICLE,3983000.0,60,AGGRESSIVE,TRUE
syn-0728,109800.0,73100.0,15400.0,738,SELF_EMPLOYED,1.7,48,2,HOME,2688000.0,84,MODERATE,TRUE
syn-0729,468500.0,184000.0,5300.0,840,CONTRACT,2.1,29,2,VEHICLE,7578000.0,24,AGGRESSIVE,TRUE
syn-0730,141900.0,62600.0,6400.0,733,SALARIED,6.8,30,0,EDUCATION,1731000.0,24,MODERATE,TRUE
syn-0731,42400.0,21500.0,6900.0,526,SELF_EMPLOYED,3.8,46,2,MEDICAL,288000.0,60,AGGRESSIVE,TRUE
syn-0732,33200.0,12800.0,700.0,740,SALARIED,2.5,59,2,BUSINESS,423000.0,84,AGGRESSIVE,TRUE
syn-0733,422300.0,239000.0,68900.0,778,SELF_EMPLOYED,13.3,62,0,BUSINESS,7171000.0,24,CONSERVATIVE,TRUE
syn-0734,32700.0,14700.0,2600.0,607,RETIRED,8.6,46,3,HOME,715000.0,84,CONSERVATIVE,TRUE
syn-0735,161500.0,80400.0,800.0,705,SALARIED,4.0,60,1,PERSONAL,749000.0,24,MODERATE,TRUE
syn-0736,237600.0,70800.0,34100.0,664,SALARIED,7.5,52,0,EDUCATION,1973000.0,48,MODERATE,TRUE
syn-0737,292900.0,114900.0,38600.0,737,SELF_EMPLOYED,0.9,60,3,MEDICAL,2023000.0,24,MODERATE,TRUE
syn-0738,268500.0,150100.0,40700.0,767,CONTRACT,9.2,44,0,MEDICAL,1602000.0,12,CONSERVATIVE,TRUE
syn-0739,25300.0,15300.0,1000.0,795,SALARIED,8.5,23,1,EDUCATION,518000.0,24,MODERATE,TRUE
syn-0740,294700.0,142400.0,49600.0,639,SALARIED,2.9,43,1,MEDICAL,2471000.0,24,MODERATE,TRUE
syn-0741,238700.0,119800.0,7400.0,732,SALARIED,2.4,50,3,VEHICLE,2377000.0,36,CONSERVATIVE,TRUE
syn-0742,104700.0,71600.0,4300.0,633,RETIRED,9.2,57,2,BUSINESS,2171000.0,48,CONSERVATIVE,TRUE
syn-0743,191300.0,109400.0,26700.0,691,CONTRACT,5.8,45,1,EDUCATION,2368000.0,24,CONSERVATIVE,TRUE
syn-0744,53600.0,19400.0,9100.0,755,RETIRED,11.3,26,0,VEHICLE,630000.0,84,AGGRESSIVE,TRUE
syn-0745,441000.0,202800.0,52300.0,758,SALARIED,2.7,28,2,MEDICAL,1510000.0,60,MODERATE,TRUE
syn-0746,404700.0,203600.0,40300.0,686,CONTRACT,14.1,42,1,HOME,17567000.0,84,MODERATE,TRUE
syn-0747,229400.0,150700.0,27100.0,558,SALARIED,11.1,50,3,HOME,7586000.0,60,MODERATE,TRUE
syn-0748,278700.0,72200.0,30900.0,645,SALARIED,3.6,50,0,PERSONAL,1082000.0,12,AGGRESSIVE,TRUE
syn-0749,52800.0,18300.0,500.0,619,SELF_EMPLOYED,2.1,57,2,PERSONAL,442000.0,36,CONSERVATIVE,TRUE
syn-0750,84700.0,27100.0,5900.0,697,SALARIED,4.7,48,2,BUSINESS,619000.0,84,CONSERVATIVE,TRUE
syn-0751,145200.0,82700.0,1900.0,731,SALARIED,6.9,31,3,EDUCATION,3191000.0,36,AGGRESSIVE,TRUE
syn-0752,72800.0,33100.0,8900.0,684,SALARIED,2.1,49,0,EDUCATION,1761000.0,48,CONSERVATIVE,TRUE
syn-0753,50600.0,15900.0,1100.0,709,SELF_EMPLOYED,9.9,29,2,BUSINESS,1112000.0,60,AGGRESSIVE,TRUE
syn-0754,78300.0,51000.0,8400.0,617,SALARIED,3.3,23,3,MEDICAL,418000.0,48,MODERATE,TRUE
syn-0755,94800.0,47000.0,13600.0,836,SALARIED,2.0,28,0,MEDICAL,494000.0,12,MODERATE,TRUE
syn-0756,87200.0,60800.0,2300.0,850,SALARIED,14.6,23,3,HOME,4265000.0,84,AGGRESSIVE,TRUE
syn-0757,30600.0,21700.0,3900.0,619,CONTRACT,7.5,57,3,EDUCATION,156000.0,24,AGGRESSIVE,TRUE
syn-0758,59200.0,21000.0,3200.0,791,SELF_EMPLOYED,4.5,50,3,VEHICLE,482000.0,12,AGGRESSIVE,TRUE
syn-0759,251500.0,103100.0,33300.0,812,SELF_EMPLOYED,10.3,48,0,MEDICAL,371000.0,12,MODERATE,TRUE
syn-0760,234800.0,109200.0,30500.0,721,SALARIED,10.6,51,2,EDUCATION,4034000.0,24,CONSERVATIVE,TRUE
syn-0761,155500.0,100100.0,17100.0,765,SALARIED,9.2,38,2,PERSONAL,450000.0,24,AGGRESSIVE,TRUE
syn-0762,423200.0,149700.0,5800.0,762,SALARIED,4.8,56,2,HOME,20558000.0,84,MODERATE,TRUE
syn-0763,294500.0,178400.0,26400.0,798,SALARIED,2.7,44,1,BUSINESS,4123000.0,120,AGGRESSIVE,TRUE
syn-0764,27600.0,14000.0,500.0,760,SELF_EMPLOYED,5.5,38,0,BUSINESS,313000.0,48,MODERATE,TRUE
syn-0765,74600.0,28200.0,13400.0,719,SALARIED,14.0,51,0,HOME,3715000.0,60,CONSERVATIVE,TRUE
syn-0766,97900.0,38600.0,11600.0,760,SALARIED,2.5,38,1,PERSONAL,955000.0,48,MODERATE,TRUE
syn-0767,148600.0,96600.0,9000.0,635,SELF_EMPLOYED,8.7,31,2,HOME,3187000.0,180,AGGRESSIVE,TRUE
syn-0768,218300.0,131000.0,7000.0,673,SALARIED,12.5,57,2,MEDICAL,1617000.0,48,MODERATE,TRUE
syn-0769,89700.0,43500.0,1700.0,632,CONTRACT,4.9,40,2,HOME,2438000.0,120,CONSERVATIVE,TRUE
syn-0770,30400.0,18300.0,300.0,733,SALARIED,0.2,42,0,VEHICLE,315000.0,48,MODERATE,TRUE
syn-0771,320700.0,211400.0,51900.0,645,SELF_EMPLOYED,11.3,35,2,BUSINESS,2267000.0,60,MODERATE,TRUE
syn-0772,477300.0,214100.0,38700.0,723,SELF_EMPLOYED,0.2,42,1,VEHICLE,7217000.0,12,CONSERVATIVE,TRUE
syn-0773,173700.0,51700.0,9300.0,594,SALARIED,13.1,47,3,MEDICAL,738000.0,36,CONSERVATIVE,TRUE
syn-0774,49400.0,18900.0,300.0,588,SELF_EMPLOYED,3.9,34,0,BUSINESS,960000.0,60,MODERATE,TRUE
syn-0775,251200.0,75000.0,14400.0,724,CONTRACT,6.4,38,0,EDUCATION,2303000.0,48,MODERATE,TRUE
syn-0776,375900.0,153200.0,17300.0,611,CONTRACT,6.6,43,0,EDUCATION,6591000.0,120,AGGRESSIVE,TRUE
syn-0777,349800.0,251600.0,47900.0,772,SALARIED,12.1,28,0,BUSINESS,1901000.0,60,AGGRESSIVE,TRUE
syn-0778,115100.0,41500.0,15600.0,809,SALARIED,14.7,56,2,BUSINESS,760000.0,60,AGGRESSIVE,TRUE
syn-0779,99600.0,47200.0,6600.0,721,SELF_EMPLOYED,8.0,51,3,EDUCATION,1137000.0,36,AGGRESSIVE,TRUE
syn-0780,227800.0,161500.0,22400.0,690,CONTRACT,14.6,34,1,MEDICAL,771000.0,48,AGGRESSIVE,TRUE
syn-0781,188700.0,89500.0,28600.0,786,SALARIED,10.6,54,0,PERSONAL,663000.0,36,CONSERVATIVE,TRUE
syn-0782,46500.0,27200.0,2600.0,715,SALARIED,7.6,43,0,PERSONAL,296000.0,24,AGGRESSIVE,TRUE
syn-0783,256400.0,175900.0,24600.0,757,SALARIED,7.7,32,3,BUSINESS,2667000.0,24,MODERATE,TRUE
syn-0784,76000.0,51400.0,6900.0,739,SELF_EMPLOYED,8.3,60,1,HOME,3063000.0,84,AGGRESSIVE,TRUE
syn-0785,112100.0,38300.0,200.0,701,SALARIED,10.6,28,0,BUSINESS,2734000.0,84,MODERATE,TRUE
syn-0786,34600.0,19300.0,200.0,685,SELF_EMPLOYED,5.7,28,2,BUSINESS,709000.0,84,AGGRESSIVE,TRUE
syn-0787,298000.0,118300.0,9200.0,756,SELF_EMPLOYED,12.5,31,2,MEDICAL,2223000.0,48,AGGRESSIVE,TRUE
syn-0788,29200.0,19900.0,2000.0,654,CONTRACT,5.2,46,0,VEHICLE,142000.0,48,AGGRESSIVE,TRUE
syn-0789,157800.0,90200.0,7300.0,504,SALARIED,12.2,45,0,HOME,2071000.0,120,CONSERVATIVE,TRUE
syn-0790,307400.0,102800.0,37100.0,706,SALARIED,7.2,28,2,VEHICLE,3421000.0,24,MODERATE,TRUE
syn-0791,59800.0,29700.0,2700.0,846,SALARIED,3.3,34,1,BUSINESS,872000.0,36,MODERATE,TRUE
syn-0792,195200.0,72000.0,13000.0,610,SALARIED,13.2,41,2,MEDICAL,1293000.0,12,MODERATE,TRUE
syn-0793,137900.0,98300.0,4000.0,650,SELF_EMPLOYED,1.7,39,2,VEHICLE,1618000.0,84,MODERATE,TRUE
syn-0794,460200.0,300600.0,6300.0,761,SELF_EMPLOYED,1.8,25,2,VEHICLE,7187000.0,12,AGGRESSIVE,TRUE
syn-0795,96900.0,63800.0,9000.0,734,SALARIED,6.2,55,3,MEDICAL,273000.0,12,MODERATE,TRUE
syn-0796,153200.0,63400.0,21300.0,774,SALARIED,12.1,48,2,BUSINESS,3735000.0,120,CONSERVATIVE,TRUE
syn-0797,45300.0,21600.0,7900.0,602,SALARIED,3.6,28,2,PERSONAL,401000.0,12,CONSERVATIVE,TRUE
syn-0798,57900.0,17100.0,5600.0,713,SALARIED,3.8,33,0,MEDICAL,287000.0,48,MODERATE,TRUE
syn-0799,135800.0,80600.0,4400.0,874,SALARIED,8.8,57,0,MEDICAL,291000.0,24,MODERATE,TRUE
syn-0800,311900.0,140300.0,8100.0,615,SELF_EMPLOYED,4.5,36,1,MEDICAL,1671000.0,60,CONSERVATIVE,TRUE
syn-0801,318000.0,212000.0,48500.0,564,SALARIED,8.4,50,2,EDUCATION,3361000.0,60,AGGRESSIVE,TRUE
syn-0802,99100.0,40900.0,7700.0,674,SALARIED,7.4,53,3,EDUCATION,958000.0,60,AGGRESSIVE,TRUE
syn-0803,120300.0,60200.0,18800.0,895,SELF_EMPLOYED,7.6,27,2,VEHICLE,865000.0,24,AGGRESSIVE,TRUE
syn-0804,313800.0,104500.0,23700.0,714,CONTRACT,3.3,61,2,PERSONAL,1350000.0,12,AGGRESSIVE,TRUE
syn-0805,175400.0,47800.0,4300.0,809,CONTRACT,10.6,46,1,BUSINESS,2141000.0,36,CONSERVATIVE,TRUE
syn-0806,334900.0,164100.0,59200.0,784,SALARIED,8.0,47,0,HOME,15368000.0,120,MODERATE,TRUE
syn-0807,95100.0,44700.0,1700.0,785,SALARIED,1.8,31,0,HOME,3928000.0,180,MODERATE,TRUE
syn-0808,157400.0,43800.0,7400.0,614,SALARIED,8.3,37,0,BUSINESS,1510000.0,48,CONSERVATIVE,TRUE
syn-0809,416100.0,240500.0,40500.0,590,SALARIED,4.1,36,0,MEDICAL,1392000.0,12,MODERATE,TRUE
syn-0810,426300.0,270000.0,15600.0,687,SELF_EMPLOYED,11.1,46,0,PERSONAL,3627000.0,12,CONSERVATIVE,TRUE
syn-0811,59200.0,15400.0,9900.0,771,SELF_EMPLOYED,11.6,48,2,BUSINESS,713000.0,84,MODERATE,TRUE
syn-0812,82900.0,32300.0,4100.0,784,SALARIED,3.4,52,0,HOME,2237000.0,240,AGGRESSIVE,TRUE
syn-0813,37500.0,12100.0,4100.0,715,SELF_EMPLOYED,7.9,52,0,PERSONAL,291000.0,36,MODERATE,TRUE
syn-0814,53400.0,30100.0,3600.0,772,SALARIED,5.0,43,2,HOME,1061000.0,180,CONSERVATIVE,TRUE
syn-0815,88200.0,31600.0,7900.0,726,CONTRACT,7.5,43,0,HOME,3049000.0,180,AGGRESSIVE,TRUE
syn-0816,60300.0,32600.0,6800.0,753,SELF_EMPLOYED,10.3,37,0,VEHICLE,390000.0,12,AGGRESSIVE,TRUE
syn-0817,36400.0,16400.0,2200.0,746,SALARIED,4.2,51,2,BUSINESS,223000.0,24,CONSERVATIVE,TRUE
syn-0818,261500.0,158100.0,6600.0,660,SELF_EMPLOYED,0.2,47,0,VEHICLE,4146000.0,36,CONSERVATIVE,TRUE
syn-0819,342500.0,217600.0,56600.0,634,CONTRACT,0.7,28,3,BUSINESS,6283000.0,60,CONSERVATIVE,TRUE
syn-0820,93300.0,51800.0,6200.0,895,SELF_EMPLOYED,10.3,32,3,HOME,3148000.0,120,MODERATE,TRUE
syn-0821,67700.0,23900.0,12000.0,754,SALARIED,12.3,41,0,HOME,2753000.0,120,MODERATE,TRUE
syn-0822,31100.0,15800.0,2000.0,578,SALARIED,10.4,39,1,BUSINESS,856000.0,120,AGGRESSIVE,TRUE
syn-0823,72700.0,39700.0,5900.0,685,SELF_EMPLOYED,0.5,35,3,BUSINESS,1377000.0,60,AGGRESSIVE,TRUE
syn-0824,35000.0,15900.0,3100.0,696,SALARIED,6.8,51,0,PERSONAL,312000.0,48,AGGRESSIVE,TRUE
syn-0825,463900.0,326200.0,78200.0,736,SELF_EMPLOYED,5.4,32,2,EDUCATION,4813000.0,36,AGGRESSIVE,TRUE
syn-0826,170300.0,72300.0,5000.0,787,SELF_EMPLOYED,1.5,43,2,MEDICAL,432000.0,36,AGGRESSIVE,TRUE
syn-0827,101000.0,43000.0,11000.0,587,SALARIED,1.4,45,2,HOME,1824000.0,180,MODERATE,TRUE
syn-0828,32200.0,10400.0,5600.0,664,SALARIED,8.9,34,3,HOME,1433000.0,60,AGGRESSIVE,TRUE
syn-0829,66000.0,45400.0,3400.0,645,SALARIED,2.0,30,2,MEDICAL,447000.0,48,AGGRESSIVE,TRUE
syn-0830,29100.0,10000.0,2300.0,693,CONTRACT,1.4,24,3,VEHICLE,239000.0,12,CONSERVATIVE,TRUE
syn-0831,86500.0,26600.0,7700.0,676,CONTRACT,9.3,39,0,BUSINESS,2074000.0,60,AGGRESSIVE,TRUE
syn-0832,172400.0,104600.0,4600.0,771,SALARIED,7.5,55,3,VEHICLE,2778000.0,48,MODERATE,TRUE
syn-0833,350900.0,188100.0,32500.0,586,SELF_EMPLOYED,2.8,43,1,BUSINESS,6221000.0,60,CONSERVATIVE,TRUE
syn-0834,141700.0,87600.0,5700.0,767,CONTRACT,9.3,24,0,BUSINESS,1082000.0,24,MODERATE,TRUE
syn-0835,88700.0,56400.0,6100.0,711,RETIRED,8.9,43,3,BUSINESS,751000.0,24,CONSERVATIVE,TRUE
syn-0836,92900.0,52700.0,12100.0,813,SALARIED,0.9,31,0,HOME,3404000.0,84,AGGRESSIVE,TRUE
syn-0837,437200.0,167600.0,43500.0,647,SALARIED,12.9,39,0,BUSINESS,5894000.0,24,MODERATE,TRUE
syn-0838,39700.0,20000.0,6500.0,723,SELF_EMPLOYED,4.5,34,3,VEHICLE,218000.0,48,AGGRESSIVE,TRUE
syn-0839,29000.0,9100.0,2800.0,797,SELF_EMPLOYED,7.7,45,2,MEDICAL,234000.0,24,MODERATE,TRUE
syn-0840,205200.0,97000.0,34900.0,609,SELF_EMPLOYED,4.8,27,2,VEHICLE,674000.0,60,AGGRESSIVE,TRUE
syn-0841,49500.0,26300.0,1500.0,769,CONTRACT,9.4,31,0,PERSONAL,378000.0,48,AGGRESSIVE,TRUE
syn-0842,271100.0,178000.0,45600.0,573,SALARIED,11.5,26,1,BUSINESS,3527000.0,36,AGGRESSIVE,TRUE
syn-0843,25100.0,11300.0,3300.0,647,SELF_EMPLOYED,6.5,41,0,MEDICAL,38000.0,24,CONSERVATIVE,TRUE
syn-0844,32400.0,18400.0,3000.0,678,SALARIED,5.5,40,2,MEDICAL,39000.0,60,AGGRESSIVE,TRUE
syn-0845,263800.0,160600.0,33000.0,742,SALARIED,12.0,32,1,BUSINESS,6461000.0,60,MODERATE,TRUE
syn-0846,34800.0,22900.0,2100.0,900,SELF_EMPLOYED,4.1,48,3,PERSONAL,144000.0,24,AGGRESSIVE,TRUE
syn-0847,26900.0,18000.0,400.0,725,SALARIED,9.7,55,0,PERSONAL,133000.0,24,CONSERVATIVE,TRUE
syn-0848,32500.0,17900.0,3400.0,547,SALARIED,7.2,39,0,MEDICAL,88000.0,48,AGGRESSIVE,TRUE
syn-0849,135100.0,89700.0,9900.0,499,SALARIED,6.2,58,1,MEDICAL,478000.0,36,CONSERVATIVE,TRUE
syn-0850,117500.0,41500.0,4000.0,747,SALARIED,7.2,60,2,MEDICAL,227000.0,60,CONSERVATIVE,TRUE
syn-0851,28000.0,14900.0,4800.0,723,CONTRACT,10.4,30,0,MEDICAL,235000.0,48,AGGRESSIVE,TRUE
syn-0852,35400.0,22000.0,1100.0,844,SALARIED,1.1,60,0,BUSINESS,399000.0,48,MODERATE,TRUE
syn-0853,175300.0,124800.0,13400.0,751,SALARIED,15.6,32,0,VEHICLE,545000.0,84,AGGRESSIVE,TRUE
syn-0854,86200.0,35900.0,3500.0,770,RETIRED,4.2,25,2,HOME,4409000.0,240,MODERATE,TRUE
syn-0855,55300.0,24000.0,8500.0,684,SALARIED,1.1,42,2,EDUCATION,502000.0,36,CONSERVATIVE,TRUE
syn-0856,47100.0,31100.0,600.0,720,SELF_EMPLOYED,1.4,46,3,EDUCATION,554000.0,48,CONSERVATIVE,TRUE
syn-0857,480800.0,338000.0,41900.0,874,RETIRED,3.5,47,2,VEHICLE,5932000.0,48,MODERATE,TRUE
syn-0858,76000.0,23300.0,11100.0,827,SALARIED,2.3,28,0,BUSINESS,1325000.0,48,MODERATE,TRUE
syn-0859,39100.0,14200.0,5200.0,686,SELF_EMPLOYED,7.6,32,3,PERSONAL,351000.0,48,MODERATE,TRUE
syn-0860,298600.0,90700.0,13600.0,898,SALARIED,3.4,42,3,HOME,12812000.0,180,MODERATE,TRUE
syn-0861,26300.0,18000.0,1300.0,678,SALARIED,2.7,57,1,VEHICLE,224000.0,12,MODERATE,TRUE
syn-0862,173100.0,104500.0,19000.0,686,RETIRED,6.9,35,3,BUSINESS,4775000.0,48,CONSERVATIVE,TRUE
syn-0863,387000.0,179000.0,46000.0,673,CONTRACT,2.8,37,3,MEDICAL,3007000.0,36,CONSERVATIVE,TRUE
syn-0864,61100.0,15300.0,4300.0,871,SELF_EMPLOYED,2.2,50,0,HOME,1283000.0,240,CONSERVATIVE,TRUE
syn-0865,51500.0,18500.0,1500.0,686,RETIRED,3.5,49,1,BUSINESS,782000.0,84,CONSERVATIVE,TRUE
syn-0866,171200.0,96500.0,20300.0,637,SELF_EMPLOYED,4.9,35,2,EDUCATION,3966000.0,36,AGGRESSIVE,TRUE
syn-0867,353000.0,209300.0,18200.0,696,CONTRACT,10.8,23,2,EDUCATION,8417000.0,24,CONSERVATIVE,TRUE
syn-0868,44600.0,19400.0,2100.0,788,SALARIED,2.8,26,0,BUSINESS,596000.0,36,CONSERVATIVE,TRUE
syn-0869,339000.0,144600.0,37300.0,604,SELF_EMPLOYED,5.5,59,3,MEDICAL,1021000.0,12,MODERATE,TRUE
syn-0870,55600.0,38300.0,8000.0,660,SALARIED,2.0,45,3,VEHICLE,317000.0,36,CONSERVATIVE,TRUE
syn-0871,87400.0,27300.0,14400.0,683,SALARIED,3.3,28,2,PERSONAL,804000.0,36,AGGRESSIVE,TRUE
syn-0872,275200.0,193800.0,19800.0,662,SALARIED,4.7,59,3,HOME,14323000.0,240,AGGRESSIVE,TRUE
syn-0873,200800.0,107300.0,22900.0,722,SALARIED,4.4,25,2,PERSONAL,1846000.0,12,AGGRESSIVE,TRUE
syn-0874,285100.0,112300.0,21100.0,587,SALARIED,4.8,55,1,HOME,13097000.0,120,AGGRESSIVE,TRUE
syn-0875,100200.0,62100.0,11300.0,668,SALARIED,3.6,53,1,EDUCATION,1764000.0,84,CONSERVATIVE,TRUE
syn-0876,186100.0,69100.0,2300.0,721,SALARIED,2.9,28,2,MEDICAL,356000.0,24,CONSERVATIVE,TRUE
syn-0877,286800.0,201800.0,6600.0,689,CONTRACT,6.9,45,2,PERSONAL,2645000.0,36,AGGRESSIVE,TRUE
syn-0878,51300.0,31100.0,8100.0,574,SELF_EMPLOYED,1.9,25,2,VEHICLE,631000.0,60,AGGRESSIVE,TRUE
syn-0879,120600.0,74900.0,17800.0,775,CONTRACT,16.3,30,1,HOME,1608000.0,84,MODERATE,TRUE
syn-0880,393500.0,202700.0,51500.0,736,SALARIED,5.4,27,3,MEDICAL,2530000.0,12,CONSERVATIVE,TRUE
syn-0881,47900.0,17000.0,8100.0,873,CONTRACT,6.1,50,0,VEHICLE,397000.0,60,CONSERVATIVE,TRUE
syn-0882,310400.0,93100.0,45800.0,651,SALARIED,2.1,50,1,VEHICLE,936000.0,36,MODERATE,TRUE
syn-0883,89500.0,55800.0,8700.0,722,SALARIED,3.2,41,0,HOME,1212000.0,180,CONSERVATIVE,TRUE
syn-0884,383700.0,124200.0,60500.0,615,SELF_EMPLOYED,6.0,30,3,MEDICAL,1660000.0,36,AGGRESSIVE,TRUE
syn-0885,205900.0,80300.0,100.0,747,CONTRACT,2.0,46,1,HOME,4513000.0,84,CONSERVATIVE,TRUE
syn-0886,31900.0,19000.0,1000.0,646,SALARIED,9.7,46,0,BUSINESS,907000.0,60,CONSERVATIVE,TRUE
syn-0887,48700.0,34000.0,6200.0,806,SALARIED,9.8,43,2,VEHICLE,679000.0,24,AGGRESSIVE,TRUE
syn-0888,322600.0,166800.0,41300.0,709,SALARIED,4.2,44,1,BUSINESS,5961000.0,60,CONSERVATIVE,TRUE
syn-0889,408700.0,135000.0,34300.0,734,SALARIED,4.1,28,0,VEHICLE,6437000.0,48,MODERATE,TRUE
syn-0890,36900.0,14700.0,4100.0,732,CONTRACT,8.8,26,3,MEDICAL,84000.0,36,AGGRESSIVE,TRUE
syn-0891,27100.0,19000.0,4500.0,818,SELF_EMPLOYED,7.2,58,3,EDUCATION,564000.0,48,AGGRESSIVE,TRUE
syn-0892,68100.0,18200.0,6300.0,815,SALARIED,7.1,24,0,BUSINESS,1494000.0,120,AGGRESSIVE,TRUE
syn-0893,92300.0,47100.0,16400.0,701,SALARIED,4.9,60,2,BUSINESS,2386000.0,36,CONSERVATIVE,TRUE
syn-0894,28000.0,15900.0,1100.0,738,SALARIED,7.7,28,0,BUSINESS,803000.0,24,AGGRESSIVE,TRUE
syn-0895,498100.0,129400.0,86600.0,698,RETIRED,5.9,60,2,PERSONAL,4866000.0,24,AGGRESSIVE,TRUE
syn-0896,25700.0,14700.0,1400.0,688,SELF_EMPLOYED,11.0,41,2,HOME,1126000.0,120,AGGRESSIVE,TRUE
syn-0897,217900.0,141900.0,8200.0,841,CONTRACT,5.0,43,1,HOME,3161000.0,60,MODERATE,TRUE
syn-0898,320500.0,200800.0,47600.0,554,CONTRACT,2.6,55,0,MEDICAL,2223000.0,36,CONSERVATIVE,TRUE
syn-0899,53500.0,36600.0,8300.0,663,SALARIED,10.4,47,2,VEHICLE,413000.0,60,AGGRESSIVE,TRUE
syn-0900,220000.0,147400.0,31000.0,738,SALARIED,5.9,33,0,PERSONAL,2313000.0,48,AGGRESSIVE,TRUE
syn-0901,223700.0,114900.0,38300.0,696,RETIRED,6.6,52,1,EDUCATION,1192000.0,24,CONSERVATIVE,TRUE
syn-0902,300000.0,173700.0,36700.0,693,SALARIED,6.0,55,3,PERSONAL,1006000.0,24,MODERATE,TRUE
syn-0903,160100.0,93400.0,14400.0,877,SELF_EMPLOYED,3.6,40,1,VEHICLE,1234000.0,48,AGGRESSIVE,TRUE
syn-0904,31700.0,12500.0,5000.0,538,SALARIED,10.8,39,2,HOME,1468000.0,240,CONSERVATIVE,TRUE
syn-0905,146700.0,83200.0,18200.0,787,SELF_EMPLOYED,4.7,60,0,BUSINESS,1363000.0,36,AGGRESSIVE,TRUE
syn-0906,44100.0,30900.0,1200.0,686,SELF_EMPLOYED,3.4,62,1,BUSINESS,459000.0,84,MODERATE,TRUE
syn-0907,156600.0,75500.0,24700.0,673,CONTRACT,8.0,52,2,EDUCATION,2675000.0,36,AGGRESSIVE,TRUE
syn-0908,469900.0,152800.0,61300.0,657,SALARIED,15.5,61,2,EDUCATION,9041000.0,24,CONSERVATIVE,TRUE
syn-0909,198600.0,132300.0,31500.0,660,SALARIED,9.3,36,3,MEDICAL,1339000.0,60,AGGRESSIVE,TRUE
syn-0910,250300.0,179300.0,33300.0,530,SALARIED,9.3,29,2,BUSINESS,5460000.0,24,CONSERVATIVE,TRUE
syn-0911,41700.0,29700.0,4300.0,749,SALARIED,0.6,40,2,MEDICAL,334000.0,36,AGGRESSIVE,TRUE
syn-0912,131300.0,58900.0,23500.0,675,SELF_EMPLOYED,9.1,51,2,BUSINESS,777000.0,48,MODERATE,TRUE
syn-0913,205800.0,79200.0,35700.0,793,RETIRED,5.9,38,0,BUSINESS,2462000.0,36,MODERATE,TRUE
syn-0914,482500.0,141100.0,72100.0,774,CONTRACT,11.1,46,3,PERSONAL,921000.0,24,MODERATE,TRUE
syn-0915,69700.0,37200.0,12400.0,740,CONTRACT,11.1,24,2,EDUCATION,561000.0,120,AGGRESSIVE,TRUE
syn-0916,383500.0,253000.0,49300.0,635,SALARIED,4.7,49,3,PERSONAL,2922000.0,36,CONSERVATIVE,TRUE
syn-0917,36100.0,10300.0,4400.0,743,SALARIED,4.8,35,3,MEDICAL,104000.0,48,CONSERVATIVE,TRUE
syn-0918,449200.0,116200.0,69700.0,616,SALARIED,7.1,27,0,VEHICLE,3112000.0,24,MODERATE,TRUE
syn-0919,396400.0,107300.0,22000.0,752,SALARIED,6.0,50,2,EDUCATION,9146000.0,60,CONSERVATIVE,TRUE
syn-0920,31100.0,19300.0,2800.0,617,SALARIED,5.5,55,1,PERSONAL,99000.0,12,CONSERVATIVE,TRUE
syn-0921,319900.0,115300.0,48300.0,671,SELF_EMPLOYED,10.7,42,2,MEDICAL,1877000.0,12,CONSERVATIVE,TRUE
syn-0922,176700.0,105800.0,3400.0,630,SALARIED,5.9,28,3,VEHICLE,633000.0,24,CONSERVATIVE,TRUE
syn-0923,354700.0,179800.0,16200.0,615,SALARIED,8.1,56,2,VEHICLE,5257000.0,60,CONSERVATIVE,TRUE
syn-0924,80700.0,47900.0,4300.0,575,SALARIED,5.6,31,1,BUSINESS,1180000.0,84,CONSERVATIVE,TRUE
syn-0925,35600.0,13400.0,2200.0,771,CONTRACT,3.1,32,1,MEDICAL,60000.0,36,MODERATE,TRUE
syn-0926,70400.0,45600.0,800.0,803,SALARIED,4.6,28,1,EDUCATION,1727000.0,120,AGGRESSIVE,TRUE
syn-0927,428500.0,276300.0,54700.0,900,RETIRED,0.2,34,1,HOME,11583000.0,180,AGGRESSIVE,TRUE
syn-0928,307300.0,113800.0,10500.0,604,SALARIED,2.4,42,3,PERSONAL,810000.0,36,AGGRESSIVE,TRUE
syn-0929,137500.0,59100.0,4900.0,806,SALARIED,8.7,59,0,BUSINESS,3248000.0,48,CONSERVATIVE,TRUE
syn-0930,38100.0,13200.0,4700.0,630,SALARIED,6.7,26,1,EDUCATION,928000.0,120,AGGRESSIVE,TRUE
syn-0931,245200.0,134700.0,28300.0,690,SELF_EMPLOYED,4.7,38,3,EDUCATION,6470000.0,36,AGGRESSIVE,TRUE
syn-0932,351500.0,92900.0,41300.0,757,SELF_EMPLOYED,11.6,27,0,MEDICAL,910000.0,48,CONSERVATIVE,TRUE
syn-0933,258300.0,172400.0,9200.0,563,SELF_EMPLOYED,8.6,33,2,VEHICLE,1845000.0,48,CONSERVATIVE,TRUE
syn-0934,102000.0,38400.0,7400.0,540,SELF_EMPLOYED,3.0,23,1,VEHICLE,1651000.0,12,CONSERVATIVE,TRUE
syn-0935,282800.0,79000.0,19000.0,640,SELF_EMPLOYED,8.1,50,2,MEDICAL,1582000.0,24,MODERATE,TRUE
syn-0936,45400.0,21000.0,900.0,728,SELF_EMPLOYED,5.9,46,1,EDUCATION,450000.0,84,CONSERVATIVE,TRUE
syn-0937,217300.0,116700.0,11100.0,742,SALARIED,3.9,62,3,BUSINESS,1196000.0,24,AGGRESSIVE,TRUE
syn-0938,183900.0,63900.0,17700.0,631,SELF_EMPLOYED,1.4,36,0,HOME,6848000.0,60,AGGRESSIVE,TRUE
syn-0939,44800.0,19900.0,200.0,857,SALARIED,2.5,26,0,MEDICAL,340000.0,60,AGGRESSIVE,TRUE
syn-0940,188600.0,75700.0,7500.0,513,SALARIED,3.4,39,2,PERSONAL,939000.0,48,MODERATE,TRUE
syn-0941,82900.0,27200.0,12300.0,763,SALARIED,4.5,43,2,BUSINESS,540000.0,48,MODERATE,TRUE
syn-0942,175100.0,124400.0,10300.0,669,SELF_EMPLOYED,7.6,54,3,MEDICAL,531000.0,12,AGGRESSIVE,TRUE
syn-0943,83700.0,60200.0,1600.0,731,SALARIED,11.1,52,1,PERSONAL,345000.0,12,AGGRESSIVE,TRUE
syn-0944,433800.0,282800.0,7100.0,715,SELF_EMPLOYED,1.7,43,3,HOME,12159000.0,240,MODERATE,TRUE
syn-0945,41300.0,14700.0,4000.0,809,SALARIED,7.6,46,3,MEDICAL,114000.0,60,AGGRESSIVE,TRUE
syn-0946,26300.0,17500.0,200.0,823,CONTRACT,0.5,48,1,BUSINESS,766000.0,60,AGGRESSIVE,TRUE
syn-0947,76600.0,42500.0,7300.0,690,SELF_EMPLOYED,10.6,56,0,MEDICAL,514000.0,60,CONSERVATIVE,TRUE
syn-0948,228800.0,111500.0,24600.0,709,SALARIED,5.9,52,3,HOME,4833000.0,240,CONSERVATIVE,TRUE
syn-0949,54000.0,21700.0,2100.0,733,SALARIED,0.8,57,0,BUSINESS,876000.0,120,CONSERVATIVE,TRUE
syn-0950,26100.0,18300.0,2300.0,657,SALARIED,9.8,33,2,HOME,523000.0,60,MODERATE,TRUE
syn-0951,213500.0,59900.0,8000.0,653,CONTRACT,7.8,40,0,EDUCATION,4744000.0,120,MODERATE,TRUE
syn-0952,54300.0,14200.0,400.0,870,SELF_EMPLOYED,3.9,42,0,VEHICLE,697000.0,84,AGGRESSIVE,TRUE
syn-0953,232000.0,101800.0,29000.0,757,SALARIED,2.6,50,2,HOME,8915000.0,120,MODERATE,TRUE
syn-0954,363200.0,196300.0,28500.0,781,CONTRACT,2.7,46,0,BUSINESS,9663000.0,60,AGGRESSIVE,TRUE
syn-0955,62900.0,24600.0,3800.0,752,SALARIED,8.8,57,1,VEHICLE,790000.0,60,AGGRESSIVE,TRUE
syn-0956,198000.0,78200.0,34900.0,750,SALARIED,4.9,30,2,BUSINESS,4398000.0,84,CONSERVATIVE,TRUE
syn-0957,30900.0,19100.0,600.0,746,SALARIED,10.9,40,3,PERSONAL,273000.0,24,AGGRESSIVE,TRUE
syn-0958,35600.0,10300.0,4300.0,709,SALARIED,9.6,43,2,PERSONAL,261000.0,12,AGGRESSIVE,TRUE
syn-0959,163100.0,106300.0,4500.0,553,CONTRACT,5.5,40,0,PERSONAL,1090000.0,48,AGGRESSIVE,TRUE
syn-0960,165600.0,53900.0,28700.0,718,SELF_EMPLOYED,3.3,58,0,PERSONAL,544000.0,36,AGGRESSIVE,TRUE
syn-0961,233800.0,140800.0,14700.0,607,SELF_EMPLOYED,2.3,44,2,EDUCATION,2111000.0,36,AGGRESSIVE,TRUE
syn-0962,89200.0,33300.0,6800.0,731,SALARIED,4.9,28,0,BUSINESS,1349000.0,24,AGGRESSIVE,TRUE
syn-0963,349200.0,214800.0,38900.0,696,SALARIED,5.3,44,3,BUSINESS,4458000.0,60,MODERATE,TRUE
syn-0964,176000.0,69200.0,23300.0,693,RETIRED,0.2,58,0,PERSONAL,1875000.0,48,AGGRESSIVE,TRUE
syn-0965,351400.0,142100.0,58300.0,723,SALARIED,7.9,26,2,VEHICLE,1545000.0,84,MODERATE,TRUE
syn-0966,64800.0,46400.0,7500.0,673,SALARIED,10.8,52,2,HOME,2194000.0,120,CONSERVATIVE,TRUE
syn-0967,463300.0,244100.0,17600.0,731,SALARIED,8.9,38,0,HOME,9283000.0,60,MODERATE,TRUE
syn-0968,151600.0,40900.0,11400.0,768,SALARIED,2.9,56,0,MEDICAL,460000.0,60,AGGRESSIVE,TRUE
syn-0969,176100.0,123300.0,30100.0,728,SALARIED,12.9,45,2,PERSONAL,1538000.0,36,MODERATE,TRUE
syn-0970,32900.0,22900.0,3500.0,731,SALARIED,9.4,26,0,PERSONAL,123000.0,48,AGGRESSIVE,TRUE
syn-0971,478200.0,241300.0,59400.0,683,SALARIED,3.2,36,2,HOME,19921000.0,60,MODERATE,TRUE
syn-0972,36600.0,10300.0,400.0,688,SELF_EMPLOYED,2.2,49,2,PERSONAL,377000.0,24,MODERATE,TRUE
syn-0973,31900.0,17200.0,3200.0,710,SALARIED,4.0,27,0,MEDICAL,245000.0,24,MODERATE,TRUE
syn-0974,54100.0,34500.0,5800.0,661,SALARIED,3.3,53,2,PERSONAL,368000.0,12,AGGRESSIVE,TRUE
syn-0975,132100.0,37300.0,14900.0,654,CONTRACT,7.6,38,2,PERSONAL,287000.0,24,CONSERVATIVE,TRUE
syn-0976,417800.0,182600.0,45300.0,583,SALARIED,9.7,54,1,PERSONAL,1073000.0,24,AGGRESSIVE,TRUE
syn-0977,135700.0,53300.0,17300.0,759,SALARIED,0.1,47,2,PERSONAL,543000.0,24,AGGRESSIVE,TRUE
syn-0978,85200.0,29900.0,4700.0,662,SALARIED,3.3,40,3,HOME,1396000.0,60,AGGRESSIVE,TRUE
syn-0979,31000.0,10100.0,3300.0,554,SELF_EMPLOYED,2.9,31,2,MEDICAL,208000.0,60,MODERATE,TRUE
syn-0980,179700.0,103800.0,21900.0,688,SELF_EMPLOYED,15.1,56,0,PERSONAL,1223000.0,48,AGGRESSIVE,TRUE
syn-0981,36100.0,9700.0,1600.0,724,SALARIED,14.8,53,2,PERSONAL,91000.0,12,CONSERVATIVE,TRUE
syn-0982,142600.0,60700.0,18000.0,867,SALARIED,12.2,42,2,VEHICLE,1176000.0,84,AGGRESSIVE,TRUE
syn-0983,138300.0,43500.0,15700.0,820,SELF_EMPLOYED,13.5,59,3,EDUCATION,825000.0,84,MODERATE,TRUE
syn-0984,93900.0,65000.0,9200.0,630,SELF_EMPLOYED,6.0,53,0,EDUCATION,677000.0,84,MODERATE,TRUE
syn-0985,36300.0,18100.0,2700.0,702,SALARIED,6.5,44,0,BUSINESS,858000.0,60,AGGRESSIVE,TRUE
syn-0986,428200.0,223800.0,17300.0,709,SALARIED,8.1,36,0,PERSONAL,1091000.0,24,MODERATE,TRUE
syn-0987,92100.0,57600.0,12700.0,647,SALARIED,5.2,40,1,VEHICLE,588000.0,24,MODERATE,TRUE
syn-0988,34200.0,13000.0,6200.0,579,SALARIED,5.9,24,0,EDUCATION,775000.0,48,CONSERVATIVE,TRUE
syn-0989,47400.0,33200.0,7900.0,599,SALARIED,7.8,40,1,HOME,2460000.0,240,MODERATE,TRUE
syn-0990,93200.0,67000.0,900.0,547,SELF_EMPLOYED,8.8,52,0,EDUCATION,1539000.0,120,CONSERVATIVE,TRUE
syn-0991,50200.0,33700.0,6100.0,593,SELF_EMPLOYED,3.2,45,0,HOME,1022000.0,240,CONSERVATIVE,TRUE
syn-0992,72900.0,51800.0,600.0,661,SALARIED,1.7,40,0,MEDICAL,492000.0,12,AGGRESSIVE,TRUE
syn-0993,153400.0,49100.0,6800.0,819,SELF_EMPLOYED,2.1,60,1,HOME,7468000.0,240,CONSERVATIVE,TRUE
syn-0994,60900.0,24800.0,10200.0,685,SALARIED,9.1,50,0,VEHICLE,462000.0,24,AGGRESSIVE,TRUE
syn-0995,300100.0,76500.0,46000.0,727,SALARIED,4.4,59,0,MEDICAL,973000.0,24,CONSERVATIVE,TRUE
syn-0996,273400.0,142300.0,38000.0,649,SALARIED,10.4,36,2,VEHICLE,4105000.0,60,AGGRESSIVE,TRUE
syn-0997,80300.0,37000.0,12900.0,769,SALARIED,1.1,59,0,EDUCATION,2029000.0,24,AGGRESSIVE,TRUE
syn-0998,41900.0,28600.0,3600.0,692,SALARIED,1.4,49,2,MEDICAL,335000.0,48,AGGRESSIVE,TRUE
syn-0999,107000.0,45100.0,13400.0,700,SALARIED,6.3,54,0,BUSINESS,1593000.0,84,CONSERVATIVE,TRUE
syn-1000,296800.0,184100.0,27900.0,604,SALARIED,6.6,58,0,HOME,5861000.0,60,MODERATE,TRUE
syn-1001,275000.0,176100.0,47200.0,572,SALARIED,7.1,44,1,VEHICLE,3376000.0,60,MODERATE,TRUE
syn-1002,90300.0,35900.0,2800.0,722,SALARIED,9.5,37,2,EDUCATION,2026000.0,24,CONSERVATIVE,TRUE
syn-1003,104200.0,67200.0,2500.0,743,SALARIED,1.2,24,2,PERSONAL,1028000.0,12,AGGRESSIVE,TRUE
syn-1004,31600.0,11400.0,3700.0,831,SELF_EMPLOYED,9.3,28,1,BUSINESS,328000.0,60,AGGRESSIVE,TRUE
syn-1005,103200.0,65700.0,12600.0,725,RETIRED,4.4,56,0,MEDICAL,147000.0,60,MODERATE,TRUE
syn-1006,87500.0,38500.0,15000.0,677,SALARIED,10.3,24,3,MEDICAL,719000.0,24,MODERATE,TRUE
syn-1007,95700.0,37600.0,14900.0,635,SELF_EMPLOYED,6.2,62,2,BUSINESS,1465000.0,84,MODERATE,TRUE
syn-1008,184600.0,127100.0,9700.0,826,SELF_EMPLOYED,7.9,26,2,PERSONAL,655000.0,12,CONSERVATIVE,TRUE
syn-1009,215100.0,97600.0,37000.0,687,SALARIED,3.4,55,0,EDUCATION,3411000.0,84,MODERATE,TRUE
syn-1010,101200.0,43300.0,8600.0,900,SELF_EMPLOYED,1.8,53,0,BUSINESS,2673000.0,36,CONSERVATIVE,TRUE
syn-1011,66900.0,43700.0,6900.0,775,SALARIED,13.4,51,0,VEHICLE,700000.0,36,MODERATE,TRUE
syn-1012,164700.0,73000.0,11100.0,655,SELF_EMPLOYED,8.0,44,1,VEHICLE,1068000.0,24,CONSERVATIVE,TRUE
syn-1013,75500.0,38200.0,10500.0,770,SALARIED,9.4,37,1,VEHICLE,363000.0,24,AGGRESSIVE,TRUE
syn-1014,227800.0,123200.0,32300.0,773,SALARIED,1.1,35,0,MEDICAL,910000.0,12,MODERATE,TRUE
syn-1015,460800.0,283300.0,65900.0,632,CONTRACT,0.9,51,2,VEHICLE,5167000.0,60,AGGRESSIVE,TRUE
syn-1016,307600.0,99400.0,12800.0,774,SALARIED,4.8,42,0,VEHICLE,2406000.0,48,AGGRESSIVE,TRUE
syn-1017,266200.0,100100.0,47300.0,617,SELF_EMPLOYED,1.1,23,0,PERSONAL,2506000.0,36,CONSERVATIVE,TRUE
syn-1018,31400.0,9500.0,4800.0,653,SALARIED,2.6,55,3,BUSINESS,235000.0,60,AGGRESSIVE,TRUE
syn-1019,215300.0,121800.0,1700.0,579,SALARIED,1.0,39,1,PERSONAL,1686000.0,24,AGGRESSIVE,TRUE
syn-1020,303200.0,131700.0,26700.0,856,SALARIED,4.7,40,2,PERSONAL,1517000.0,36,AGGRESSIVE,TRUE
syn-1021,105500.0,58000.0,14900.0,804,SELF_EMPLOYED,6.5,50,2,MEDICAL,775000.0,48,AGGRESSIVE,TRUE
syn-1022,182200.0,112000.0,22100.0,706,SELF_EMPLOYED,2.7,36,0,EDUCATION,4045000.0,120,CONSERVATIVE,TRUE
syn-1023,402700.0,104400.0,46100.0,598,SELF_EMPLOYED,3.8,45,2,HOME,18502000.0,120,MODERATE,TRUE
syn-1024,149900.0,86200.0,25800.0,639,RETIRED,7.1,51,2,HOME,7528000.0,240,MODERATE,TRUE
syn-1025,26900.0,10000.0,2500.0,663,RETIRED,1.3,41,0,MEDICAL,207000.0,48,MODERATE,TRUE
syn-1026,486100.0,159200.0,3000.0,816,SELF_EMPLOYED,0.6,33,2,VEHICLE,1979000.0,48,MODERATE,TRUE
syn-1027,156200.0,109000.0,17400.0,670,CONTRACT,12.4,26,3,PERSONAL,706000.0,24,CONSERVATIVE,TRUE
syn-1028,42100.0,23600.0,3000.0,572,SALARIED,0.3,53,2,VEHICLE,289000.0,12,AGGRESSIVE,TRUE
syn-1029,399600.0,186000.0,49700.0,699,SALARIED,4.4,45,1,EDUCATION,6093000.0,48,MODERATE,TRUE
syn-1030,197700.0,64900.0,22500.0,668,SALARIED,4.4,38,1,EDUCATION,4458000.0,48,MODERATE,TRUE
syn-1031,141400.0,47200.0,6900.0,826,RETIRED,10.3,33,0,PERSONAL,1118000.0,48,AGGRESSIVE,TRUE
syn-1032,60900.0,21200.0,7000.0,783,SALARIED,18.7,44,2,HOME,2529000.0,84,CONSERVATIVE,TRUE
syn-1033,62700.0,39000.0,5200.0,680,SALARIED,6.8,24,2,VEHICLE,337000.0,48,AGGRESSIVE,TRUE
syn-1034,403900.0,103800.0,42000.0,519,SALARIED,7.1,25,3,MEDICAL,1618000.0,24,MODERATE,TRUE
syn-1035,143400.0,40100.0,11400.0,757,SALARIED,6.8,41,2,HOME,5345000.0,180,CONSERVATIVE,TRUE
syn-1036,105500.0,58000.0,12300.0,706,SALARIED,4.2,50,2,VEHICLE,1176000.0,12,MODERATE,TRUE
syn-1037,110100.0,53600.0,14100.0,816,SALARIED,1.9,58,3,EDUCATION,586000.0,48,CONSERVATIVE,TRUE
syn-1038,29200.0,14900.0,4600.0,832,SALARIED,6.0,28,3,MEDICAL,243000.0,24,CONSERVATIVE,TRUE
syn-1039,48900.0,28300.0,600.0,577,CONTRACT,9.6,34,2,BUSINESS,962000.0,84,MODERATE,TRUE
syn-1040,244400.0,70400.0,22100.0,730,SALARIED,0.8,52,2,VEHICLE,3616000.0,48,CONSERVATIVE,TRUE
syn-1041,165000.0,76700.0,3700.0,708,CONTRACT,7.6,33,1,MEDICAL,225000.0,24,AGGRESSIVE,TRUE
syn-1042,32500.0,19300.0,4100.0,725,SALARIED,1.2,42,0,VEHICLE,101000.0,24,AGGRESSIVE,TRUE
syn-1043,436400.0,171800.0,17800.0,653,SELF_EMPLOYED,0.9,58,2,BUSINESS,9566000.0,84,CONSERVATIVE,TRUE
syn-1044,67000.0,46800.0,6200.0,823,SELF_EMPLOYED,7.0,52,1,BUSINESS,1749000.0,120,CONSERVATIVE,TRUE
syn-1045,171500.0,60900.0,30700.0,727,SALARIED,10.0,33,2,MEDICAL,1293000.0,36,CONSERVATIVE,TRUE
syn-1046,201400.0,102000.0,12200.0,679,SELF_EMPLOYED,7.9,49,2,HOME,10381000.0,240,CONSERVATIVE,TRUE
syn-1047,28900.0,8300.0,4400.0,609,SELF_EMPLOYED,6.4,30,0,VEHICLE,146000.0,60,AGGRESSIVE,TRUE
syn-1048,77000.0,43300.0,6400.0,794,SALARIED,7.4,25,2,PERSONAL,486000.0,12,AGGRESSIVE,TRUE
syn-1049,53800.0,37500.0,7700.0,704,SALARIED,5.1,26,3,EDUCATION,962000.0,24,CONSERVATIVE,TRUE
syn-1050,26500.0,15700.0,2400.0,606,SELF_EMPLOYED,8.9,29,2,VEHICLE,410000.0,12,MODERATE,TRUE
syn-1051,229500.0,116300.0,34000.0,820,SELF_EMPLOYED,7.2,52,1,EDUCATION,5039000.0,120,MODERATE,TRUE
syn-1052,150800.0,59400.0,6300.0,757,SELF_EMPLOYED,9.4,28,0,HOME,7196000.0,84,CONSERVATIVE,TRUE
syn-1053,133000.0,51800.0,3700.0,847,SALARIED,3.4,50,1,MEDICAL,177000.0,48,CONSERVATIVE,TRUE
syn-1054,99300.0,69400.0,10000.0,683,SALARIED,7.2,40,1,MEDICAL,522000.0,24,MODERATE,TRUE
syn-1055,87100.0,61900.0,10800.0,652,SELF_EMPLOYED,9.5,32,3,MEDICAL,186000.0,60,AGGRESSIVE,TRUE
syn-1056,353700.0,213000.0,25700.0,655,SELF_EMPLOYED,2.1,48,3,VEHICLE,4531000.0,48,CONSERVATIVE,TRUE
syn-1057,29600.0,8500.0,1400.0,722,CONTRACT,12.1,23,0,MEDICAL,168000.0,48,MODERATE,TRUE
syn-1058,76800.0,26200.0,12800.0,622,SALARIED,9.5,56,2,VEHICLE,770000.0,84,CONSERVATIVE,TRUE
syn-1059,197700.0,123600.0,11900.0,848,SALARIED,2.6,44,0,HOME,3668000.0,240,AGGRESSIVE,TRUE
syn-1060,103600.0,27300.0,2700.0,650,RETIRED,2.2,52,0,PERSONAL,1005000.0,48,MODERATE,TRUE
syn-1061,293600.0,112400.0,7100.0,829,CONTRACT,9.2,59,3,VEHICLE,1742000.0,60,AGGRESSIVE,TRUE
syn-1062,103000.0,49000.0,10300.0,639,CONTRACT,3.2,28,0,VEHICLE,501000.0,12,AGGRESSIVE,TRUE
syn-1063,393700.0,143200.0,63400.0,797,SELF_EMPLOYED,3.8,39,0,HOME,18324000.0,120,CONSERVATIVE,TRUE
syn-1064,229200.0,141500.0,34700.0,716,CONTRACT,6.1,50,3,HOME,9005000.0,60,MODERATE,TRUE
syn-1065,48600.0,25100.0,3400.0,670,SELF_EMPLOYED,10.0,51,3,MEDICAL,125000.0,24,AGGRESSIVE,TRUE
syn-1066,110400.0,47300.0,19100.0,699,SALARIED,1.8,54,1,EDUCATION,2011000.0,84,AGGRESSIVE,TRUE
syn-1067,288300.0,201000.0,15500.0,760,RETIRED,3.1,52,1,HOME,4153000.0,60,AGGRESSIVE,TRUE
syn-1068,159800.0,93300.0,22600.0,623,SELF_EMPLOYED,5.5,31,3,VEHICLE,1007000.0,36,MODERATE,TRUE
syn-1069,27100.0,11000.0,3400.0,710,SALARIED,3.7,55,0,BUSINESS,648000.0,120,CONSERVATIVE,TRUE
syn-1070,115900.0,34100.0,8900.0,646,SELF_EMPLOYED,7.0,54,2,PERSONAL,794000.0,24,AGGRESSIVE,TRUE
syn-1071,136700.0,62000.0,1600.0,605,CONTRACT,5.7,41,0,PERSONAL,377000.0,24,AGGRESSIVE,TRUE
syn-1072,49000.0,22300.0,4700.0,734,SELF_EMPLOYED,6.5,41,1,VEHICLE,680000.0,84,MODERATE,TRUE
syn-1073,80800.0,27200.0,2600.0,664,SALARIED,2.0,24,1,VEHICLE,774000.0,36,MODERATE,TRUE
syn-1074,31000.0,20900.0,4600.0,672,SELF_EMPLOYED,10.0,53,0,EDUCATION,745000.0,60,CONSERVATIVE,TRUE
syn-1075,91000.0,59700.0,3800.0,807,SALARIED,8.5,36,0,VEHICLE,353000.0,12,CONSERVATIVE,TRUE
syn-1076,362000.0,198300.0,61800.0,700,CONTRACT,13.5,54,1,HOME,15005000.0,60,AGGRESSIVE,TRUE
syn-1077,208400.0,57200.0,22000.0,728,SELF_EMPLOYED,11.4,59,3,EDUCATION,2266000.0,24,CONSERVATIVE,TRUE
syn-1078,134700.0,83200.0,9300.0,654,SELF_EMPLOYED,5.3,27,2,MEDICAL,865000.0,60,MODERATE,TRUE
syn-1079,235000.0,142700.0,27400.0,793,SALARIED,6.4,31,0,HOME,4506000.0,240,AGGRESSIVE,TRUE
syn-1080,144800.0,91800.0,10500.0,762,SALARIED,9.1,56,1,EDUCATION,2592000.0,84,MODERATE,TRUE
syn-1081,228800.0,58900.0,30700.0,708,SALARIED,2.7,36,2,MEDICAL,1472000.0,48,CONSERVATIVE,TRUE
syn-1082,183200.0,75600.0,28600.0,800,SALARIED,9.0,62,0,HOME,4560000.0,120,AGGRESSIVE,TRUE
syn-1083,119000.0,57500.0,8700.0,628,SALARIED,1.9,54,0,HOME,5647000.0,84,AGGRESSIVE,TRUE
syn-1084,152400.0,87800.0,15800.0,787,SALARIED,12.7,35,3,BUSINESS,3155000.0,84,MODERATE,TRUE
syn-1085,175800.0,82000.0,8400.0,761,CONTRACT,5.3,61,1,HOME,4462000.0,60,AGGRESSIVE,TRUE
syn-1086,78000.0,35100.0,10300.0,595,SALARIED,2.6,26,2,HOME,4178000.0,84,CONSERVATIVE,TRUE
syn-1087,300700.0,121000.0,19300.0,712,SELF_EMPLOYED,2.7,56,0,HOME,15456000.0,60,AGGRESSIVE,TRUE
syn-1088,55200.0,27700.0,3000.0,648,SALARIED,7.5,59,3,HOME,2877000.0,120,CONSERVATIVE,TRUE
syn-1089,408000.0,109200.0,30200.0,842,SELF_EMPLOYED,6.6,55,2,HOME,19646000.0,84,AGGRESSIVE,TRUE
syn-1090,69800.0,18900.0,8200.0,680,SALARIED,1.8,50,2,MEDICAL,95000.0,24,CONSERVATIVE,TRUE
syn-1091,30500.0,12500.0,4900.0,499,SELF_EMPLOYED,3.6,28,1,HOME,1585000.0,240,MODERATE,TRUE
syn-1092,153500.0,74300.0,24400.0,711,SALARIED,3.8,34,2,PERSONAL,989000.0,24,AGGRESSIVE,TRUE
syn-1093,45300.0,20200.0,3200.0,542,SALARIED,2.9,44,1,EDUCATION,628000.0,24,MODERATE,TRUE
syn-1094,129600.0,49000.0,14500.0,866,SELF_EMPLOYED,5.9,62,0,VEHICLE,2063000.0,48,AGGRESSIVE,TRUE
syn-1095,362700.0,101500.0,4000.0,710,SALARIED,9.0,24,2,BUSINESS,10554000.0,24,AGGRESSIVE,TRUE
syn-1096,180300.0,92700.0,19400.0,576,SELF_EMPLOYED,3.2,40,1,PERSONAL,1246000.0,36,CONSERVATIVE,TRUE
syn-1097,39500.0,19500.0,6100.0,674,SELF_EMPLOYED,3.3,42,1,HOME,1963000.0,180,CONSERVATIVE,TRUE
syn-1098,33800.0,8800.0,1300.0,831,SELF_EMPLOYED,1.4,31,1,MEDICAL,205000.0,12,AGGRESSIVE,TRUE
syn-1099,260300.0,89600.0,41900.0,736,SALARIED,1.2,43,0,VEHICLE,1185000.0,24,MODERATE,TRUE
syn-1100,40000.0,24700.0,6300.0,695,RETIRED,5.0,34,3,VEHICLE,490000.0,84,AGGRESSIVE,TRUE
syn-1101,35700.0,15900.0,3300.0,607,SALARIED,4.0,29,2,VEHICLE,583000.0,84,CONSERVATIVE,TRUE
syn-1102,63200.0,20500.0,1800.0,719,SELF_EMPLOYED,6.2,55,0,EDUCATION,896000.0,84,AGGRESSIVE,TRUE
syn-1103,143300.0,90400.0,4100.0,652,SELF_EMPLOYED,3.5,62,0,EDUCATION,1520000.0,48,CONSERVATIVE,TRUE
syn-1104,25800.0,10800.0,1500.0,753,SALARIED,5.6,34,3,BUSINESS,327000.0,36,AGGRESSIVE,TRUE
syn-1105,130400.0,84100.0,17800.0,629,SALARIED,1.6,24,0,HOME,1823000.0,84,CONSERVATIVE,TRUE
syn-1106,31200.0,21300.0,2900.0,739,SALARIED,0.4,38,1,EDUCATION,526000.0,48,CONSERVATIVE,TRUE
syn-1107,325500.0,109900.0,48000.0,767,SALARIED,4.5,33,0,HOME,14761000.0,120,AGGRESSIVE,TRUE
syn-1108,30800.0,14900.0,5400.0,603,SALARIED,10.9,61,2,EDUCATION,660000.0,36,MODERATE,TRUE
syn-1109,239500.0,93900.0,40700.0,760,SELF_EMPLOYED,0.0,31,2,MEDICAL,883000.0,24,AGGRESSIVE,TRUE
syn-1110,114400.0,70600.0,11600.0,728,SELF_EMPLOYED,8.5,30,3,HOME,2761000.0,180,AGGRESSIVE,TRUE
syn-1111,29400.0,10900.0,4300.0,809,SELF_EMPLOYED,3.5,36,2,EDUCATION,525000.0,48,CONSERVATIVE,TRUE
syn-1112,193100.0,124600.0,10100.0,705,SALARIED,3.4,51,3,PERSONAL,912000.0,48,CONSERVATIVE,TRUE
syn-1113,45800.0,12200.0,1900.0,852,SALARIED,0.5,62,2,VEHICLE,692000.0,48,CONSERVATIVE,TRUE
syn-1114,187600.0,55500.0,25300.0,605,CONTRACT,10.3,40,2,HOME,2448000.0,60,CONSERVATIVE,TRUE
syn-1115,104600.0,71000.0,200.0,768,SALARIED,4.8,29,1,EDUCATION,1805000.0,120,CONSERVATIVE,TRUE
syn-1116,144200.0,81600.0,19900.0,685,CONTRACT,5.6,36,1,MEDICAL,745000.0,48,CONSERVATIVE,TRUE
syn-1117,336700.0,158900.0,20100.0,625,SALARIED,6.4,51,2,HOME,17424000.0,120,MODERATE,TRUE
syn-1118,34400.0,13600.0,5200.0,846,SELF_EMPLOYED,7.9,55,1,HOME,764000.0,180,MODERATE,TRUE
syn-1119,155700.0,51400.0,3100.0,626,SELF_EMPLOYED,6.8,53,1,MEDICAL,585000.0,12,CONSERVATIVE,TRUE
syn-1120,102400.0,34300.0,12600.0,691,CONTRACT,5.3,53,2,HOME,1660000.0,84,MODERATE,TRUE
syn-1121,47300.0,20400.0,5100.0,754,CONTRACT,9.5,31,2,BUSINESS,1295000.0,24,AGGRESSIVE,TRUE
syn-1122,273500.0,76100.0,14200.0,673,SALARIED,6.2,50,1,VEHICLE,1854000.0,60,MODERATE,TRUE
syn-1123,80800.0,37700.0,11500.0,729,SALARIED,1.7,45,0,EDUCATION,1653000.0,48,CONSERVATIVE,TRUE
syn-1124,151500.0,85400.0,4400.0,779,SALARIED,1.8,55,2,MEDICAL,576000.0,12,CONSERVATIVE,TRUE
syn-1125,107200.0,49000.0,9000.0,874,SELF_EMPLOYED,3.2,41,1,BUSINESS,2998000.0,84,CONSERVATIVE,TRUE
syn-1126,57000.0,22100.0,1400.0,645,SELF_EMPLOYED,4.9,41,1,MEDICAL,136000.0,60,AGGRESSIVE,TRUE
syn-1127,143300.0,71500.0,18700.0,643,SELF_EMPLOYED,3.6,37,2,MEDICAL,545000.0,36,CONSERVATIVE,TRUE
syn-1128,27900.0,19200.0,700.0,723,SALARIED,11.8,54,2,HOME,930000.0,60,CONSERVATIVE,TRUE
syn-1129,28700.0,9000.0,4400.0,669,CONTRACT,2.4,26,3,BUSINESS,725000.0,24,AGGRESSIVE,TRUE
syn-1130,82300.0,27400.0,9700.0,703,SELF_EMPLOYED,13.9,53,1,BUSINESS,1451000.0,24,CONSERVATIVE,TRUE
syn-1131,53900.0,35700.0,6200.0,701,SALARIED,1.0,51,1,PERSONAL,230000.0,36,MODERATE,TRUE
syn-1132,241900.0,103800.0,32900.0,726,SELF_EMPLOYED,6.4,52,2,PERSONAL,1979000.0,12,MODERATE,TRUE
syn-1133,55100.0,31700.0,2500.0,733,SALARIED,9.4,36,2,EDUCATION,1165000.0,60,AGGRESSIVE,TRUE
syn-1134,300100.0,118700.0,2500.0,646,SELF_EMPLOYED,9.1,57,2,VEHICLE,2047000.0,60,CONSERVATIVE,TRUE
syn-1135,450600.0,296800.0,13100.0,772,CONTRACT,12.0,43,0,MEDICAL,1421000.0,36,CONSERVATIVE,TRUE
syn-1136,40900.0,26100.0,5700.0,721,SALARIED,11.2,42,3,BUSINESS,706000.0,36,MODERATE,TRUE
syn-1137,28900.0,14400.0,3100.0,705,SALARIED,5.4,32,0,PERSONAL,228000.0,36,MODERATE,TRUE
syn-1138,30300.0,11700.0,2800.0,655,CONTRACT,3.4,32,0,HOME,873000.0,240,CONSERVATIVE,TRUE
syn-1139,277600.0,151200.0,32300.0,798,RETIRED,11.8,38,2,VEHICLE,3921000.0,48,MODERATE,TRUE
syn-1140,26100.0,17900.0,3300.0,537,SELF_EMPLOYED,10.3,60,0,BUSINESS,231000.0,24,MODERATE,TRUE
syn-1141,266200.0,88200.0,800.0,700,SALARIED,6.2,31,2,EDUCATION,4738000.0,120,AGGRESSIVE,TRUE
syn-1142,122900.0,69800.0,700.0,540,SALARIED,8.4,39,0,PERSONAL,1204000.0,24,AGGRESSIVE,TRUE
syn-1143,204900.0,55200.0,13000.0,660,SALARIED,15.7,33,2,HOME,9696000.0,240,CONSERVATIVE,TRUE
syn-1144,214500.0,152500.0,22400.0,630,SELF_EMPLOYED,4.7,35,1,BUSINESS,4968000.0,36,MODERATE,TRUE
syn-1145,48900.0,15800.0,500.0,775,CONTRACT,7.6,26,3,HOME,1413000.0,120,AGGRESSIVE,TRUE
syn-1146,257000.0,124700.0,21900.0,809,SALARIED,2.0,39,2,MEDICAL,661000.0,12,AGGRESSIVE,TRUE
syn-1147,354500.0,242700.0,16600.0,810,SELF_EMPLOYED,10.3,24,1,PERSONAL,1852000.0,12,CONSERVATIVE,TRUE
syn-1148,90700.0,59400.0,9900.0,684,SALARIED,10.2,41,0,HOME,3851000.0,60,CONSERVATIVE,TRUE
syn-1149,52600.0,26400.0,6700.0,802,SALARIED,4.3,23,2,VEHICLE,654000.0,60,CONSERVATIVE,TRUE
syn-1150,37900.0,12200.0,2700.0,675,SALARIED,8.6,24,2,BUSINESS,1082000.0,24,CONSERVATIVE,TRUE
syn-1151,248000.0,165400.0,38800.0,561,SALARIED,6.0,56,2,BUSINESS,3984000.0,24,AGGRESSIVE,TRUE
syn-1152,472600.0,310300.0,29100.0,627,CONTRACT,5.3,56,0,HOME,14486000.0,84,MODERATE,TRUE
syn-1153,67300.0,41400.0,9500.0,551,SALARIED,8.0,24,2,PERSONAL,707000.0,48,MODERATE,TRUE
syn-1154,321300.0,152800.0,34100.0,680,CONTRACT,9.7,39,0,EDUCATION,6312000.0,48,AGGRESSIVE,TRUE
syn-1155,484600.0,327300.0,23900.0,606,CONTRACT,9.4,51,0,MEDICAL,1419000.0,24,MODERATE,TRUE
syn-1156,34900.0,22900.0,1100.0,743,SALARIED,7.5,36,3,MEDICAL,290000.0,60,AGGRESSIVE,TRUE
syn-1157,96900.0,46100.0,12400.0,840,SALARIED,1.1,55,1,VEHICLE,486000.0,60,MODERATE,TRUE
syn-1158,323200.0,178700.0,18400.0,646,RETIRED,5.0,43,0,MEDICAL,2698000.0,36,MODERATE,TRUE
syn-1159,142100.0,65200.0,3500.0,654,SALARIED,11.6,31,0,MEDICAL,337000.0,48,AGGRESSIVE,TRUE
syn-1160,452500.0,267300.0,1700.0,656,SALARIED,3.8,36,0,VEHICLE,3725000.0,36,AGGRESSIVE,TRUE
syn-1161,105400.0,67600.0,15500.0,736,SALARIED,0.7,62,2,VEHICLE,667000.0,24,AGGRESSIVE,TRUE
syn-1162,90400.0,44800.0,9100.0,692,SALARIED,2.0,27,0,HOME,4320000.0,180,CONSERVATIVE,TRUE
syn-1163,358900.0,144300.0,12300.0,796,SELF_EMPLOYED,11.5,48,2,MEDICAL,619000.0,60,CONSERVATIVE,TRUE
syn-1164,52700.0,18100.0,1600.0,691,SALARIED,6.3,48,1,VEHICLE,216000.0,84,AGGRESSIVE,TRUE
syn-1165,32900.0,13900.0,2900.0,841,SELF_EMPLOYED,5.5,38,3,HOME,1679000.0,84,CONSERVATIVE,TRUE
syn-1166,192300.0,114200.0,24100.0,822,SALARIED,10.6,29,2,BUSINESS,4273000.0,120,AGGRESSIVE,TRUE
syn-1167,108800.0,74100.0,8500.0,784,SELF_EMPLOYED,7.4,32,0,PERSONAL,964000.0,36,AGGRESSIVE,TRUE
syn-1168,65300.0,19600.0,3900.0,679,SELF_EMPLOYED,10.2,32,1,MEDICAL,468000.0,36,CONSERVATIVE,TRUE
syn-1169,32100.0,18900.0,4400.0,553,SELF_EMPLOYED,0.2,29,1,PERSONAL,254000.0,36,AGGRESSIVE,TRUE
syn-1170,252400.0,101000.0,38700.0,770,SALARIED,10.6,59,3,EDUCATION,4532000.0,48,AGGRESSIVE,TRUE
syn-1171,167300.0,61600.0,9300.0,829,CONTRACT,13.1,40,0,PERSONAL,1115000.0,24,CONSERVATIVE,TRUE
syn-1172,334100.0,179900.0,14100.0,749,SELF_EMPLOYED,5.0,31,2,PERSONAL,3300000.0,36,CONSERVATIVE,TRUE
syn-1173,298200.0,106300.0,49200.0,739,SALARIED,2.2,29,2,BUSINESS,3568000.0,84,AGGRESSIVE,TRUE
syn-1174,189800.0,110800.0,6700.0,577,SALARIED,10.0,26,3,MEDICAL,1197000.0,48,CONSERVATIVE,TRUE
syn-1175,34400.0,22300.0,4200.0,695,SELF_EMPLOYED,6.9,62,0,BUSINESS,490000.0,120,CONSERVATIVE,TRUE
syn-1176,107000.0,33900.0,17600.0,707,SELF_EMPLOYED,9.5,27,2,PERSONAL,246000.0,48,AGGRESSIVE,TRUE
syn-1177,89600.0,35700.0,15900.0,669,SELF_EMPLOYED,11.9,37,3,BUSINESS,889000.0,48,MODERATE,TRUE
syn-1178,207600.0,126100.0,6300.0,663,SELF_EMPLOYED,0.2,55,1,VEHICLE,2941000.0,24,MODERATE,TRUE
syn-1179,92800.0,26400.0,14900.0,573,SALARIED,5.7,32,2,BUSINESS,2066000.0,60,MODERATE,TRUE
syn-1180,485500.0,155400.0,50000.0,611,RETIRED,3.0,53,2,BUSINESS,3760000.0,24,MODERATE,TRUE
syn-1181,26800.0,15700.0,500.0,736,CONTRACT,2.9,59,0,BUSINESS,771000.0,36,MODERATE,TRUE
syn-1182,30700.0,15700.0,700.0,763,SALARIED,9.6,36,1,EDUCATION,440000.0,24,AGGRESSIVE,TRUE
syn-1183,132400.0,36900.0,7900.0,640,SELF_EMPLOYED,10.0,56,0,EDUCATION,2779000.0,120,MODERATE,TRUE
syn-1184,73000.0,45600.0,3900.0,752,CONTRACT,5.4,51,2,HOME,3462000.0,180,MODERATE,TRUE
syn-1185,26100.0,9800.0,3400.0,624,SALARIED,8.4,39,0,VEHICLE,298000.0,48,MODERATE,TRUE
syn-1186,159600.0,83200.0,2600.0,849,CONTRACT,4.0,45,3,MEDICAL,1296000.0,12,CONSERVATIVE,TRUE
syn-1187,90100.0,43200.0,10400.0,795,SALARIED,7.0,34,1,MEDICAL,431000.0,36,AGGRESSIVE,TRUE
syn-1188,458600.0,195600.0,38100.0,704,CONTRACT,1.6,52,0,PERSONAL,3020000.0,48,AGGRESSIVE,TRUE
syn-1189,365900.0,124000.0,7900.0,688,CONTRACT,7.6,59,0,HOME,6922000.0,180,MODERATE,TRUE
syn-1190,110900.0,38400.0,11500.0,779,CONTRACT,14.2,36,2,MEDICAL,471000.0,36,AGGRESSIVE,TRUE
syn-1191,82200.0,43200.0,100.0,649,CONTRACT,0.0,57,2,PERSONAL,415000.0,48,CONSERVATIVE,TRUE
syn-1192,100200.0,62900.0,2000.0,745,SALARIED,12.4,33,1,PERSONAL,993000.0,24,CONSERVATIVE,TRUE
syn-1193,202900.0,72400.0,20700.0,739,SALARIED,10.0,58,0,MEDICAL,422000.0,12,MODERATE,TRUE
syn-1194,26400.0,18800.0,800.0,756,SALARIED,7.4,47,0,EDUCATION,555000.0,48,MODERATE,TRUE
syn-1195,131800.0,74900.0,3100.0,627,SALARIED,0.1,51,0,MEDICAL,354000.0,12,CONSERVATIVE,TRUE
syn-1196,249300.0,148100.0,44400.0,782,SELF_EMPLOYED,7.7,36,2,VEHICLE,3092000.0,24,AGGRESSIVE,TRUE
syn-1197,190300.0,119700.0,26300.0,666,SALARIED,4.4,56,0,VEHICLE,926000.0,36,AGGRESSIVE,TRUE
syn-1198,418100.0,224100.0,64000.0,841,SALARIED,8.3,47,2,EDUCATION,3016000.0,60,MODERATE,TRUE
syn-1199,30100.0,15900.0,5300.0,622,SALARIED,8.7,40,3,EDUCATION,663000.0,120,MODERATE,TRUE
