# SYNTHETIC DATA — generated by training/generate_data.py. These customers, portfolios and interactions are fabricated. Not real banking data. Loan product lender names are real Indian lenders; their rates and limits are APPROXIMATE figures near published rate cards, not quotes, and imply no offer or approval.
user_id,record_type,days_ago,product_id,purpose,amount,tenure,strategy,suitability,status,event_type,SYNTHETIC
syn-0000,RECOMMENDATION,26.0,EL-302,BUSINESS,108500.0,24,BORROW_20_LIQUIDATE_80,0.943,RECOMMENDED,,TRUE
syn-0000,EVENT,25.244292610266225,EL-302,,,,,,,VIEWED,TRUE
syn-0003,RECOMMENDATION,492.1,HL-103,MEDICAL,141400.0,12,BORROW_60_LIQUIDATE_40,0.939,RECOMMENDED,,TRUE
syn-0003,EVENT,491.45749354491454,HL-103,,,,,,,DECLINED,TRUE
syn-0005,RECOMMENDATION,296.7,PL-403,HOME,5552300.0,120,BORROW_20_LIQUIDATE_80,0.876,RECOMMENDED,,TRUE
syn-0005,EVENT,296.2042628303069,PL-403,,,,,,,ACCEPTED,TRUE
syn-0006,RECOMMENDATION,307.8,HL-103,MEDICAL,1715500.0,24,BORROW_40_LIQUIDATE_60,0.392,RECOMMENDED,,TRUE
syn-0006,EVENT,307.07573280338966,HL-103,,,,,,,DECLINED,TRUE
syn-0006,RECOMMENDATION,506.4,EL-303,PERSONAL,983100.0,84,BORROW_100,0.392,RECOMMENDED,,TRUE
syn-0006,EVENT,505.92609292969433,EL-303,,,,,,,VIEWED,TRUE
syn-0006,RECOMMENDATION,359.2,VL-203,HOME,140200.0,48,BORROW_80_LIQUIDATE_20,0.605,RECOMMENDED,,TRUE
syn-0006,EVENT,358.25924637923146,VL-203,,,,,,,VIEWED,TRUE
syn-0006,RECOMMENDATION,511.4,ML-501,MEDICAL,5857800.0,48,BORROW_60_LIQUIDATE_40,0.53,RECOMMENDED,,TRUE
syn-0006,EVENT,510.7234924333403,ML-501,,,,,,,DECLINED,TRUE
syn-0007,RECOMMENDATION,351.4,EL-303,PERSONAL,2149200.0,84,BORROW_40_LIQUIDATE_60,0.665,RECOMMENDED,,TRUE
syn-0007,EVENT,350.65848872801445,EL-303,,,,,,,ACCEPTED,TRUE
syn-0007,RECOMMENDATION,339.4,PL-403,HOME,609800.0,48,LIQUIDATE_100,0.655,RECOMMENDED,,TRUE
syn-0007,EVENT,339.2828316779581,PL-403,,,,,,,ACCEPTED,TRUE
syn-0007,RECOMMENDATION,141.6,BL-601,PERSONAL,2446200.0,12,BORROW_40_LIQUIDATE_60,0.579,RECOMMENDED,,TRUE
syn-0007,EVENT,141.00899323484265,BL-601,,,,,,,VIEWED,TRUE
syn-0007,RECOMMENDATION,331.3,EL-302,PERSONAL,638700.0,24,LIQUIDATE_100,0.63,RECOMMENDED,,TRUE
syn-0007,EVENT,330.7563636292624,EL-302,,,,,,,DECLINED,TRUE
syn-0013,RECOMMENDATION,513.7,EL-301,PERSONAL,2958600.0,120,BORROW_100,0.325,RECOMMENDED,,TRUE
syn-0013,EVENT,512.9024966526231,EL-301,,,,,,,VIEWED,TRUE
syn-0013,RECOMMENDATION,514.7,EL-301,MEDICAL,136900.0,24,BORROW_80_LIQUIDATE_20,0.665,RECOMMENDED,,TRUE
syn-0013,EVENT,514.6134210147602,EL-301,,,,,,,DECLINED,TRUE
syn-0013,RECOMMENDATION,254.7,EL-303,VEHICLE,173900.0,60,LIQUIDATE_100,0.409,RECOMMENDED,,TRUE
syn-0013,EVENT,254.38544251266092,EL-303,,,,,,,VIEWED,TRUE
syn-0013,RECOMMENDATION,48.5,VL-201,PERSONAL,107300.0,36,BORROW_80_LIQUIDATE_20,0.425,RECOMMENDED,,TRUE
syn-0013,EVENT,47.773265627624085,VL-201,,,,,,,VIEWED,TRUE
syn-0013,RECOMMENDATION,164.8,HL-101,VEHICLE,1549700.0,24,BORROW_20_LIQUIDATE_80,0.309,RECOMMENDED,,TRUE
syn-0013,EVENT,164.60004703253324,HL-101,,,,,,,VIEWED,TRUE
syn-0021,RECOMMENDATION,166.2,HL-102,BUSINESS,1519100.0,24,BORROW_40_LIQUIDATE_60,0.492,RECOMMENDED,,TRUE
syn-0021,EVENT,165.97121771039045,HL-102,,,,,,,DECLINED,TRUE
syn-0022,RECOMMENDATION,221.5,VL-202,VEHICLE,2752700.0,48,BORROW_20_LIQUIDATE_80,0.804,RECOMMENDED,,TRUE
syn-0022,EVENT,221.40224915054569,VL-202,,,,,,,VIEWED,TRUE
syn-0022,RECOMMENDATION,218.4,EL-301,MEDICAL,292100.0,120,LIQUIDATE_100,0.411,RECOMMENDED,,TRUE
syn-0022,EVENT,217.73365816890595,EL-301,,,,,,,DECLINED,TRUE
syn-0024,RECOMMENDATION,406.5,VL-202,PERSONAL,4667100.0,120,BORROW_100,0.807,RECOMMENDED,,TRUE
syn-0024,EVENT,406.43572956772397,VL-202,,,,,,,ACCEPTED,TRUE
syn-0024,RECOMMENDATION,87.5,HL-102,EDUCATION,406600.0,48,LIQUIDATE_100,0.435,RECOMMENDED,,TRUE
syn-0024,EVENT,87.44362748126932,HL-102,,,,,,,VIEWED,TRUE
syn-0025,RECOMMENDATION,524.8,HL-101,BUSINESS,510900.0,48,BORROW_20_LIQUIDATE_80,0.671,RECOMMENDED,,TRUE
syn-0025,EVENT,524.1745588465295,HL-101,,,,,,,VIEWED,TRUE
syn-0025,RECOMMENDATION,282.2,PL-401,BUSINESS,1261500.0,12,BORROW_40_LIQUIDATE_60,0.855,RECOMMENDED,,TRUE
syn-0025,EVENT,281.87059782249486,PL-401,,,,,,,ACCEPTED,TRUE
syn-0025,RECOMMENDATION,45.0,HL-104,HOME,204300.0,24,BORROW_80_LIQUIDATE_20,0.437,RECOMMENDED,,TRUE
syn-0025,EVENT,44.87647494301344,HL-104,,,,,,,VIEWED,TRUE
syn-0025,RECOMMENDATION,433.6,PL-401,HOME,2370000.0,120,BORROW_20_LIQUIDATE_80,0.708,RECOMMENDED,,TRUE
syn-0025,EVENT,433.064813436525,PL-401,,,,,,,ACCEPTED,TRUE
syn-0026,RECOMMENDATION,143.8,HL-102,BUSINESS,362400.0,24,LIQUIDATE_100,0.556,RECOMMENDED,,TRUE
syn-0026,EVENT,143.2759429664679,HL-102,,,,,,,ACCEPTED,TRUE
syn-0026,RECOMMENDATION,84.8,PL-402,EDUCATION,692300.0,48,BORROW_100,0.561,RECOMMENDED,,TRUE
syn-0026,EVENT,84.58092638177246,PL-402,,,,,,,ACCEPTED,TRUE
syn-0030,RECOMMENDATION,230.0,EL-302,PERSONAL,2606600.0,84,LIQUIDATE_100,0.791,RECOMMENDED,,TRUE
syn-0030,EVENT,229.16983493602655,EL-302,,,,,,,VIEWED,TRUE
syn-0030,RECOMMENDATION,346.1,HL-101,VEHICLE,966700.0,24,BORROW_40_LIQUIDATE_60,0.532,RECOMMENDED,,TRUE
syn-0030,EVENT,345.3232286370468,HL-101,,,,,,,ACCEPTED,TRUE
syn-0030,RECOMMENDATION,27.3,VL-202,MEDICAL,4816200.0,84,BORROW_80_LIQUIDATE_20,0.696,RECOMMENDED,,TRUE
syn-0030,EVENT,26.339076796440786,VL-202,,,,,,,VIEWED,TRUE
syn-0037,RECOMMENDATION,492.0,VL-202,BUSINESS,4099100.0,60,BORROW_40_LIQUIDATE_60,0.493,RECOMMENDED,,TRUE
syn-0037,EVENT,491.0670544297312,VL-202,,,,,,,ACCEPTED,TRUE
syn-0041,RECOMMENDATION,15.1,BL-602,BUSINESS,292100.0,84,BORROW_20_LIQUIDATE_80,0.558,RECOMMENDED,,TRUE
syn-0041,EVENT,14.823202673101012,BL-602,,,,,,,ACCEPTED,TRUE
syn-0041,RECOMMENDATION,52.5,VL-202,BUSINESS,2122800.0,24,LIQUIDATE_100,0.712,RECOMMENDED,,TRUE
syn-0041,EVENT,52.239369584633764,VL-202,,,,,,,VIEWED,TRUE
syn-0041,RECOMMENDATION,321.0,VL-201,HOME,489300.0,12,BORROW_20_LIQUIDATE_80,0.571,RECOMMENDED,,TRUE
syn-0041,EVENT,320.5319221045171,VL-201,,,,,,,DECLINED,TRUE
syn-0045,RECOMMENDATION,225.8,PL-403,EDUCATION,1552600.0,12,BORROW_60_LIQUIDATE_40,0.693,RECOMMENDED,,TRUE
syn-0045,EVENT,224.82760933626827,PL-403,,,,,,,VIEWED,TRUE
syn-0045,RECOMMENDATION,113.7,VL-202,VEHICLE,214100.0,60,BORROW_80_LIQUIDATE_20,0.683,RECOMMENDED,,TRUE
syn-0045,EVENT,113.33616543387586,VL-202,,,,,,,VIEWED,TRUE
syn-0046,RECOMMENDATION,397.6,EL-302,HOME,286000.0,24,BORROW_60_LIQUIDATE_40,0.549,RECOMMENDED,,TRUE
syn-0046,EVENT,397.57827001424175,EL-302,,,,,,,VIEWED,TRUE
syn-0046,RECOMMENDATION,411.6,HL-101,HOME,259500.0,48,BORROW_40_LIQUIDATE_60,0.38,RECOMMENDED,,TRUE
syn-0046,EVENT,410.844505846769,HL-101,,,,,,,ACCEPTED,TRUE
syn-0050,RECOMMENDATION,275.3,ML-501,EDUCATION,181800.0,12,LIQUIDATE_100,0.388,RECOMMENDED,,TRUE
syn-0050,EVENT,274.34302443997683,ML-501,,,,,,,ACCEPTED,TRUE
syn-0050,RECOMMENDATION,70.4,HL-103,EDUCATION,101400.0,48,BORROW_80_LIQUIDATE_20,0.437,RECOMMENDED,,TRUE
syn-0050,EVENT,69.50684187902544,HL-103,,,,,,,VIEWED,TRUE
syn-0050,RECOMMENDATION,21.3,PL-403,EDUCATION,2891800.0,120,BORROW_100,0.581,RECOMMENDED,,TRUE
syn-0050,EVENT,21.186523255776187,PL-403,,,,,,,VIEWED,TRUE
syn-0050,RECOMMENDATION,72.9,HL-103,VEHICLE,437100.0,120,BORROW_100,0.434,RECOMMENDED,,TRUE
syn-0050,EVENT,72.8978308903336,HL-103,,,,,,,VIEWED,TRUE
syn-0050,RECOMMENDATION,315.3,EL-301,VEHICLE,4271900.0,120,BORROW_100,0.607,RECOMMENDED,,TRUE
syn-0050,EVENT,315.28600595691995,EL-301,,,,,,,VIEWED,TRUE
syn-0052,RECOMMENDATION,55.6,PL-401,PERSONAL,4126000.0,84,LIQUIDATE_100,0.774,RECOMMENDED,,TRUE
syn-0052,EVENT,54.89946418298771,PL-401,,,,,,,VIEWED,TRUE
syn-0052,RECOMMENDATION,108.1,VL-203,EDUCATION,1829300.0,60,LIQUIDATE_100,0.912,RECOMMENDED,,TRUE
syn-0052,EVENT,108.0642453763254,VL-203,,,,,,,DECLINED,TRUE
syn-0054,RECOMMENDATION,150.2,VL-202,MEDICAL,4254900.0,48,BORROW_40_LIQUIDATE_60,0.943,RECOMMENDED,,TRUE
syn-0054,EVENT,149.2513420198589,VL-202,,,,,,,VIEWED,TRUE
syn-0055,RECOMMENDATION,86.4,BL-602,BUSINESS,450700.0,48,BORROW_20_LIQUIDATE_80,0.676,RECOMMENDED,,TRUE
syn-0055,EVENT,85.8000850316092,BL-602,,,,,,,VIEWED,TRUE
syn-0055,RECOMMENDATION,529.2,PL-401,EDUCATION,804800.0,36,BORROW_20_LIQUIDATE_80,0.311,RECOMMENDED,,TRUE
syn-0055,EVENT,528.3078971895544,PL-401,,,,,,,VIEWED,TRUE
syn-0055,RECOMMENDATION,312.8,HL-104,HOME,2241000.0,60,LIQUIDATE_100,0.824,RECOMMENDED,,TRUE
syn-0055,EVENT,312.4194292410224,HL-104,,,,,,,VIEWED,TRUE
syn-0056,RECOMMENDATION,387.9,HL-102,VEHICLE,5060500.0,120,BORROW_60_LIQUIDATE_40,0.35,RECOMMENDED,,TRUE
syn-0056,EVENT,387.58527490926656,HL-102,,,,,,,VIEWED,TRUE
syn-0056,RECOMMENDATION,370.9,EL-302,PERSONAL,217300.0,48,BORROW_40_LIQUIDATE_60,0.732,RECOMMENDED,,TRUE
syn-0056,EVENT,370.49917736073826,EL-302,,,,,,,ACCEPTED,TRUE
syn-0056,RECOMMENDATION,297.1,PL-403,MEDICAL,1905500.0,48,BORROW_60_LIQUIDATE_40,0.901,RECOMMENDED,,TRUE
syn-0056,EVENT,297.04253047674666,PL-403,,,,,,,DECLINED,TRUE
syn-0056,RECOMMENDATION,344.3,BL-601,EDUCATION,1028500.0,120,LIQUIDATE_100,0.726,RECOMMENDED,,TRUE
syn-0056,EVENT,344.1581151486528,BL-601,,,,,,,ACCEPTED,TRUE
syn-0059,RECOMMENDATION,214.3,EL-303,MEDICAL,673800.0,84,LIQUIDATE_100,0.888,RECOMMENDED,,TRUE
syn-0059,EVENT,213.3749254561215,EL-303,,,,,,,ACCEPTED,TRUE
syn-0059,RECOMMENDATION,440.6,HL-104,HOME,321300.0,36,BORROW_40_LIQUIDATE_60,0.593,RECOMMENDED,,TRUE
syn-0059,EVENT,440.02032951144525,HL-104,,,,,,,ACCEPTED,TRUE
syn-0059,RECOMMENDATION,238.3,EL-303,MEDICAL,391100.0,24,BORROW_60_LIQUIDATE_40,0.356,RECOMMENDED,,TRUE
syn-0059,EVENT,238.2559816646627,EL-303,,,,,,,VIEWED,TRUE
syn-0062,RECOMMENDATION,26.5,VL-201,MEDICAL,2235400.0,60,BORROW_20_LIQUIDATE_80,0.813,RECOMMENDED,,TRUE
syn-0062,EVENT,25.6025157437988,VL-201,,,,,,,DECLINED,TRUE
syn-0062,RECOMMENDATION,326.3,EL-303,EDUCATION,173700.0,36,BORROW_100,0.689,RECOMMENDED,,TRUE
syn-0062,EVENT,326.19613156789865,EL-303,,,,,,,VIEWED,TRUE
syn-0066,RECOMMENDATION,221.2,ML-501,PERSONAL,1322000.0,36,BORROW_80_LIQUIDATE_20,0.513,RECOMMENDED,,TRUE
syn-0066,EVENT,220.90849162579744,ML-501,,,,,,,ACCEPTED,TRUE
syn-0066,RECOMMENDATION,192.6,PL-402,PERSONAL,4688700.0,48,BORROW_20_LIQUIDATE_80,0.502,RECOMMENDED,,TRUE
syn-0066,EVENT,192.30555607967364,PL-402,,,,,,,VIEWED,TRUE
syn-0066,RECOMMENDATION,437.7,ML-501,PERSONAL,181200.0,60,BORROW_80_LIQUIDATE_20,0.64,RECOMMENDED,,TRUE
syn-0066,EVENT,436.7053882076035,ML-501,,,,,,,VIEWED,TRUE
syn-0067,RECOMMENDATION,115.7,PL-401,VEHICLE,858700.0,24,BORROW_100,0.457,RECOMMENDED,,TRUE
syn-0067,EVENT,115.33498714460191,PL-401,,,,,,,VIEWED,TRUE
syn-0079,RECOMMENDATION,219.0,BL-602,PERSONAL,1042600.0,24,LIQUIDATE_100,0.363,RECOMMENDED,,TRUE
syn-0079,EVENT,218.67883075333629,BL-602,,,,,,,ACCEPTED,TRUE
syn-0079,RECOMMENDATION,332.6,BL-601,HOME,2001300.0,24,BORROW_60_LIQUIDATE_40,0.513,RECOMMENDED,,TRUE
syn-0079,EVENT,331.89022625829244,BL-601,,,,,,,ACCEPTED,TRUE
syn-0079,RECOMMENDATION,366.0,BL-602,MEDICAL,581900.0,12,BORROW_100,0.457,RECOMMENDED,,TRUE
syn-0079,EVENT,365.92305510446516,BL-602,,,,,,,VIEWED,TRUE
syn-0079,RECOMMENDATION,454.9,VL-201,BUSINESS,1303400.0,48,BORROW_40_LIQUIDATE_60,0.634,RECOMMENDED,,TRUE
syn-0079,EVENT,454.304808751632,VL-201,,,,,,,VIEWED,TRUE
syn-0080,RECOMMENDATION,167.1,BL-601,PERSONAL,218500.0,84,BORROW_20_LIQUIDATE_80,0.377,RECOMMENDED,,TRUE
syn-0080,EVENT,166.39424932108983,BL-601,,,,,,,DECLINED,TRUE
syn-0080,RECOMMENDATION,434.7,PL-403,PERSONAL,381500.0,84,BORROW_20_LIQUIDATE_80,0.749,RECOMMENDED,,TRUE
syn-0080,EVENT,434.2272516895222,PL-403,,,,,,,DECLINED,TRUE
syn-0080,RECOMMENDATION,49.2,EL-301,MEDICAL,2934200.0,120,BORROW_100,0.558,RECOMMENDED,,TRUE
syn-0080,EVENT,48.63186245341501,EL-301,,,,,,,VIEWED,TRUE
syn-0080,RECOMMENDATION,361.6,HL-101,HOME,6162800.0,36,BORROW_40_LIQUIDATE_60,0.542,RECOMMENDED,,TRUE
syn-0080,EVENT,361.21441731735115,HL-101,,,,,,,VIEWED,TRUE
syn-0081,RECOMMENDATION,269.6,PL-403,EDUCATION,125900.0,24,BORROW_100,0.61,RECOMMENDED,,TRUE
syn-0081,EVENT,269.24694755991686,PL-403,,,,,,,ACCEPTED,TRUE
syn-0081,RECOMMENDATION,178.6,EL-303,MEDICAL,122900.0,120,LIQUIDATE_100,0.543,RECOMMENDED,,TRUE
syn-0081,EVENT,178.5397675929471,EL-303,,,,,,,VIEWED,TRUE
syn-0081,RECOMMENDATION,284.0,EL-301,PERSONAL,1069100.0,48,LIQUIDATE_100,0.303,RECOMMENDED,,TRUE
syn-0081,EVENT,283.29069468505776,EL-301,,,,,,,VIEWED,TRUE
syn-0081,RECOMMENDATION,458.3,HL-102,PERSONAL,618000.0,48,BORROW_40_LIQUIDATE_60,0.345,RECOMMENDED,,TRUE
syn-0081,EVENT,457.5678140753593,HL-102,,,,,,,VIEWED,TRUE
syn-0085,RECOMMENDATION,371.0,EL-302,PERSONAL,1143400.0,12,BORROW_100,0.577,RECOMMENDED,,TRUE
syn-0085,EVENT,370.490197369237,EL-302,,,,,,,ACCEPTED,TRUE
syn-0085,RECOMMENDATION,382.3,PL-401,BUSINESS,152700.0,24,BORROW_40_LIQUIDATE_60,0.689,RECOMMENDED,,TRUE
syn-0085,EVENT,382.2712011527637,PL-401,,,,,,,ACCEPTED,TRUE
syn-0085,RECOMMENDATION,475.0,HL-104,VEHICLE,1038300.0,60,BORROW_60_LIQUIDATE_40,0.857,RECOMMENDED,,TRUE
syn-0085,EVENT,474.4229966034416,HL-104,,,,,,,VIEWED,TRUE
syn-0087,RECOMMENDATION,161.8,HL-103,BUSINESS,2198400.0,24,BORROW_100,0.655,RECOMMENDED,,TRUE
syn-0087,EVENT,161.1611557770318,HL-103,,,,,,,VIEWED,TRUE
syn-0087,RECOMMENDATION,247.0,HL-102,MEDICAL,217500.0,12,BORROW_20_LIQUIDATE_80,0.777,RECOMMENDED,,TRUE
syn-0087,EVENT,246.25991404433083,HL-102,,,,,,,DECLINED,TRUE
syn-0087,RECOMMENDATION,103.4,VL-201,BUSINESS,418700.0,36,BORROW_80_LIQUIDATE_20,0.593,RECOMMENDED,,TRUE
syn-0087,EVENT,102.66694410374049,VL-201,,,,,,,VIEWED,TRUE
syn-0088,RECOMMENDATION,513.7,HL-102,BUSINESS,320200.0,36,BORROW_20_LIQUIDATE_80,0.483,RECOMMENDED,,TRUE
syn-0088,EVENT,513.6486950403332,HL-102,,,,,,,VIEWED,TRUE
syn-0088,RECOMMENDATION,57.7,HL-104,HOME,934400.0,12,BORROW_100,0.318,RECOMMENDED,,TRUE
syn-0088,EVENT,56.80510398726392,HL-104,,,,,,,VIEWED,TRUE
syn-0088,RECOMMENDATION,519.2,PL-402,MEDICAL,115000.0,60,BORROW_60_LIQUIDATE_40,0.921,RECOMMENDED,,TRUE
syn-0088,EVENT,519.0373300913287,PL-402,,,,,,,DECLINED,TRUE
syn-0088,RECOMMENDATION,83.3,HL-102,VEHICLE,283600.0,48,LIQUIDATE_100,0.314,RECOMMENDED,,TRUE
syn-0088,EVENT,82.9885956785953,HL-102,,,,,,,VIEWED,TRUE
syn-0088,RECOMMENDATION,357.9,EL-303,VEHICLE,5132000.0,60,LIQUIDATE_100,0.502,RECOMMENDED,,TRUE
syn-0088,EVENT,357.0004218791026,EL-303,,,,,,,ACCEPTED,TRUE
syn-0091,RECOMMENDATION,78.0,BL-601,PERSONAL,1240000.0,60,BORROW_60_LIQUIDATE_40,0.418,RECOMMENDED,,TRUE
syn-0091,EVENT,77.11861724839433,BL-601,,,,,,,VIEWED,TRUE
syn-0091,RECOMMENDATION,258.9,HL-103,EDUCATION,1636100.0,120,BORROW_40_LIQUIDATE_60,0.429,RECOMMENDED,,TRUE
syn-0091,EVENT,258.2496274445737,HL-103,,,,,,,VIEWED,TRUE
syn-0091,RECOMMENDATION,22.7,EL-302,MEDICAL,234100.0,48,BORROW_20_LIQUIDATE_80,0.734,RECOMMENDED,,TRUE
syn-0091,EVENT,21.801907307838345,EL-302,,,,,,,VIEWED,TRUE
syn-0091,RECOMMENDATION,326.2,HL-104,MEDICAL,443600.0,48,BORROW_40_LIQUIDATE_60,0.949,RECOMMENDED,,TRUE
syn-0091,EVENT,325.6323352164493,HL-104,,,,,,,VIEWED,TRUE
syn-0091,RECOMMENDATION,438.9,EL-302,BUSINESS,225600.0,36,BORROW_100,0.607,RECOMMENDED,,TRUE
syn-0091,EVENT,438.33135371542056,EL-302,,,,,,,DECLINED,TRUE
syn-0093,RECOMMENDATION,192.4,PL-403,VEHICLE,1481500.0,24,BORROW_40_LIQUIDATE_60,0.671,RECOMMENDED,,TRUE
syn-0093,EVENT,192.14667544095207,PL-403,,,,,,,VIEWED,TRUE
syn-0095,RECOMMENDATION,149.9,PL-401,PERSONAL,4023600.0,60,BORROW_80_LIQUIDATE_20,0.686,RECOMMENDED,,TRUE
syn-0095,EVENT,148.91369263498038,PL-401,,,,,,,ACCEPTED,TRUE
syn-0095,RECOMMENDATION,331.1,BL-601,EDUCATION,3533400.0,60,BORROW_40_LIQUIDATE_60,0.944,RECOMMENDED,,TRUE
syn-0095,EVENT,330.8634310319043,BL-601,,,,,,,VIEWED,TRUE
syn-0095,RECOMMENDATION,113.6,VL-203,MEDICAL,101700.0,48,BORROW_80_LIQUIDATE_20,0.874,RECOMMENDED,,TRUE
syn-0095,EVENT,113.1756700582553,VL-203,,,,,,,VIEWED,TRUE
syn-0095,RECOMMENDATION,365.1,PL-402,HOME,454200.0,48,BORROW_80_LIQUIDATE_20,0.372,RECOMMENDED,,TRUE
syn-0095,EVENT,364.41410626944383,PL-402,,,,,,,ACCEPTED,TRUE
syn-0095,RECOMMENDATION,478.1,HL-104,BUSINESS,1115000.0,12,BORROW_20_LIQUIDATE_80,0.338,RECOMMENDED,,TRUE
syn-0095,EVENT,477.250522367273,HL-104,,,,,,,VIEWED,TRUE
syn-0097,RECOMMENDATION,92.2,BL-602,EDUCATION,1756400.0,60,BORROW_40_LIQUIDATE_60,0.832,RECOMMENDED,,TRUE
syn-0097,EVENT,92.1500954810152,BL-602,,,,,,,ACCEPTED,TRUE
syn-0097,RECOMMENDATION,361.1,HL-103,PERSONAL,150200.0,12,BORROW_60_LIQUIDATE_40,0.379,RECOMMENDED,,TRUE
syn-0097,EVENT,360.2906222253453,HL-103,,,,,,,DECLINED,TRUE
syn-0097,RECOMMENDATION,88.7,PL-402,EDUCATION,1895000.0,12,BORROW_100,0.378,RECOMMENDED,,TRUE
syn-0097,EVENT,88.61040437074371,PL-402,,,,,,,VIEWED,TRUE
syn-0097,RECOMMENDATION,307.1,HL-103,MEDICAL,3911400.0,120,BORROW_20_LIQUIDATE_80,0.781,RECOMMENDED,,TRUE
syn-0097,EVENT,306.81206378315716,HL-103,,,,,,,VIEWED,TRUE
syn-0101,RECOMMENDATION,490.1,EL-303,VEHICLE,1641200.0,12,BORROW_100,0.562,RECOMMENDED,,TRUE
syn-0101,EVENT,489.52960619355963,EL-303,,,,,,,VIEWED,TRUE
syn-0103,RECOMMENDATION,304.5,PL-403,EDUCATION,6267700.0,48,BORROW_80_LIQUIDATE_20,0.474,RECOMMENDED,,TRUE
syn-0103,EVENT,304.13539695390637,PL-403,,,,,,,DECLINED,TRUE
syn-0103,RECOMMENDATION,509.1,BL-601,HOME,776500.0,84,BORROW_100,0.325,RECOMMENDED,,TRUE
syn-0103,EVENT,508.1270668070371,BL-601,,,,,,,DECLINED,TRUE
syn-0104,RECOMMENDATION,381.8,BL-602,BUSINESS,196400.0,36,BORROW_60_LIQUIDATE_40,0.655,RECOMMENDED,,TRUE
syn-0104,EVENT,381.7564193846877,BL-602,,,,,,,VIEWED,TRUE
syn-0104,RECOMMENDATION,282.8,VL-203,MEDICAL,505300.0,24,LIQUIDATE_100,0.539,RECOMMENDED,,TRUE
syn-0104,EVENT,281.96110235455905,VL-203,,,,,,,ACCEPTED,TRUE
syn-0104,RECOMMENDATION,332.1,HL-103,BUSINESS,133400.0,48,BORROW_80_LIQUIDATE_20,0.344,RECOMMENDED,,TRUE
syn-0104,EVENT,331.49901790834554,HL-103,,,,,,,VIEWED,TRUE
syn-0104,RECOMMENDATION,109.6,VL-201,EDUCATION,3938400.0,84,BORROW_100,0.706,RECOMMENDED,,TRUE
syn-0104,EVENT,109.48826234325882,VL-201,,,,,,,VIEWED,TRUE
syn-0108,RECOMMENDATION,417.7,HL-103,BUSINESS,555500.0,12,LIQUIDATE_100,0.689,RECOMMENDED,,TRUE
syn-0108,EVENT,416.8027810820834,HL-103,,,,,,,VIEWED,TRUE
syn-0108,RECOMMENDATION,172.6,VL-203,PERSONAL,3751500.0,12,BORROW_80_LIQUIDATE_20,0.651,RECOMMENDED,,TRUE
syn-0108,EVENT,172.14795873620443,VL-203,,,,,,,VIEWED,TRUE
syn-0109,RECOMMENDATION,151.0,EL-301,MEDICAL,980700.0,24,BORROW_100,0.927,RECOMMENDED,,TRUE
syn-0109,EVENT,150.33674382770394,EL-301,,,,,,,VIEWED,TRUE
syn-0109,RECOMMENDATION,378.9,PL-402,EDUCATION,2177500.0,36,BORROW_20_LIQUIDATE_80,0.814,RECOMMENDED,,TRUE
syn-0109,EVENT,378.107180941989,PL-402,,,,,,,VIEWED,TRUE
syn-0109,RECOMMENDATION,344.2,PL-402,BUSINESS,233600.0,24,BORROW_20_LIQUIDATE_80,0.913,RECOMMENDED,,TRUE
syn-0109,EVENT,343.42239832266955,PL-402,,,,,,,VIEWED,TRUE
syn-0110,RECOMMENDATION,398.4,VL-202,HOME,3979300.0,48,BORROW_40_LIQUIDATE_60,0.39,RECOMMENDED,,TRUE
syn-0110,EVENT,398.2694686855207,VL-202,,,,,,,DECLINED,TRUE
syn-0110,RECOMMENDATION,273.4,EL-301,BUSINESS,1142700.0,120,LIQUIDATE_100,0.451,RECOMMENDED,,TRUE
syn-0110,EVENT,272.9415294270168,EL-301,,,,,,,VIEWED,TRUE
syn-0110,RECOMMENDATION,185.1,EL-303,BUSINESS,1154400.0,84,BORROW_20_LIQUIDATE_80,0.506,RECOMMENDED,,TRUE
syn-0110,EVENT,184.77378684283798,EL-303,,,,,,,VIEWED,TRUE
syn-0110,RECOMMENDATION,84.4,PL-403,PERSONAL,207000.0,60,BORROW_20_LIQUIDATE_80,0.8,RECOMMENDED,,TRUE
syn-0110,EVENT,83.692966524794,PL-403,,,,,,,VIEWED,TRUE
syn-0110,RECOMMENDATION,22.0,HL-103,VEHICLE,3888300.0,120,LIQUIDATE_100,0.503,RECOMMENDED,,TRUE
syn-0110,EVENT,21.61979280040615,HL-103,,,,,,,VIEWED,TRUE
syn-0112,RECOMMENDATION,315.8,PL-401,BUSINESS,4468700.0,36,BORROW_40_LIQUIDATE_60,0.494,RECOMMENDED,,TRUE
syn-0112,EVENT,314.83879166495706,PL-401,,,,,,,DECLINED,TRUE
syn-0112,RECOMMENDATION,41.5,BL-601,MEDICAL,169300.0,60,BORROW_60_LIQUIDATE_40,0.58,RECOMMENDED,,TRUE
syn-0112,EVENT,40.8621080818336,BL-601,,,,,,,ACCEPTED,TRUE
syn-0112,RECOMMENDATION,420.8,PL-401,MEDICAL,103600.0,84,BORROW_100,0.757,RECOMMENDED,,TRUE
syn-0112,EVENT,420.2723463392012,PL-401,,,,,,,DECLINED,TRUE
syn-0112,RECOMMENDATION,403.9,PL-403,EDUCATION,516800.0,84,BORROW_100,0.837,RECOMMENDED,,TRUE
syn-0112,EVENT,403.73432595763717,PL-403,,,,,,,VIEWED,TRUE
syn-0112,RECOMMENDATION,56.8,HL-102,PERSONAL,1930700.0,48,BORROW_60_LIQUIDATE_40,0.44,RECOMMENDED,,TRUE
syn-0112,EVENT,56.585067873783565,HL-102,,,,,,,DECLINED,TRUE
syn-0113,RECOMMENDATION,522.3,EL-302,BUSINESS,108400.0,60,LIQUIDATE_100,0.8,RECOMMENDED,,TRUE
syn-0113,EVENT,521.699162720598,EL-302,,,,,,,VIEWED,TRUE
syn-0113,RECOMMENDATION,337.2,EL-302,PERSONAL,1118400.0,120,BORROW_100,0.574,RECOMMENDED,,TRUE
syn-0113,EVENT,336.73557537308454,EL-302,,,,,,,ACCEPTED,TRUE
syn-0113,RECOMMENDATION,360.1,HL-102,MEDICAL,127700.0,84,BORROW_20_LIQUIDATE_80,0.426,RECOMMENDED,,TRUE
syn-0113,EVENT,359.2019064402882,HL-102,,,,,,,DECLINED,TRUE
syn-0113,RECOMMENDATION,24.6,EL-302,EDUCATION,420000.0,84,BORROW_60_LIQUIDATE_40,0.35,RECOMMENDED,,TRUE
syn-0113,EVENT,23.72478094892675,EL-302,,,,,,,ACCEPTED,TRUE
syn-0113,RECOMMENDATION,432.5,VL-201,EDUCATION,469200.0,36,BORROW_60_LIQUIDATE_40,0.409,RECOMMENDED,,TRUE
syn-0113,EVENT,431.56842222128904,VL-201,,,,,,,DECLINED,TRUE
syn-0114,RECOMMENDATION,308.6,BL-602,PERSONAL,516700.0,36,LIQUIDATE_100,0.314,RECOMMENDED,,TRUE
syn-0114,EVENT,308.1567224420819,BL-602,,,,,,,VIEWED,TRUE
syn-0114,RECOMMENDATION,503.1,EL-301,EDUCATION,5831100.0,84,BORROW_60_LIQUIDATE_40,0.333,RECOMMENDED,,TRUE
syn-0114,EVENT,502.70987947485537,EL-301,,,,,,,ACCEPTED,TRUE
syn-0120,RECOMMENDATION,64.2,BL-601,HOME,310900.0,36,BORROW_40_LIQUIDATE_60,0.462,RECOMMENDED,,TRUE
syn-0120,EVENT,63.41228186779457,BL-601,,,,,,,ACCEPTED,TRUE
syn-0120,RECOMMENDATION,182.0,HL-104,MEDICAL,765700.0,12,BORROW_80_LIQUIDATE_20,0.851,RECOMMENDED,,TRUE
syn-0120,EVENT,181.9823769615935,HL-104,,,,,,,ACCEPTED,TRUE
syn-0122,RECOMMENDATION,106.4,EL-302,EDUCATION,790600.0,12,BORROW_20_LIQUIDATE_80,0.895,RECOMMENDED,,TRUE
syn-0122,EVENT,105.55740698258398,EL-302,,,,,,,VIEWED,TRUE
syn-0130,RECOMMENDATION,449.2,BL-602,PERSONAL,956800.0,84,BORROW_80_LIQUIDATE_20,0.377,RECOMMENDED,,TRUE
syn-0130,EVENT,449.08520794418934,BL-602,,,,,,,VIEWED,TRUE
syn-0130,RECOMMENDATION,144.0,BL-602,VEHICLE,2164900.0,48,BORROW_80_LIQUIDATE_20,0.76,RECOMMENDED,,TRUE
syn-0130,EVENT,143.9777665314863,BL-602,,,,,,,DECLINED,TRUE
syn-0130,RECOMMENDATION,322.8,VL-203,VEHICLE,1858900.0,36,BORROW_60_LIQUIDATE_40,0.427,RECOMMENDED,,TRUE
syn-0130,EVENT,322.6341536116878,VL-203,,,,,,,ACCEPTED,TRUE
syn-0130,RECOMMENDATION,269.7,PL-403,EDUCATION,540700.0,120,LIQUIDATE_100,0.739,RECOMMENDED,,TRUE
syn-0130,EVENT,269.2690300328257,PL-403,,,,,,,VIEWED,TRUE
syn-0130,RECOMMENDATION,412.1,BL-601,MEDICAL,254500.0,24,BORROW_80_LIQUIDATE_20,0.949,RECOMMENDED,,TRUE
syn-0130,EVENT,412.02092385643925,BL-601,,,,,,,VIEWED,TRUE
syn-0134,RECOMMENDATION,112.8,HL-101,PERSONAL,1764700.0,60,BORROW_100,0.589,RECOMMENDED,,TRUE
syn-0134,EVENT,112.02569668209613,HL-101,,,,,,,VIEWED,TRUE
syn-0134,RECOMMENDATION,291.1,EL-303,PERSONAL,135700.0,84,BORROW_40_LIQUIDATE_60,0.737,RECOMMENDED,,TRUE
syn-0134,EVENT,290.31502430247036,EL-303,,,,,,,DECLINED,TRUE
syn-0134,RECOMMENDATION,264.2,HL-103,PERSONAL,2432000.0,120,BORROW_40_LIQUIDATE_60,0.561,RECOMMENDED,,TRUE
syn-0134,EVENT,263.3741819512152,HL-103,,,,,,,ACCEPTED,TRUE
syn-0138,RECOMMENDATION,475.5,VL-201,MEDICAL,572900.0,84,BORROW_100,0.599,RECOMMENDED,,TRUE
syn-0138,EVENT,474.8280262980776,VL-201,,,,,,,DECLINED,TRUE
syn-0139,RECOMMENDATION,454.3,HL-103,VEHICLE,549600.0,36,BORROW_40_LIQUIDATE_60,0.482,RECOMMENDED,,TRUE
syn-0139,EVENT,453.3708935571522,HL-103,,,,,,,VIEWED,TRUE
syn-0139,RECOMMENDATION,236.1,BL-602,MEDICAL,1263400.0,12,BORROW_60_LIQUIDATE_40,0.351,RECOMMENDED,,TRUE
syn-0139,EVENT,235.45845778347953,BL-602,,,,,,,VIEWED,TRUE
syn-0139,RECOMMENDATION,451.7,ML-501,EDUCATION,305100.0,84,BORROW_80_LIQUIDATE_20,0.891,RECOMMENDED,,TRUE
syn-0139,EVENT,451.2072798599843,ML-501,,,,,,,ACCEPTED,TRUE
syn-0144,RECOMMENDATION,292.4,VL-202,BUSINESS,749400.0,12,BORROW_20_LIQUIDATE_80,0.831,RECOMMENDED,,TRUE
syn-0144,EVENT,291.4600436403065,VL-202,,,,,,,DECLINED,TRUE
syn-0144,RECOMMENDATION,287.9,VL-201,VEHICLE,4287700.0,84,BORROW_60_LIQUIDATE_40,0.397,RECOMMENDED,,TRUE
syn-0144,EVENT,287.51613478479146,VL-201,,,,,,,VIEWED,TRUE
syn-0144,RECOMMENDATION,306.7,BL-601,HOME,2762800.0,60,BORROW_100,0.459,RECOMMENDED,,TRUE
syn-0144,EVENT,306.01624776487466,BL-601,,,,,,,ACCEPTED,TRUE
syn-0146,RECOMMENDATION,294.6,VL-201,HOME,6308600.0,24,BORROW_60_LIQUIDATE_40,0.856,RECOMMENDED,,TRUE
syn-0146,EVENT,293.7408537340747,VL-201,,,,,,,ACCEPTED,TRUE
syn-0148,RECOMMENDATION,69.6,BL-602,VEHICLE,813100.0,12,LIQUIDATE_100,0.777,RECOMMENDED,,TRUE
syn-0148,EVENT,69.45712593101673,BL-602,,,,,,,VIEWED,TRUE
syn-0148,RECOMMENDATION,444.4,EL-301,PERSONAL,587700.0,48,BORROW_40_LIQUIDATE_60,0.383,RECOMMENDED,,TRUE
syn-0148,EVENT,443.84865753164996,EL-301,,,,,,,ACCEPTED,TRUE
syn-0150,RECOMMENDATION,411.8,EL-303,MEDICAL,191400.0,48,BORROW_60_LIQUIDATE_40,0.509,RECOMMENDED,,TRUE
syn-0150,EVENT,411.0156725778045,EL-303,,,,,,,ACCEPTED,TRUE
syn-0155,RECOMMENDATION,76.6,PL-403,HOME,913100.0,84,BORROW_100,0.65,RECOMMENDED,,TRUE
syn-0155,EVENT,76.22310404341508,PL-403,,,,,,,VIEWED,TRUE
syn-0167,RECOMMENDATION,67.1,ML-501,HOME,114800.0,36,BORROW_20_LIQUIDATE_80,0.792,RECOMMENDED,,TRUE
syn-0167,EVENT,66.19847968913547,ML-501,,,,,,,ACCEPTED,TRUE
syn-0167,RECOMMENDATION,425.3,EL-302,MEDICAL,1537100.0,36,BORROW_80_LIQUIDATE_20,0.738,RECOMMENDED,,TRUE
syn-0167,EVENT,424.45169205977186,EL-302,,,,,,,DECLINED,TRUE
syn-0172,RECOMMENDATION,14.5,PL-402,VEHICLE,1407800.0,12,BORROW_20_LIQUIDATE_80,0.793,RECOMMENDED,,TRUE
syn-0172,EVENT,14.302216051361022,PL-402,,,,,,,VIEWED,TRUE
syn-0172,RECOMMENDATION,143.1,HL-102,HOME,3277500.0,120,BORROW_20_LIQUIDATE_80,0.49,RECOMMENDED,,TRUE
syn-0172,EVENT,142.9920661305856,HL-102,,,,,,,VIEWED,TRUE
syn-0172,RECOMMENDATION,390.9,HL-103,MEDICAL,152500.0,120,BORROW_20_LIQUIDATE_80,0.375,RECOMMENDED,,TRUE
syn-0172,EVENT,390.3124865566106,HL-103,,,,,,,ACCEPTED,TRUE
syn-0172,RECOMMENDATION,138.8,PL-402,MEDICAL,271800.0,60,BORROW_100,0.735,RECOMMENDED,,TRUE
syn-0172,EVENT,137.96471852922022,PL-402,,,,,,,VIEWED,TRUE
syn-0173,RECOMMENDATION,251.1,PL-403,EDUCATION,242200.0,36,BORROW_60_LIQUIDATE_40,0.331,RECOMMENDED,,TRUE
syn-0173,EVENT,250.67637001030863,PL-403,,,,,,,VIEWED,TRUE
syn-0173,RECOMMENDATION,507.0,PL-401,EDUCATION,5423800.0,84,LIQUIDATE_100,0.342,RECOMMENDED,,TRUE
syn-0173,EVENT,506.21572748238617,PL-401,,,,,,,VIEWED,TRUE
syn-0175,RECOMMENDATION,160.4,VL-202,MEDICAL,5738700.0,84,BORROW_40_LIQUIDATE_60,0.656,RECOMMENDED,,TRUE
syn-0175,EVENT,160.25325334904443,VL-202,,,,,,,ACCEPTED,TRUE
syn-0179,RECOMMENDATION,286.4,HL-101,VEHICLE,255300.0,36,BORROW_40_LIQUIDATE_60,0.552,RECOMMENDED,,TRUE
syn-0179,EVENT,286.17528150291685,HL-101,,,,,,,VIEWED,TRUE
syn-0180,RECOMMENDATION,424.8,VL-202,VEHICLE,184200.0,120,BORROW_40_LIQUIDATE_60,0.752,RECOMMENDED,,TRUE
syn-0180,EVENT,424.71127746085955,VL-202,,,,,,,VIEWED,TRUE
syn-0180,RECOMMENDATION,205.8,EL-303,VEHICLE,195200.0,36,BORROW_80_LIQUIDATE_20,0.573,RECOMMENDED,,TRUE
syn-0180,EVENT,205.28582946498074,EL-303,,,,,,,VIEWED,TRUE
syn-0180,RECOMMENDATION,48.9,PL-403,MEDICAL,3778100.0,120,BORROW_40_LIQUIDATE_60,0.471,RECOMMENDED,,TRUE
syn-0180,EVENT,48.666586531913275,PL-403,,,,,,,DECLINED,TRUE
syn-0182,RECOMMENDATION,72.3,HL-104,VEHICLE,569800.0,60,BORROW_60_LIQUIDATE_40,0.475,RECOMMENDED,,TRUE
syn-0182,EVENT,71.70632096529636,HL-104,,,,,,,VIEWED,TRUE
syn-0186,RECOMMENDATION,329.1,EL-302,EDUCATION,109600.0,60,BORROW_60_LIQUIDATE_40,0.678,RECOMMENDED,,TRUE
syn-0186,EVENT,328.1428256669933,EL-302,,,,,,,ACCEPTED,TRUE
syn-0189,RECOMMENDATION,367.0,ML-501,EDUCATION,898300.0,60,BORROW_60_LIQUIDATE_40,0.731,RECOMMENDED,,TRUE
syn-0189,EVENT,366.61353928887445,ML-501,,,,,,,ACCEPTED,TRUE
syn-0189,RECOMMENDATION,233.4,ML-501,PERSONAL,261500.0,24,BORROW_60_LIQUIDATE_40,0.852,RECOMMENDED,,TRUE
syn-0189,EVENT,232.43155610811073,ML-501,,,,,,,VIEWED,TRUE
syn-0189,RECOMMENDATION,329.0,BL-601,EDUCATION,427200.0,12,BORROW_40_LIQUIDATE_60,0.63,RECOMMENDED,,TRUE
syn-0189,EVENT,328.8849039796371,BL-601,,,,,,,DECLINED,TRUE
syn-0189,RECOMMENDATION,331.4,ML-501,MEDICAL,2232400.0,36,BORROW_60_LIQUIDATE_40,0.713,RECOMMENDED,,TRUE
syn-0189,EVENT,330.4898860420247,ML-501,,,,,,,VIEWED,TRUE
syn-0189,RECOMMENDATION,178.5,VL-201,PERSONAL,186600.0,60,BORROW_20_LIQUIDATE_80,0.756,RECOMMENDED,,TRUE
syn-0189,EVENT,177.6368703221907,VL-201,,,,,,,VIEWED,TRUE
syn-0193,RECOMMENDATION,303.7,VL-203,EDUCATION,111300.0,60,BORROW_60_LIQUIDATE_40,0.772,RECOMMENDED,,TRUE
syn-0193,EVENT,303.1900628746316,VL-203,,,,,,,ACCEPTED,TRUE
syn-0193,RECOMMENDATION,240.8,PL-402,MEDICAL,251700.0,120,BORROW_80_LIQUIDATE_20,0.347,RECOMMENDED,,TRUE
syn-0193,EVENT,240.35333170963023,PL-402,,,,,,,ACCEPTED,TRUE
syn-0193,RECOMMENDATION,377.0,HL-102,PERSONAL,2871800.0,120,BORROW_100,0.658,RECOMMENDED,,TRUE
syn-0193,EVENT,376.09374887912765,HL-102,,,,,,,ACCEPTED,TRUE
syn-0197,RECOMMENDATION,201.4,ML-501,MEDICAL,109700.0,36,BORROW_80_LIQUIDATE_20,0.311,RECOMMENDED,,TRUE
syn-0197,EVENT,200.66358011937723,ML-501,,,,,,,ACCEPTED,TRUE
syn-0197,RECOMMENDATION,345.1,ML-501,MEDICAL,543200.0,12,BORROW_60_LIQUIDATE_40,0.766,RECOMMENDED,,TRUE
syn-0197,EVENT,344.1208198546328,ML-501,,,,,,,VIEWED,TRUE
syn-0197,RECOMMENDATION,33.0,VL-203,VEHICLE,432100.0,120,BORROW_40_LIQUIDATE_60,0.616,RECOMMENDED,,TRUE
syn-0197,EVENT,32.374073265423064,VL-203,,,,,,,ACCEPTED,TRUE
syn-0197,RECOMMENDATION,362.1,HL-102,HOME,454400.0,120,BORROW_100,0.642,RECOMMENDED,,TRUE
syn-0197,EVENT,361.24385537132486,HL-102,,,,,,,VIEWED,TRUE
syn-0200,RECOMMENDATION,472.3,HL-103,VEHICLE,1399900.0,84,LIQUIDATE_100,0.559,RECOMMENDED,,TRUE
syn-0200,EVENT,472.21082872832267,HL-103,,,,,,,ACCEPTED,TRUE
syn-0202,RECOMMENDATION,520.4,PL-403,HOME,227100.0,24,BORROW_100,0.672,RECOMMENDED,,TRUE
syn-0202,EVENT,519.4884385551723,PL-403,,,,,,,ACCEPTED,TRUE
syn-0202,RECOMMENDATION,88.5,EL-301,EDUCATION,3565000.0,84,BORROW_40_LIQUIDATE_60,0.42,RECOMMENDED,,TRUE
syn-0202,EVENT,88.35104485654652,EL-301,,,,,,,VIEWED,TRUE
syn-0202,RECOMMENDATION,127.5,BL-601,PERSONAL,155500.0,84,LIQUIDATE_100,0.591,RECOMMENDED,,TRUE
syn-0202,EVENT,127.28813081472775,BL-601,,,,,,,DECLINED,TRUE
syn-0202,RECOMMENDATION,293.8,HL-103,VEHICLE,172900.0,48,BORROW_80_LIQUIDATE_20,0.878,RECOMMENDED,,TRUE
syn-0202,EVENT,293.25165384966414,HL-103,,,,,,,VIEWED,TRUE
syn-0202,RECOMMENDATION,96.7,HL-103,PERSONAL,388100.0,12,LIQUIDATE_100,0.552,RECOMMENDED,,TRUE
syn-0202,EVENT,95.98896388706335,HL-103,,,,,,,VIEWED,TRUE
syn-0203,RECOMMENDATION,354.3,HL-103,EDUCATION,732000.0,60,LIQUIDATE_100,0.839,RECOMMENDED,,TRUE
syn-0203,EVENT,354.15029947162327,HL-103,,,,,,,ACCEPTED,TRUE
syn-0203,RECOMMENDATION,182.6,PL-403,MEDICAL,186600.0,84,BORROW_40_LIQUIDATE_60,0.918,RECOMMENDED,,TRUE
syn-0203,EVENT,182.2193909240812,PL-403,,,,,,,VIEWED,TRUE
syn-0203,RECOMMENDATION,318.9,ML-501,MEDICAL,116400.0,36,BORROW_80_LIQUIDATE_20,0.704,RECOMMENDED,,TRUE
syn-0203,EVENT,318.8039089653521,ML-501,,,,,,,ACCEPTED,TRUE
syn-0212,RECOMMENDATION,101.0,BL-602,BUSINESS,2126900.0,60,BORROW_100,0.946,RECOMMENDED,,TRUE
syn-0212,EVENT,100.46310891046711,BL-602,,,,,,,VIEWED,TRUE
syn-0212,RECOMMENDATION,24.0,PL-401,EDUCATION,127500.0,36,BORROW_100,0.761,RECOMMENDED,,TRUE
syn-0212,EVENT,23.23442744835632,PL-401,,,,,,,ACCEPTED,TRUE
syn-0212,RECOMMENDATION,55.7,ML-501,BUSINESS,157200.0,120,BORROW_40_LIQUIDATE_60,0.437,RECOMMENDED,,TRUE
syn-0212,EVENT,54.81153255404395,ML-501,,,,,,,VIEWED,TRUE
syn-0214,RECOMMENDATION,177.3,PL-401,MEDICAL,895200.0,84,BORROW_60_LIQUIDATE_40,0.587,RECOMMENDED,,TRUE
syn-0214,EVENT,176.4325214061051,PL-401,,,,,,,VIEWED,TRUE
syn-0214,RECOMMENDATION,326.9,BL-601,VEHICLE,2136200.0,120,BORROW_80_LIQUIDATE_20,0.327,RECOMMENDED,,TRUE
syn-0214,EVENT,326.0625059244884,BL-601,,,,,,,VIEWED,TRUE
syn-0219,RECOMMENDATION,417.8,HL-103,EDUCATION,201200.0,48,BORROW_40_LIQUIDATE_60,0.658,RECOMMENDED,,TRUE
syn-0219,EVENT,417.729455527694,HL-103,,,,,,,VIEWED,TRUE
syn-0219,RECOMMENDATION,468.1,BL-602,HOME,5970700.0,120,BORROW_80_LIQUIDATE_20,0.658,RECOMMENDED,,TRUE
syn-0219,EVENT,467.22140718912334,BL-602,,,,,,,ACCEPTED,TRUE
syn-0220,RECOMMENDATION,193.0,PL-401,VEHICLE,1033200.0,36,LIQUIDATE_100,0.406,RECOMMENDED,,TRUE
syn-0220,EVENT,192.17314320937223,PL-401,,,,,,,VIEWED,TRUE
syn-0220,RECOMMENDATION,53.2,VL-202,BUSINESS,2024500.0,36,BORROW_80_LIQUIDATE_20,0.508,RECOMMENDED,,TRUE
syn-0220,EVENT,52.49816467152261,VL-202,,,,,,,VIEWED,TRUE
syn-0220,RECOMMENDATION,516.2,BL-601,PERSONAL,1585100.0,24,BORROW_80_LIQUIDATE_20,0.578,RECOMMENDED,,TRUE
syn-0220,EVENT,515.6196237728345,BL-601,,,,,,,VIEWED,TRUE
syn-0221,RECOMMENDATION,209.5,VL-202,EDUCATION,1044600.0,48,BORROW_60_LIQUIDATE_40,0.551,RECOMMENDED,,TRUE
syn-0221,EVENT,208.9100266397201,VL-202,,,,,,,ACCEPTED,TRUE
syn-0221,RECOMMENDATION,480.2,PL-402,VEHICLE,685900.0,60,BORROW_40_LIQUIDATE_60,0.332,RECOMMENDED,,TRUE
syn-0221,EVENT,479.62359787469006,PL-402,,,,,,,DECLINED,TRUE
syn-0221,RECOMMENDATION,434.7,HL-101,VEHICLE,2233600.0,24,BORROW_80_LIQUIDATE_20,0.66,RECOMMENDED,,TRUE
syn-0221,EVENT,434.454619515664,HL-101,,,,,,,VIEWED,TRUE
syn-0221,RECOMMENDATION,456.1,PL-401,PERSONAL,2362300.0,120,BORROW_100,0.476,RECOMMENDED,,TRUE
syn-0221,EVENT,455.2861933367876,PL-401,,,,,,,VIEWED,TRUE
syn-0223,RECOMMENDATION,512.0,PL-401,BUSINESS,593600.0,120,BORROW_20_LIQUIDATE_80,0.748,RECOMMENDED,,TRUE
syn-0223,EVENT,511.93677371591605,PL-401,,,,,,,VIEWED,TRUE
syn-0223,RECOMMENDATION,186.3,PL-401,EDUCATION,1254400.0,84,LIQUIDATE_100,0.458,RECOMMENDED,,TRUE
syn-0223,EVENT,185.74435408436068,PL-401,,,,,,,DECLINED,TRUE
syn-0224,RECOMMENDATION,40.5,VL-201,VEHICLE,1024800.0,48,BORROW_100,0.942,RECOMMENDED,,TRUE
syn-0224,EVENT,40.32779220188667,VL-201,,,,,,,DECLINED,TRUE
syn-0224,RECOMMENDATION,22.6,PL-403,VEHICLE,1092800.0,12,BORROW_80_LIQUIDATE_20,0.374,RECOMMENDED,,TRUE
syn-0224,EVENT,21.863420354097677,PL-403,,,,,,,VIEWED,TRUE
syn-0224,RECOMMENDATION,205.1,HL-101,PERSONAL,126800.0,24,BORROW_80_LIQUIDATE_20,0.556,RECOMMENDED,,TRUE
syn-0224,EVENT,204.97795160564323,HL-101,,,,,,,VIEWED,TRUE
syn-0230,RECOMMENDATION,109.8,ML-501,MEDICAL,1991800.0,48,BORROW_40_LIQUIDATE_60,0.587,RECOMMENDED,,TRUE
syn-0230,EVENT,109.73708904197613,ML-501,,,,,,,VIEWED,TRUE
syn-0230,RECOMMENDATION,504.9,HL-102,BUSINESS,1995400.0,36,BORROW_80_LIQUIDATE_20,0.784,RECOMMENDED,,TRUE
syn-0230,EVENT,504.2007068853707,HL-102,,,,,,,ACCEPTED,TRUE
syn-0231,RECOMMENDATION,330.7,EL-303,MEDICAL,4758400.0,36,BORROW_100,0.553,RECOMMENDED,,TRUE
syn-0231,EVENT,330.47291895709424,EL-303,,,,,,,DECLINED,TRUE
syn-0231,RECOMMENDATION,495.8,VL-201,VEHICLE,371800.0,36,BORROW_40_LIQUIDATE_60,0.636,RECOMMENDED,,TRUE
syn-0231,EVENT,494.96966126310207,VL-201,,,,,,,ACCEPTED,TRUE
syn-0231,RECOMMENDATION,62.4,EL-303,VEHICLE,474100.0,36,LIQUIDATE_100,0.764,RECOMMENDED,,TRUE
syn-0231,EVENT,61.929878651101625,EL-303,,,,,,,VIEWED,TRUE
syn-0236,RECOMMENDATION,457.6,VL-203,MEDICAL,578200.0,48,BORROW_80_LIQUIDATE_20,0.355,RECOMMENDED,,TRUE
syn-0236,EVENT,457.31137441127584,VL-203,,,,,,,VIEWED,TRUE
syn-0236,RECOMMENDATION,275.7,PL-401,BUSINESS,340500.0,12,BORROW_40_LIQUIDATE_60,0.392,RECOMMENDED,,TRUE
syn-0236,EVENT,274.9422285983298,PL-401,,,,,,,VIEWED,TRUE
syn-0238,RECOMMENDATION,396.5,EL-303,VEHICLE,165300.0,60,BORROW_60_LIQUIDATE_40,0.547,RECOMMENDED,,TRUE
syn-0238,EVENT,395.7398200359617,EL-303,,,,,,,VIEWED,TRUE
syn-0238,RECOMMENDATION,269.7,VL-203,HOME,357300.0,36,BORROW_40_LIQUIDATE_60,0.705,RECOMMENDED,,TRUE
syn-0238,EVENT,269.40660719003154,VL-203,,,,,,,VIEWED,TRUE
syn-0240,RECOMMENDATION,406.6,VL-202,MEDICAL,115900.0,12,BORROW_60_LIQUIDATE_40,0.688,RECOMMENDED,,TRUE
syn-0240,EVENT,405.68940903415097,VL-202,,,,,,,ACCEPTED,TRUE
syn-0240,RECOMMENDATION,179.0,VL-203,PERSONAL,245600.0,120,BORROW_80_LIQUIDATE_20,0.651,RECOMMENDED,,TRUE
syn-0240,EVENT,178.75837964498783,VL-203,,,,,,,VIEWED,TRUE
syn-0240,RECOMMENDATION,450.5,ML-501,PERSONAL,5896400.0,12,BORROW_100,0.539,RECOMMENDED,,TRUE
syn-0240,EVENT,450.3900302465383,ML-501,,,,,,,ACCEPTED,TRUE
syn-0242,RECOMMENDATION,248.3,VL-202,PERSONAL,5151700.0,48,LIQUIDATE_100,0.832,RECOMMENDED,,TRUE
syn-0242,EVENT,248.17371033044867,VL-202,,,,,,,ACCEPTED,TRUE
syn-0242,RECOMMENDATION,169.7,EL-303,PERSONAL,2307300.0,84,BORROW_100,0.809,RECOMMENDED,,TRUE
syn-0242,EVENT,169.4317417859857,EL-303,,,,,,,ACCEPTED,TRUE
syn-0242,RECOMMENDATION,229.6,HL-101,PERSONAL,852500.0,48,BORROW_40_LIQUIDATE_60,0.427,RECOMMENDED,,TRUE
syn-0242,EVENT,229.58160445769954,HL-101,,,,,,,DECLINED,TRUE
syn-0242,RECOMMENDATION,305.2,VL-202,MEDICAL,298000.0,120,BORROW_40_LIQUIDATE_60,0.853,RECOMMENDED,,TRUE
syn-0242,EVENT,304.40762599063453,VL-202,,,,,,,VIEWED,TRUE
syn-0242,RECOMMENDATION,343.8,HL-104,HOME,3915600.0,84,BORROW_40_LIQUIDATE_60,0.824,RECOMMENDED,,TRUE
syn-0242,EVENT,343.7839388793813,HL-104,,,,,,,DECLINED,TRUE
syn-0249,RECOMMENDATION,221.6,EL-302,HOME,3883900.0,36,LIQUIDATE_100,0.734,RECOMMENDED,,TRUE
syn-0249,EVENT,220.82335573250833,EL-302,,,,,,,ACCEPTED,TRUE
syn-0252,RECOMMENDATION,509.9,BL-601,MEDICAL,688900.0,120,BORROW_100,0.698,RECOMMENDED,,TRUE
syn-0252,EVENT,509.08529905143854,BL-601,,,,,,,VIEWED,TRUE
syn-0252,RECOMMENDATION,190.8,PL-402,HOME,425400.0,120,BORROW_60_LIQUIDATE_40,0.366,RECOMMENDED,,TRUE
syn-0252,EVENT,190.58342082458412,PL-402,,,,,,,VIEWED,TRUE
syn-0262,RECOMMENDATION,318.5,BL-602,MEDICAL,645600.0,24,LIQUIDATE_100,0.534,RECOMMENDED,,TRUE
syn-0262,EVENT,317.9880997979976,BL-602,,,,,,,VIEWED,TRUE
syn-0262,RECOMMENDATION,19.5,VL-203,EDUCATION,4142000.0,12,BORROW_60_LIQUIDATE_40,0.593,RECOMMENDED,,TRUE
syn-0262,EVENT,18.609284885964804,VL-203,,,,,,,DECLINED,TRUE
syn-0263,RECOMMENDATION,56.4,HL-102,VEHICLE,3875800.0,60,BORROW_60_LIQUIDATE_40,0.623,RECOMMENDED,,TRUE
syn-0263,EVENT,55.82757573046799,HL-102,,,,,,,ACCEPTED,TRUE
syn-0263,RECOMMENDATION,420.0,BL-602,PERSONAL,132700.0,84,LIQUIDATE_100,0.496,RECOMMENDED,,TRUE
syn-0263,EVENT,419.05203234805685,BL-602,,,,,,,DECLINED,TRUE
syn-0263,RECOMMENDATION,460.4,EL-302,VEHICLE,1967600.0,24,BORROW_20_LIQUIDATE_80,0.588,RECOMMENDED,,TRUE
syn-0263,EVENT,459.520243632225,EL-302,,,,,,,VIEWED,TRUE
syn-0263,RECOMMENDATION,310.7,HL-101,VEHICLE,5749500.0,120,BORROW_60_LIQUIDATE_40,0.936,RECOMMENDED,,TRUE
syn-0263,EVENT,310.55269920586977,HL-101,,,,,,,ACCEPTED,TRUE
syn-0263,RECOMMENDATION,318.1,HL-103,EDUCATION,127700.0,120,BORROW_40_LIQUIDATE_60,0.525,RECOMMENDED,,TRUE
syn-0263,EVENT,317.59530056190283,HL-103,,,,,,,DECLINED,TRUE
syn-0264,RECOMMENDATION,81.7,PL-403,PERSONAL,201300.0,60,BORROW_20_LIQUIDATE_80,0.57,RECOMMENDED,,TRUE
syn-0264,EVENT,81.17840307078417,PL-403,,,,,,,DECLINED,TRUE
syn-0264,RECOMMENDATION,137.9,VL-202,EDUCATION,4356400.0,36,BORROW_60_LIQUIDATE_40,0.903,RECOMMENDED,,TRUE
syn-0264,EVENT,137.7676840287254,VL-202,,,,,,,DECLINED,TRUE
syn-0266,RECOMMENDATION,431.5,EL-302,EDUCATION,171300.0,24,BORROW_80_LIQUIDATE_20,0.407,RECOMMENDED,,TRUE
syn-0266,EVENT,431.30697882165435,EL-302,,,,,,,VIEWED,TRUE
syn-0266,RECOMMENDATION,516.3,EL-303,HOME,2422500.0,24,LIQUIDATE_100,0.928,RECOMMENDED,,TRUE
syn-0266,EVENT,515.5288728415222,EL-303,,,,,,,ACCEPTED,TRUE
syn-0266,RECOMMENDATION,533.8,HL-104,BUSINESS,818200.0,60,BORROW_60_LIQUIDATE_40,0.617,RECOMMENDED,,TRUE
syn-0266,EVENT,533.1154391074801,HL-104,,,,,,,DECLINED,TRUE
syn-0267,RECOMMENDATION,324.6,HL-102,HOME,1061300.0,36,BORROW_20_LIQUIDATE_80,0.632,RECOMMENDED,,TRUE
syn-0267,EVENT,324.11863921437356,HL-102,,,,,,,VIEWED,TRUE
syn-0267,RECOMMENDATION,14.4,ML-501,MEDICAL,177900.0,60,BORROW_100,0.347,RECOMMENDED,,TRUE
syn-0267,EVENT,13.744205679090252,ML-501,,,,,,,DECLINED,TRUE
syn-0267,RECOMMENDATION,278.6,PL-403,BUSINESS,1048300.0,24,BORROW_60_LIQUIDATE_40,0.728,RECOMMENDED,,TRUE
syn-0267,EVENT,277.8205933973871,PL-403,,,,,,,DECLINED,TRUE
syn-0273,RECOMMENDATION,329.7,HL-103,MEDICAL,684400.0,48,BORROW_80_LIQUIDATE_20,0.798,RECOMMENDED,,TRUE
syn-0273,EVENT,329.6470515004045,HL-103,,,,,,,VIEWED,TRUE
syn-0273,RECOMMENDATION,74.1,VL-202,EDUCATION,3178600.0,48,LIQUIDATE_100,0.325,RECOMMENDED,,TRUE
syn-0273,EVENT,73.5896274945658,VL-202,,,,,,,ACCEPTED,TRUE
syn-0273,RECOMMENDATION,146.2,EL-301,MEDICAL,6250100.0,24,BORROW_40_LIQUIDATE_60,0.786,RECOMMENDED,,TRUE
syn-0273,EVENT,145.86073862050526,EL-301,,,,,,,VIEWED,TRUE
syn-0273,RECOMMENDATION,464.9,VL-203,MEDICAL,1858900.0,60,BORROW_80_LIQUIDATE_20,0.407,RECOMMENDED,,TRUE
syn-0273,EVENT,464.67737304158555,VL-203,,,,,,,ACCEPTED,TRUE
syn-0274,RECOMMENDATION,319.0,PL-401,BUSINESS,1341900.0,48,BORROW_40_LIQUIDATE_60,0.895,RECOMMENDED,,TRUE
syn-0274,EVENT,318.7837031232049,PL-401,,,,,,,DECLINED,TRUE
syn-0276,RECOMMENDATION,522.4,HL-101,VEHICLE,261600.0,12,BORROW_20_LIQUIDATE_80,0.734,RECOMMENDED,,TRUE
syn-0276,EVENT,521.4740024411539,HL-101,,,,,,,DECLINED,TRUE
syn-0279,RECOMMENDATION,487.1,VL-201,HOME,1367500.0,120,BORROW_20_LIQUIDATE_80,0.823,RECOMMENDED,,TRUE
syn-0279,EVENT,486.64082656095644,VL-201,,,,,,,ACCEPTED,TRUE
syn-0279,RECOMMENDATION,120.6,PL-403,EDUCATION,892100.0,60,BORROW_40_LIQUIDATE_60,0.754,RECOMMENDED,,TRUE
syn-0279,EVENT,120.22511383629981,PL-403,,,,,,,ACCEPTED,TRUE
syn-0279,RECOMMENDATION,91.4,BL-601,BUSINESS,625100.0,24,BORROW_20_LIQUIDATE_80,0.492,RECOMMENDED,,TRUE
syn-0279,EVENT,90.7021420153298,BL-601,,,,,,,DECLINED,TRUE
syn-0279,RECOMMENDATION,499.9,EL-301,EDUCATION,110900.0,120,BORROW_40_LIQUIDATE_60,0.79,RECOMMENDED,,TRUE
syn-0279,EVENT,499.10550938399433,EL-301,,,,,,,ACCEPTED,TRUE
syn-0279,RECOMMENDATION,281.1,BL-601,PERSONAL,1486400.0,60,LIQUIDATE_100,0.798,RECOMMENDED,,TRUE
syn-0279,EVENT,280.4500107743563,BL-601,,,,,,,VIEWED,TRUE
syn-0282,RECOMMENDATION,4.0,BL-601,BUSINESS,2644300.0,24,BORROW_80_LIQUIDATE_20,0.434,RECOMMENDED,,TRUE
syn-0282,EVENT,3.0175294825898913,BL-601,,,,,,,DECLINED,TRUE
syn-0284,RECOMMENDATION,141.8,VL-202,PERSONAL,493700.0,84,LIQUIDATE_100,0.3,RECOMMENDED,,TRUE
syn-0284,EVENT,140.81173947455272,VL-202,,,,,,,DECLINED,TRUE
syn-0284,RECOMMENDATION,375.8,PL-401,HOME,230200.0,120,BORROW_100,0.434,RECOMMENDED,,TRUE
syn-0284,EVENT,375.23907986533635,PL-401,,,,,,,ACCEPTED,TRUE
syn-0285,RECOMMENDATION,531.4,HL-103,HOME,305600.0,24,BORROW_40_LIQUIDATE_60,0.551,RECOMMENDED,,TRUE
syn-0285,EVENT,531.0617132773012,HL-103,,,,,,,DECLINED,TRUE
syn-0285,RECOMMENDATION,210.0,EL-303,PERSONAL,362100.0,36,BORROW_20_LIQUIDATE_80,0.63,RECOMMENDED,,TRUE
syn-0285,EVENT,209.50208013023115,EL-303,,,,,,,ACCEPTED,TRUE
syn-0287,RECOMMENDATION,428.3,ML-501,VEHICLE,103700.0,24,LIQUIDATE_100,0.335,RECOMMENDED,,TRUE
syn-0287,EVENT,428.20540077840445,ML-501,,,,,,,VIEWED,TRUE
syn-0287,RECOMMENDATION,513.3,PL-403,BUSINESS,1587000.0,24,BORROW_60_LIQUIDATE_40,0.571,RECOMMENDED,,TRUE
syn-0287,EVENT,513.130849295082,PL-403,,,,,,,DECLINED,TRUE
syn-0287,RECOMMENDATION,302.8,HL-104,PERSONAL,5735800.0,60,LIQUIDATE_100,0.494,RECOMMENDED,,TRUE
syn-0287,EVENT,302.40544209470494,HL-104,,,,,,,ACCEPTED,TRUE
syn-0289,RECOMMENDATION,407.9,HL-104,VEHICLE,1046800.0,84,BORROW_20_LIQUIDATE_80,0.438,RECOMMENDED,,TRUE
syn-0289,EVENT,406.9220283721888,HL-104,,,,,,,DECLINED,TRUE
syn-0291,RECOMMENDATION,452.0,VL-202,EDUCATION,1222700.0,24,LIQUIDATE_100,0.443,RECOMMENDED,,TRUE
syn-0291,EVENT,451.98374194127626,VL-202,,,,,,,ACCEPTED,TRUE
syn-0291,RECOMMENDATION,339.4,HL-101,PERSONAL,141000.0,84,BORROW_100,0.721,RECOMMENDED,,TRUE
syn-0291,EVENT,338.6745606593883,HL-101,,,,,,,DECLINED,TRUE
syn-0291,RECOMMENDATION,415.7,VL-201,MEDICAL,1735400.0,48,BORROW_40_LIQUIDATE_60,0.911,RECOMMENDED,,TRUE
syn-0291,EVENT,415.2168521145976,VL-201,,,,,,,VIEWED,TRUE
syn-0291,RECOMMENDATION,443.7,EL-302,BUSINESS,3469000.0,60,BORROW_60_LIQUIDATE_40,0.41,RECOMMENDED,,TRUE
syn-0291,EVENT,442.7972734181394,EL-302,,,,,,,ACCEPTED,TRUE
syn-0291,RECOMMENDATION,234.4,HL-102,HOME,4008900.0,12,LIQUIDATE_100,0.491,RECOMMENDED,,TRUE
syn-0291,EVENT,233.44411678264262,HL-102,,,,,,,ACCEPTED,TRUE
syn-0292,RECOMMENDATION,309.4,ML-501,BUSINESS,129700.0,60,LIQUIDATE_100,0.346,RECOMMENDED,,TRUE
syn-0292,EVENT,309.01674497258045,ML-501,,,,,,,VIEWED,TRUE
syn-0292,RECOMMENDATION,515.3,PL-401,HOME,5195900.0,60,LIQUIDATE_100,0.446,RECOMMENDED,,TRUE
syn-0292,EVENT,515.200507998698,PL-401,,,,,,,VIEWED,TRUE
syn-0292,RECOMMENDATION,14.4,EL-301,MEDICAL,513100.0,12,LIQUIDATE_100,0.475,RECOMMENDED,,TRUE
syn-0292,EVENT,13.87325499798604,EL-301,,,,,,,ACCEPTED,TRUE
syn-0292,RECOMMENDATION,225.1,BL-602,BUSINESS,487300.0,24,BORROW_80_LIQUIDATE_20,0.898,RECOMMENDED,,TRUE
syn-0292,EVENT,224.5017607392985,BL-602,,,,,,,VIEWED,TRUE
syn-0297,RECOMMENDATION,177.6,VL-201,BUSINESS,1587900.0,12,BORROW_80_LIQUIDATE_20,0.897,RECOMMENDED,,TRUE
syn-0297,EVENT,176.63865047061913,VL-201,,,,,,,VIEWED,TRUE
syn-0299,RECOMMENDATION,407.2,HL-101,BUSINESS,2425300.0,36,BORROW_80_LIQUIDATE_20,0.674,RECOMMENDED,,TRUE
syn-0299,EVENT,407.1783311514891,HL-101,,,,,,,DECLINED,TRUE
syn-0299,RECOMMENDATION,401.0,VL-202,EDUCATION,217700.0,12,LIQUIDATE_100,0.516,RECOMMENDED,,TRUE
syn-0299,EVENT,400.4692687229527,VL-202,,,,,,,ACCEPTED,TRUE
syn-0299,RECOMMENDATION,269.6,BL-602,PERSONAL,455100.0,12,BORROW_40_LIQUIDATE_60,0.778,RECOMMENDED,,TRUE
syn-0299,EVENT,268.79935751624555,BL-602,,,,,,,VIEWED,TRUE
syn-0299,RECOMMENDATION,511.8,HL-102,HOME,5311900.0,24,LIQUIDATE_100,0.358,RECOMMENDED,,TRUE
syn-0299,EVENT,511.4977695229673,HL-102,,,,,,,ACCEPTED,TRUE
syn-0302,RECOMMENDATION,49.9,EL-303,PERSONAL,463700.0,36,BORROW_20_LIQUIDATE_80,0.921,RECOMMENDED,,TRUE
syn-0302,EVENT,49.11604930417668,EL-303,,,,,,,VIEWED,TRUE
syn-0302,RECOMMENDATION,244.9,PL-401,EDUCATION,2467100.0,120,BORROW_20_LIQUIDATE_80,0.399,RECOMMENDED,,TRUE
syn-0302,EVENT,244.0751458430484,PL-401,,,,,,,DECLINED,TRUE
syn-0302,RECOMMENDATION,82.1,VL-201,HOME,159500.0,36,BORROW_60_LIQUIDATE_40,0.636,RECOMMENDED,,TRUE
syn-0302,EVENT,81.89798575704643,VL-201,,,,,,,ACCEPTED,TRUE
syn-0303,RECOMMENDATION,392.6,VL-203,MEDICAL,647400.0,60,BORROW_100,0.305,RECOMMENDED,,TRUE
syn-0303,EVENT,391.66670434383934,VL-203,,,,,,,ACCEPTED,TRUE
syn-0303,RECOMMENDATION,513.5,EL-301,PERSONAL,1497300.0,24,BORROW_100,0.549,RECOMMENDED,,TRUE
syn-0303,EVENT,513.4982358984164,EL-301,,,,,,,DECLINED,TRUE
syn-0303,RECOMMENDATION,514.9,VL-203,HOME,107500.0,36,LIQUIDATE_100,0.848,RECOMMENDED,,TRUE
syn-0303,EVENT,514.355006419584,VL-203,,,,,,,ACCEPTED,TRUE
syn-0312,RECOMMENDATION,4.8,HL-101,VEHICLE,1626500.0,48,BORROW_100,0.741,RECOMMENDED,,TRUE
syn-0312,EVENT,3.878188345331804,HL-101,,,,,,,VIEWED,TRUE
syn-0312,RECOMMENDATION,488.8,PL-401,PERSONAL,1830600.0,12,LIQUIDATE_100,0.538,RECOMMENDED,,TRUE
syn-0312,EVENT,487.8452054750721,PL-401,,,,,,,ACCEPTED,TRUE
syn-0313,RECOMMENDATION,418.8,HL-101,MEDICAL,2857900.0,36,BORROW_60_LIQUIDATE_40,0.463,RECOMMENDED,,TRUE
syn-0313,EVENT,418.1273602841716,HL-101,,,,,,,DECLINED,TRUE
syn-0313,RECOMMENDATION,227.9,HL-104,VEHICLE,329600.0,120,LIQUIDATE_100,0.677,RECOMMENDED,,TRUE
syn-0313,EVENT,227.44803470778328,HL-104,,,,,,,ACCEPTED,TRUE
syn-0313,RECOMMENDATION,518.6,EL-303,BUSINESS,370900.0,48,BORROW_100,0.551,RECOMMENDED,,TRUE
syn-0313,EVENT,518.4733827222649,EL-303,,,,,,,DECLINED,TRUE
syn-0313,RECOMMENDATION,195.1,EL-303,VEHICLE,139000.0,48,BORROW_60_LIQUIDATE_40,0.307,RECOMMENDED,,TRUE
syn-0313,EVENT,194.9364650489682,EL-303,,,,,,,DECLINED,TRUE
syn-0313,RECOMMENDATION,64.2,EL-302,VEHICLE,283000.0,84,BORROW_40_LIQUIDATE_60,0.904,RECOMMENDED,,TRUE
syn-0313,EVENT,63.77194446159697,EL-302,,,,,,,VIEWED,TRUE
syn-0317,RECOMMENDATION,57.8,BL-602,VEHICLE,1683300.0,48,BORROW_40_LIQUIDATE_60,0.474,RECOMMENDED,,TRUE
syn-0317,EVENT,56.92533083241249,BL-602,,,,,,,DECLINED,TRUE
syn-0317,RECOMMENDATION,512.2,EL-301,HOME,1477900.0,60,BORROW_60_LIQUIDATE_40,0.354,RECOMMENDED,,TRUE
syn-0317,EVENT,511.6474684529317,EL-301,,,,,,,ACCEPTED,TRUE
syn-0317,RECOMMENDATION,525.4,VL-202,BUSINESS,475000.0,120,LIQUIDATE_100,0.432,RECOMMENDED,,TRUE
syn-0317,EVENT,524.8877847447908,VL-202,,,,,,,DECLINED,TRUE
syn-0317,RECOMMENDATION,93.7,PL-403,VEHICLE,405000.0,48,BORROW_20_LIQUIDATE_80,0.897,RECOMMENDED,,TRUE
syn-0317,EVENT,92.87081365252159,PL-403,,,,,,,ACCEPTED,TRUE
syn-0317,RECOMMENDATION,290.3,HL-104,EDUCATION,384800.0,120,BORROW_100,0.816,RECOMMENDED,,TRUE
syn-0317,EVENT,289.98935316355505,HL-104,,,,,,,DECLINED,TRUE
syn-0319,RECOMMENDATION,62.0,EL-303,BUSINESS,472900.0,120,BORROW_40_LIQUIDATE_60,0.876,RECOMMENDED,,TRUE
syn-0319,EVENT,61.01060426592671,EL-303,,,,,,,VIEWED,TRUE
syn-0319,RECOMMENDATION,111.6,PL-403,HOME,2852900.0,120,BORROW_80_LIQUIDATE_20,0.347,RECOMMENDED,,TRUE
syn-0319,EVENT,111.02448603661908,PL-403,,,,,,,ACCEPTED,TRUE
syn-0320,RECOMMENDATION,130.7,HL-102,HOME,427100.0,60,BORROW_80_LIQUIDATE_20,0.716,RECOMMENDED,,TRUE
syn-0320,EVENT,130.27511645311844,HL-102,,,,,,,DECLINED,TRUE
syn-0320,RECOMMENDATION,87.5,VL-203,MEDICAL,215200.0,60,BORROW_40_LIQUIDATE_60,0.705,RECOMMENDED,,TRUE
syn-0320,EVENT,87.20221341742679,VL-203,,,,,,,VIEWED,TRUE
syn-0320,RECOMMENDATION,136.1,HL-102,HOME,5713100.0,12,BORROW_80_LIQUIDATE_20,0.695,RECOMMENDED,,TRUE
syn-0320,EVENT,135.97597128625466,HL-102,,,,,,,ACCEPTED,TRUE
syn-0320,RECOMMENDATION,312.0,VL-203,MEDICAL,304400.0,36,BORROW_60_LIQUIDATE_40,0.869,RECOMMENDED,,TRUE
syn-0320,EVENT,311.6855231604334,VL-203,,,,,,,DECLINED,TRUE
syn-0321,RECOMMENDATION,302.8,EL-303,PERSONAL,822100.0,120,BORROW_100,0.909,RECOMMENDED,,TRUE
syn-0321,EVENT,302.2955547557789,EL-303,,,,,,,DECLINED,TRUE
syn-0321,RECOMMENDATION,273.6,EL-303,HOME,1127400.0,84,BORROW_40_LIQUIDATE_60,0.727,RECOMMENDED,,TRUE
syn-0321,EVENT,272.9518677355357,EL-303,,,,,,,ACCEPTED,TRUE
syn-0322,RECOMMENDATION,331.7,HL-102,EDUCATION,131700.0,36,BORROW_100,0.718,RECOMMENDED,,TRUE
syn-0322,EVENT,331.0817167062951,HL-102,,,,,,,ACCEPTED,TRUE
syn-0322,RECOMMENDATION,132.2,ML-501,BUSINESS,1178000.0,36,BORROW_60_LIQUIDATE_40,0.828,RECOMMENDED,,TRUE
syn-0322,EVENT,131.63473837318824,ML-501,,,,,,,VIEWED,TRUE
syn-0322,RECOMMENDATION,515.9,BL-602,MEDICAL,2096300.0,24,BORROW_60_LIQUIDATE_40,0.302,RECOMMENDED,,TRUE
syn-0322,EVENT,515.5698069294871,BL-602,,,,,,,ACCEPTED,TRUE
syn-0326,RECOMMENDATION,63.6,VL-201,VEHICLE,168000.0,120,BORROW_60_LIQUIDATE_40,0.76,RECOMMENDED,,TRUE
syn-0326,EVENT,62.9368283726668,VL-201,,,,,,,VIEWED,TRUE
syn-0326,RECOMMENDATION,26.3,VL-203,VEHICLE,1359100.0,84,BORROW_40_LIQUIDATE_60,0.875,RECOMMENDED,,TRUE
syn-0326,EVENT,26.204071041401047,VL-203,,,,,,,ACCEPTED,TRUE
syn-0326,RECOMMENDATION,179.1,HL-102,VEHICLE,1257600.0,36,BORROW_60_LIQUIDATE_40,0.894,RECOMMENDED,,TRUE
syn-0326,EVENT,178.18908280180352,HL-102,,,,,,,DECLINED,TRUE
syn-0326,RECOMMENDATION,156.7,VL-202,MEDICAL,160400.0,84,BORROW_60_LIQUIDATE_40,0.535,RECOMMENDED,,TRUE
syn-0326,EVENT,155.9115075344124,VL-202,,,,,,,DECLINED,TRUE
syn-0329,RECOMMENDATION,263.7,PL-401,VEHICLE,279700.0,120,BORROW_40_LIQUIDATE_60,0.834,RECOMMENDED,,TRUE
syn-0329,EVENT,263.1463827735804,PL-401,,,,,,,DECLINED,TRUE
syn-0329,RECOMMENDATION,247.2,HL-102,VEHICLE,2057400.0,84,BORROW_60_LIQUIDATE_40,0.322,RECOMMENDED,,TRUE
syn-0329,EVENT,247.0814184266824,HL-102,,,,,,,VIEWED,TRUE
syn-0329,RECOMMENDATION,400.8,EL-303,VEHICLE,3782300.0,12,BORROW_60_LIQUIDATE_40,0.819,RECOMMENDED,,TRUE
syn-0329,EVENT,399.90361647601947,EL-303,,,,,,,ACCEPTED,TRUE
syn-0329,RECOMMENDATION,421.0,HL-103,BUSINESS,458300.0,12,BORROW_40_LIQUIDATE_60,0.925,RECOMMENDED,,TRUE
syn-0329,EVENT,420.26700453248844,HL-103,,,,,,,DECLINED,TRUE
syn-0331,RECOMMENDATION,215.1,EL-301,MEDICAL,319800.0,84,BORROW_40_LIQUIDATE_60,0.548,RECOMMENDED,,TRUE
syn-0331,EVENT,214.15295862048313,EL-301,,,,,,,VIEWED,TRUE
syn-0331,RECOMMENDATION,131.7,VL-203,BUSINESS,1201600.0,60,BORROW_60_LIQUIDATE_40,0.523,RECOMMENDED,,TRUE
syn-0331,EVENT,131.49499175945647,VL-203,,,,,,,VIEWED,TRUE
syn-0331,RECOMMENDATION,4.6,EL-303,EDUCATION,6124200.0,48,LIQUIDATE_100,0.452,RECOMMENDED,,TRUE
syn-0331,EVENT,3.7945133170659457,EL-303,,,,,,,VIEWED,TRUE
syn-0334,RECOMMENDATION,406.1,HL-102,EDUCATION,4813600.0,48,BORROW_40_LIQUIDATE_60,0.737,RECOMMENDED,,TRUE
syn-0334,EVENT,405.8262379803858,HL-102,,,,,,,ACCEPTED,TRUE
syn-0334,RECOMMENDATION,225.3,PL-403,VEHICLE,391200.0,48,BORROW_60_LIQUIDATE_40,0.308,RECOMMENDED,,TRUE
syn-0334,EVENT,224.6252436172453,PL-403,,,,,,,VIEWED,TRUE
syn-0334,RECOMMENDATION,400.6,EL-303,VEHICLE,1135000.0,120,BORROW_100,0.613,RECOMMENDED,,TRUE
syn-0334,EVENT,399.6447449878059,EL-303,,,,,,,VIEWED,TRUE
syn-0335,RECOMMENDATION,278.1,EL-303,BUSINESS,2682700.0,48,BORROW_60_LIQUIDATE_40,0.607,RECOMMENDED,,TRUE
syn-0335,EVENT,277.2613163799539,EL-303,,,,,,,DECLINED,TRUE
syn-0335,RECOMMENDATION,318.4,HL-103,MEDICAL,2775000.0,120,BORROW_40_LIQUIDATE_60,0.648,RECOMMENDED,,TRUE
syn-0335,EVENT,318.3486177887074,HL-103,,,,,,,VIEWED,TRUE
syn-0335,RECOMMENDATION,232.1,HL-102,VEHICLE,135800.0,36,BORROW_20_LIQUIDATE_80,0.751,RECOMMENDED,,TRUE
syn-0335,EVENT,231.24520250598837,HL-102,,,,,,,VIEWED,TRUE
syn-0335,RECOMMENDATION,377.3,HL-102,HOME,3708600.0,36,BORROW_60_LIQUIDATE_40,0.317,RECOMMENDED,,TRUE
syn-0335,EVENT,377.20460569647855,HL-102,,,,,,,VIEWED,TRUE
syn-0342,RECOMMENDATION,184.5,PL-403,BUSINESS,199700.0,84,BORROW_80_LIQUIDATE_20,0.527,RECOMMENDED,,TRUE
syn-0342,EVENT,183.78796552102304,PL-403,,,,,,,DECLINED,TRUE
syn-0345,RECOMMENDATION,428.9,EL-302,EDUCATION,1015300.0,48,BORROW_20_LIQUIDATE_80,0.566,RECOMMENDED,,TRUE
syn-0345,EVENT,428.4536405230123,EL-302,,,,,,,ACCEPTED,TRUE
syn-0345,RECOMMENDATION,16.4,HL-103,PERSONAL,426000.0,12,BORROW_80_LIQUIDATE_20,0.662,RECOMMENDED,,TRUE
syn-0345,EVENT,15.434644814108768,HL-103,,,,,,,VIEWED,TRUE
syn-0345,RECOMMENDATION,185.0,VL-203,VEHICLE,764200.0,60,BORROW_60_LIQUIDATE_40,0.43,RECOMMENDED,,TRUE
syn-0345,EVENT,184.0702260750942,VL-203,,,,,,,VIEWED,TRUE
syn-0345,RECOMMENDATION,178.6,BL-602,PERSONAL,1698100.0,36,LIQUIDATE_100,0.688,RECOMMENDED,,TRUE
syn-0345,EVENT,178.17562730770652,BL-602,,,,,,,DECLINED,TRUE
syn-0345,RECOMMENDATION,105.0,PL-403,EDUCATION,3238000.0,12,BORROW_80_LIQUIDATE_20,0.818,RECOMMENDED,,TRUE
syn-0345,EVENT,104.66626443923973,PL-403,,,,,,,DECLINED,TRUE
syn-0346,RECOMMENDATION,412.8,PL-401,HOME,170100.0,36,BORROW_80_LIQUIDATE_20,0.378,RECOMMENDED,,TRUE
syn-0346,EVENT,412.79400868705665,PL-401,,,,,,,DECLINED,TRUE
syn-0347,RECOMMENDATION,328.8,HL-103,HOME,416500.0,60,LIQUIDATE_100,0.884,RECOMMENDED,,TRUE
syn-0347,EVENT,328.49786883775556,HL-103,,,,,,,ACCEPTED,TRUE
syn-0347,RECOMMENDATION,418.5,PL-403,VEHICLE,5284300.0,60,BORROW_80_LIQUIDATE_20,0.677,RECOMMENDED,,TRUE
syn-0347,EVENT,417.5585320007022,PL-403,,,,,,,ACCEPTED,TRUE
syn-0349,RECOMMENDATION,183.6,PL-402,EDUCATION,2562000.0,24,BORROW_20_LIQUIDATE_80,0.659,RECOMMENDED,,TRUE
syn-0349,EVENT,183.18058980546687,PL-402,,,,,,,VIEWED,TRUE
syn-0350,RECOMMENDATION,29.7,EL-302,BUSINESS,2768000.0,60,BORROW_20_LIQUIDATE_80,0.655,RECOMMENDED,,TRUE
syn-0350,EVENT,29.10174067268997,EL-302,,,,,,,ACCEPTED,TRUE
syn-0350,RECOMMENDATION,37.5,VL-203,HOME,184200.0,12,BORROW_40_LIQUIDATE_60,0.905,RECOMMENDED,,TRUE
syn-0350,EVENT,37.23263886618025,VL-203,,,,,,,DECLINED,TRUE
syn-0350,RECOMMENDATION,415.5,EL-303,VEHICLE,286200.0,84,BORROW_60_LIQUIDATE_40,0.908,RECOMMENDED,,TRUE
syn-0350,EVENT,414.66322569147593,EL-303,,,,,,,VIEWED,TRUE
syn-0351,RECOMMENDATION,461.2,EL-303,VEHICLE,817400.0,120,BORROW_100,0.403,RECOMMENDED,,TRUE
syn-0351,EVENT,460.8347303945624,EL-303,,,,,,,VIEWED,TRUE
syn-0351,RECOMMENDATION,246.0,HL-101,VEHICLE,2948900.0,120,LIQUIDATE_100,0.862,RECOMMENDED,,TRUE
syn-0351,EVENT,245.5438250859335,HL-101,,,,,,,VIEWED,TRUE
syn-0351,RECOMMENDATION,492.1,VL-203,EDUCATION,316900.0,24,BORROW_20_LIQUIDATE_80,0.807,RECOMMENDED,,TRUE
syn-0351,EVENT,491.22516245150643,VL-203,,,,,,,VIEWED,TRUE
syn-0351,RECOMMENDATION,471.9,PL-403,MEDICAL,1096800.0,24,BORROW_20_LIQUIDATE_80,0.574,RECOMMENDED,,TRUE
syn-0351,EVENT,470.9225481260356,PL-403,,,,,,,ACCEPTED,TRUE
syn-0351,RECOMMENDATION,487.9,HL-102,HOME,431300.0,60,BORROW_80_LIQUIDATE_20,0.835,RECOMMENDED,,TRUE
syn-0351,EVENT,487.48182956372546,HL-102,,,,,,,VIEWED,TRUE
syn-0353,RECOMMENDATION,4.5,EL-301,EDUCATION,1411500.0,48,BORROW_80_LIQUIDATE_20,0.537,RECOMMENDED,,TRUE
syn-0353,EVENT,4.21139579162299,EL-301,,,,,,,VIEWED,TRUE
syn-0353,RECOMMENDATION,503.6,EL-302,EDUCATION,1644300.0,36,BORROW_80_LIQUIDATE_20,0.508,RECOMMENDED,,TRUE
syn-0353,EVENT,503.21960490024367,EL-302,,,,,,,VIEWED,TRUE
syn-0353,RECOMMENDATION,199.1,ML-501,HOME,136000.0,84,BORROW_20_LIQUIDATE_80,0.83,RECOMMENDED,,TRUE
syn-0353,EVENT,198.31813231936692,ML-501,,,,,,,ACCEPTED,TRUE
syn-0353,RECOMMENDATION,3.8,VL-201,EDUCATION,905500.0,12,LIQUIDATE_100,0.328,RECOMMENDED,,TRUE
syn-0353,EVENT,3.167503090617381,VL-201,,,,,,,VIEWED,TRUE
syn-0353,RECOMMENDATION,94.3,PL-403,PERSONAL,189900.0,24,BORROW_40_LIQUIDATE_60,0.634,RECOMMENDED,,TRUE
syn-0353,EVENT,93.7898556965002,PL-403,,,,,,,VIEWED,TRUE
syn-0354,RECOMMENDATION,98.4,VL-201,BUSINESS,222000.0,48,BORROW_60_LIQUIDATE_40,0.591,RECOMMENDED,,TRUE
syn-0354,EVENT,98.31599127680441,VL-201,,,,,,,ACCEPTED,TRUE
syn-0354,RECOMMENDATION,529.6,HL-103,HOME,1119700.0,12,LIQUIDATE_100,0.89,RECOMMENDED,,TRUE
syn-0354,EVENT,528.7196514713121,HL-103,,,,,,,VIEWED,TRUE
syn-0354,RECOMMENDATION,165.6,VL-201,EDUCATION,249100.0,120,BORROW_100,0.688,RECOMMENDED,,TRUE
syn-0354,EVENT,165.58484198742292,VL-201,,,,,,,ACCEPTED,TRUE
syn-0355,RECOMMENDATION,457.7,VL-203,BUSINESS,128700.0,24,BORROW_20_LIQUIDATE_80,0.736,RECOMMENDED,,TRUE
syn-0355,EVENT,457.6541987058446,VL-203,,,,,,,ACCEPTED,TRUE
syn-0355,RECOMMENDATION,446.2,EL-302,HOME,456300.0,120,BORROW_20_LIQUIDATE_80,0.725,RECOMMENDED,,TRUE
syn-0355,EVENT,446.0293471941528,EL-302,,,,,,,VIEWED,TRUE
syn-0355,RECOMMENDATION,204.4,ML-501,VEHICLE,160000.0,12,BORROW_40_LIQUIDATE_60,0.412,RECOMMENDED,,TRUE
syn-0355,EVENT,203.81500107336203,ML-501,,,,,,,DECLINED,TRUE
syn-0355,RECOMMENDATION,374.0,HL-103,VEHICLE,3216600.0,24,BORROW_100,0.354,RECOMMENDED,,TRUE
syn-0355,EVENT,373.3074347743741,HL-103,,,,,,,VIEWED,TRUE
syn-0357,RECOMMENDATION,426.2,EL-302,BUSINESS,1288400.0,24,BORROW_60_LIQUIDATE_40,0.857,RECOMMENDED,,TRUE
syn-0357,EVENT,426.09645931231023,EL-302,,,,,,,VIEWED,TRUE
syn-0357,RECOMMENDATION,422.3,HL-104,BUSINESS,2158800.0,48,BORROW_40_LIQUIDATE_60,0.555,RECOMMENDED,,TRUE
syn-0357,EVENT,421.6452240592463,HL-104,,,,,,,VIEWED,TRUE
syn-0359,RECOMMENDATION,378.4,BL-602,PERSONAL,965300.0,60,BORROW_60_LIQUIDATE_40,0.935,RECOMMENDED,,TRUE
syn-0359,EVENT,377.8909846239643,BL-602,,,,,,,VIEWED,TRUE
syn-0359,RECOMMENDATION,10.2,PL-403,EDUCATION,203800.0,48,BORROW_20_LIQUIDATE_80,0.33,RECOMMENDED,,TRUE
syn-0359,EVENT,9.425925878827776,PL-403,,,,,,,DECLINED,TRUE
syn-0360,RECOMMENDATION,301.9,BL-601,MEDICAL,3580700.0,36,BORROW_40_LIQUIDATE_60,0.538,RECOMMENDED,,TRUE
syn-0360,EVENT,301.59762165843665,BL-601,,,,,,,DECLINED,TRUE
syn-0360,RECOMMENDATION,165.4,PL-403,VEHICLE,500700.0,60,LIQUIDATE_100,0.669,RECOMMENDED,,TRUE
syn-0360,EVENT,165.25023724259557,PL-403,,,,,,,VIEWED,TRUE
syn-0364,RECOMMENDATION,397.2,HL-102,BUSINESS,145700.0,36,BORROW_60_LIQUIDATE_40,0.612,RECOMMENDED,,TRUE
syn-0364,EVENT,396.72105522373806,HL-102,,,,,,,ACCEPTED,TRUE
syn-0365,RECOMMENDATION,89.0,BL-601,HOME,1785100.0,24,BORROW_80_LIQUIDATE_20,0.792,RECOMMENDED,,TRUE
syn-0365,EVENT,88.43461507843028,BL-601,,,,,,,VIEWED,TRUE
syn-0365,RECOMMENDATION,478.1,BL-602,PERSONAL,232500.0,24,BORROW_60_LIQUIDATE_40,0.4,RECOMMENDED,,TRUE
syn-0365,EVENT,477.55208668728477,BL-602,,,,,,,ACCEPTED,TRUE
syn-0366,RECOMMENDATION,183.0,PL-401,BUSINESS,196700.0,24,BORROW_80_LIQUIDATE_20,0.407,RECOMMENDED,,TRUE
syn-0366,EVENT,182.05608687532714,PL-401,,,,,,,DECLINED,TRUE
syn-0366,RECOMMENDATION,431.6,VL-201,HOME,2000700.0,120,BORROW_20_LIQUIDATE_80,0.493,RECOMMENDED,,TRUE
syn-0366,EVENT,431.12929413726454,VL-201,,,,,,,VIEWED,TRUE
syn-0370,RECOMMENDATION,64.4,PL-401,MEDICAL,401200.0,120,BORROW_80_LIQUIDATE_20,0.909,RECOMMENDED,,TRUE
syn-0370,EVENT,64.22509005743156,PL-401,,,,,,,DECLINED,TRUE
syn-0370,RECOMMENDATION,81.6,BL-601,VEHICLE,121100.0,24,BORROW_20_LIQUIDATE_80,0.717,RECOMMENDED,,TRUE
syn-0370,EVENT,80.77747702715855,BL-601,,,,,,,VIEWED,TRUE
syn-0371,RECOMMENDATION,30.0,ML-501,BUSINESS,2000500.0,120,LIQUIDATE_100,0.723,RECOMMENDED,,TRUE
syn-0371,EVENT,29.909611564657624,ML-501,,,,,,,VIEWED,TRUE
syn-0371,RECOMMENDATION,57.5,EL-301,EDUCATION,1645500.0,24,BORROW_100,0.891,RECOMMENDED,,TRUE
syn-0371,EVENT,56.55027141162029,EL-301,,,,,,,VIEWED,TRUE
syn-0371,RECOMMENDATION,315.7,ML-501,MEDICAL,1508600.0,24,BORROW_80_LIQUIDATE_20,0.41,RECOMMENDED,,TRUE
syn-0371,EVENT,315.36721867452013,ML-501,,,,,,,DECLINED,TRUE
syn-0371,RECOMMENDATION,374.7,BL-601,MEDICAL,128200.0,36,BORROW_20_LIQUIDATE_80,0.51,RECOMMENDED,,TRUE
syn-0371,EVENT,374.0752117907436,BL-601,,,,,,,VIEWED,TRUE
syn-0371,RECOMMENDATION,221.8,VL-202,VEHICLE,3116400.0,120,BORROW_40_LIQUIDATE_60,0.664,RECOMMENDED,,TRUE
syn-0371,EVENT,220.9265245575756,VL-202,,,,,,,VIEWED,TRUE
syn-0373,RECOMMENDATION,359.9,ML-501,EDUCATION,3962600.0,36,BORROW_20_LIQUIDATE_80,0.759,RECOMMENDED,,TRUE
syn-0373,EVENT,359.19626269302705,ML-501,,,,,,,VIEWED,TRUE
syn-0373,RECOMMENDATION,276.0,ML-501,MEDICAL,877200.0,48,BORROW_20_LIQUIDATE_80,0.301,RECOMMENDED,,TRUE
syn-0373,EVENT,275.9039135127612,ML-501,,,,,,,VIEWED,TRUE
syn-0373,RECOMMENDATION,25.0,HL-103,BUSINESS,666200.0,36,BORROW_20_LIQUIDATE_80,0.774,RECOMMENDED,,TRUE
syn-0373,EVENT,24.759204866432697,HL-103,,,,,,,VIEWED,TRUE
syn-0373,RECOMMENDATION,389.3,EL-303,VEHICLE,3728900.0,12,BORROW_60_LIQUIDATE_40,0.411,RECOMMENDED,,TRUE
syn-0373,EVENT,388.74772904490186,EL-303,,,,,,,ACCEPTED,TRUE
syn-0375,RECOMMENDATION,158.5,BL-602,VEHICLE,2094600.0,48,BORROW_20_LIQUIDATE_80,0.797,RECOMMENDED,,TRUE
syn-0375,EVENT,157.70824271435364,BL-602,,,,,,,VIEWED,TRUE
syn-0387,RECOMMENDATION,498.5,PL-403,MEDICAL,3547500.0,24,BORROW_80_LIQUIDATE_20,0.627,RECOMMENDED,,TRUE
syn-0387,EVENT,497.6559450712601,PL-403,,,,,,,VIEWED,TRUE
syn-0389,RECOMMENDATION,530.1,PL-401,MEDICAL,556700.0,24,LIQUIDATE_100,0.416,RECOMMENDED,,TRUE
syn-0389,EVENT,529.6665315140012,PL-401,,,,,,,DECLINED,TRUE
syn-0389,RECOMMENDATION,466.0,HL-104,PERSONAL,400800.0,36,BORROW_100,0.899,RECOMMENDED,,TRUE
syn-0389,EVENT,465.311263803674,HL-104,,,,,,,DECLINED,TRUE
syn-0389,RECOMMENDATION,412.8,HL-102,HOME,2699400.0,12,LIQUIDATE_100,0.511,RECOMMENDED,,TRUE
syn-0389,EVENT,412.61985944779394,HL-102,,,,,,,ACCEPTED,TRUE
syn-0389,RECOMMENDATION,15.7,EL-303,PERSONAL,4153100.0,36,BORROW_20_LIQUIDATE_80,0.796,RECOMMENDED,,TRUE
syn-0389,EVENT,15.508031899464692,EL-303,,,,,,,ACCEPTED,TRUE
syn-0389,RECOMMENDATION,193.5,PL-402,BUSINESS,993000.0,120,BORROW_40_LIQUIDATE_60,0.675,RECOMMENDED,,TRUE
syn-0389,EVENT,193.13124129818175,PL-402,,,,,,,VIEWED,TRUE
syn-0393,RECOMMENDATION,169.0,HL-103,BUSINESS,670700.0,24,BORROW_60_LIQUIDATE_40,0.493,RECOMMENDED,,TRUE
syn-0393,EVENT,168.86040830816685,HL-103,,,,,,,ACCEPTED,TRUE
syn-0393,RECOMMENDATION,173.1,PL-402,HOME,197000.0,24,BORROW_100,0.617,RECOMMENDED,,TRUE
syn-0393,EVENT,172.56857800329948,PL-402,,,,,,,VIEWED,TRUE
syn-0393,RECOMMENDATION,297.8,HL-101,HOME,4526000.0,84,BORROW_40_LIQUIDATE_60,0.918,RECOMMENDED,,TRUE
syn-0393,EVENT,297.3023211240263,HL-101,,,,,,,VIEWED,TRUE
syn-0393,RECOMMENDATION,416.1,EL-302,EDUCATION,271500.0,120,BORROW_20_LIQUIDATE_80,0.404,RECOMMENDED,,TRUE
syn-0393,EVENT,416.02042235975443,EL-302,,,,,,,ACCEPTED,TRUE
syn-0393,RECOMMENDATION,384.9,PL-402,MEDICAL,1999900.0,12,BORROW_100,0.306,RECOMMENDED,,TRUE
syn-0393,EVENT,383.9127223037816,PL-402,,,,,,,VIEWED,TRUE
syn-0396,RECOMMENDATION,511.9,HL-104,BUSINESS,817100.0,120,BORROW_20_LIQUIDATE_80,0.397,RECOMMENDED,,TRUE
syn-0396,EVENT,511.73642050978685,HL-104,,,,,,,DECLINED,TRUE
syn-0396,RECOMMENDATION,232.6,PL-402,EDUCATION,734300.0,48,BORROW_100,0.619,RECOMMENDED,,TRUE
syn-0396,EVENT,232.12079250469426,PL-402,,,,,,,VIEWED,TRUE
syn-0396,RECOMMENDATION,337.4,HL-103,VEHICLE,1507500.0,24,BORROW_20_LIQUIDATE_80,0.468,RECOMMENDED,,TRUE
syn-0396,EVENT,336.82198477245277,HL-103,,,,,,,VIEWED,TRUE
syn-0396,RECOMMENDATION,349.3,VL-203,EDUCATION,227000.0,60,BORROW_20_LIQUIDATE_80,0.745,RECOMMENDED,,TRUE
syn-0396,EVENT,348.6350358610148,VL-203,,,,,,,VIEWED,TRUE
syn-0403,RECOMMENDATION,151.8,ML-501,VEHICLE,643400.0,48,BORROW_80_LIQUIDATE_20,0.869,RECOMMENDED,,TRUE
syn-0403,EVENT,151.4256164482447,ML-501,,,,,,,DECLINED,TRUE
syn-0403,RECOMMENDATION,277.2,HL-103,MEDICAL,5787100.0,60,BORROW_20_LIQUIDATE_80,0.542,RECOMMENDED,,TRUE
syn-0403,EVENT,276.6741025208955,HL-103,,,,,,,DECLINED,TRUE
syn-0403,RECOMMENDATION,422.7,HL-101,VEHICLE,2818100.0,120,BORROW_80_LIQUIDATE_20,0.764,RECOMMENDED,,TRUE
syn-0403,EVENT,421.957596541173,HL-101,,,,,,,VIEWED,TRUE
syn-0406,RECOMMENDATION,279.5,PL-402,BUSINESS,118700.0,36,BORROW_80_LIQUIDATE_20,0.798,RECOMMENDED,,TRUE
syn-0406,EVENT,278.95828163286063,PL-402,,,,,,,VIEWED,TRUE
syn-0406,RECOMMENDATION,464.8,VL-201,BUSINESS,1225300.0,36,BORROW_80_LIQUIDATE_20,0.898,RECOMMENDED,,TRUE
syn-0406,EVENT,463.8756593710589,VL-201,,,,,,,DECLINED,TRUE
syn-0406,RECOMMENDATION,156.6,VL-201,BUSINESS,1423400.0,36,BORROW_40_LIQUIDATE_60,0.845,RECOMMENDED,,TRUE
syn-0406,EVENT,156.07910592863638,VL-201,,,,,,,ACCEPTED,TRUE
syn-0406,RECOMMENDATION,247.9,VL-203,EDUCATION,3633600.0,120,BORROW_80_LIQUIDATE_20,0.656,RECOMMENDED,,TRUE
syn-0406,EVENT,247.4968804912195,VL-203,,,,,,,VIEWED,TRUE
syn-0407,RECOMMENDATION,194.9,VL-203,BUSINESS,270500.0,120,LIQUIDATE_100,0.84,RECOMMENDED,,TRUE
syn-0407,EVENT,194.4896179530343,VL-203,,,,,,,VIEWED,TRUE
syn-0407,RECOMMENDATION,29.4,BL-601,PERSONAL,415700.0,12,BORROW_100,0.44,RECOMMENDED,,TRUE
syn-0407,EVENT,28.916355462292398,BL-601,,,,,,,ACCEPTED,TRUE
syn-0408,RECOMMENDATION,80.7,EL-302,VEHICLE,178500.0,84,BORROW_40_LIQUIDATE_60,0.722,RECOMMENDED,,TRUE
syn-0408,EVENT,80.05404458183516,EL-302,,,,,,,ACCEPTED,TRUE
syn-0408,RECOMMENDATION,480.8,HL-104,HOME,3723300.0,12,LIQUIDATE_100,0.886,RECOMMENDED,,TRUE
syn-0408,EVENT,480.4657257105307,HL-104,,,,,,,VIEWED,TRUE
syn-0408,RECOMMENDATION,318.3,VL-201,BUSINESS,2225600.0,84,LIQUIDATE_100,0.695,RECOMMENDED,,TRUE
syn-0408,EVENT,317.5274694925773,VL-201,,,,,,,VIEWED,TRUE
syn-0408,RECOMMENDATION,48.5,VL-201,BUSINESS,2644500.0,36,LIQUIDATE_100,0.718,RECOMMENDED,,TRUE
syn-0408,EVENT,48.33844935307417,VL-201,,,,,,,DECLINED,TRUE
syn-0408,RECOMMENDATION,83.3,EL-303,EDUCATION,177000.0,36,BORROW_80_LIQUIDATE_20,0.934,RECOMMENDED,,TRUE
syn-0408,EVENT,82.3726508023391,EL-303,,,,,,,DECLINED,TRUE
syn-0409,RECOMMENDATION,179.4,BL-602,VEHICLE,317000.0,60,BORROW_20_LIQUIDATE_80,0.803,RECOMMENDED,,TRUE
syn-0409,EVENT,178.55549388574832,BL-602,,,,,,,ACCEPTED,TRUE
syn-0412,RECOMMENDATION,105.0,VL-203,VEHICLE,2518400.0,60,BORROW_60_LIQUIDATE_40,0.934,RECOMMENDED,,TRUE
syn-0412,EVENT,104.16016779916771,VL-203,,,,,,,VIEWED,TRUE
syn-0412,RECOMMENDATION,526.1,HL-103,VEHICLE,1421900.0,120,BORROW_80_LIQUIDATE_20,0.854,RECOMMENDED,,TRUE
syn-0412,EVENT,526.0222333016851,HL-103,,,,,,,VIEWED,TRUE
syn-0413,RECOMMENDATION,149.1,PL-403,EDUCATION,572200.0,36,BORROW_40_LIQUIDATE_60,0.65,RECOMMENDED,,TRUE
syn-0413,EVENT,148.95339940386728,PL-403,,,,,,,DECLINED,TRUE
syn-0413,RECOMMENDATION,477.6,HL-103,MEDICAL,481300.0,48,BORROW_80_LIQUIDATE_20,0.328,RECOMMENDED,,TRUE
syn-0413,EVENT,477.1386438152831,HL-103,,,,,,,DECLINED,TRUE
syn-0413,RECOMMENDATION,438.8,PL-403,MEDICAL,888100.0,24,LIQUIDATE_100,0.475,RECOMMENDED,,TRUE
syn-0413,EVENT,438.5726385422316,PL-403,,,,,,,VIEWED,TRUE
syn-0413,RECOMMENDATION,283.7,PL-401,MEDICAL,3751500.0,24,BORROW_40_LIQUIDATE_60,0.943,RECOMMENDED,,TRUE
syn-0413,EVENT,282.954633959409,PL-401,,,,,,,VIEWED,TRUE
syn-0413,RECOMMENDATION,475.5,PL-401,MEDICAL,1755700.0,12,BORROW_80_LIQUIDATE_20,0.626,RECOMMENDED,,TRUE
syn-0413,EVENT,475.09020443981785,PL-401,,,,,,,DECLINED,TRUE
syn-0415,RECOMMENDATION,414.2,VL-203,HOME,378400.0,60,BORROW_80_LIQUIDATE_20,0.367,RECOMMENDED,,TRUE
syn-0415,EVENT,413.666108946753,VL-203,,,,,,,DECLINED,TRUE
syn-0415,RECOMMENDATION,340.8,VL-201,BUSINESS,5252900.0,120,BORROW_80_LIQUIDATE_20,0.66,RECOMMENDED,,TRUE
syn-0415,EVENT,340.5024261912045,VL-201,,,,,,,DECLINED,TRUE
syn-0415,RECOMMENDATION,68.1,VL-201,HOME,5452800.0,60,LIQUIDATE_100,0.533,RECOMMENDED,,TRUE
syn-0415,EVENT,68.0117666795826,VL-201,,,,,,,DECLINED,TRUE
syn-0415,RECOMMENDATION,332.3,VL-203,BUSINESS,2719100.0,12,BORROW_40_LIQUIDATE_60,0.66,RECOMMENDED,,TRUE
syn-0415,EVENT,331.95314269340975,VL-203,,,,,,,VIEWED,TRUE
syn-0416,RECOMMENDATION,420.9,HL-101,MEDICAL,636500.0,120,BORROW_20_LIQUIDATE_80,0.418,RECOMMENDED,,TRUE
syn-0416,EVENT,419.90473402673405,HL-101,,,,,,,ACCEPTED,TRUE
syn-0416,RECOMMENDATION,80.8,VL-201,VEHICLE,2903600.0,84,BORROW_100,0.896,RECOMMENDED,,TRUE
syn-0416,EVENT,80.62289974104546,VL-201,,,,,,,ACCEPTED,TRUE
syn-0416,RECOMMENDATION,459.6,EL-303,EDUCATION,145800.0,36,BORROW_20_LIQUIDATE_80,0.371,RECOMMENDED,,TRUE
syn-0416,EVENT,459.30377707973355,EL-303,,,,,,,VIEWED,TRUE
syn-0417,RECOMMENDATION,11.2,EL-301,PERSONAL,4606800.0,60,BORROW_100,0.573,RECOMMENDED,,TRUE
syn-0417,EVENT,10.846565603126223,EL-301,,,,,,,ACCEPTED,TRUE
syn-0417,RECOMMENDATION,245.7,HL-103,PERSONAL,1241300.0,12,BORROW_40_LIQUIDATE_60,0.805,RECOMMENDED,,TRUE
syn-0417,EVENT,245.0320800730218,HL-103,,,,,,,ACCEPTED,TRUE
syn-0417,RECOMMENDATION,121.6,BL-602,HOME,543900.0,12,BORROW_40_LIQUIDATE_60,0.348,RECOMMENDED,,TRUE
syn-0417,EVENT,121.53282238573927,BL-602,,,,,,,VIEWED,TRUE
syn-0417,RECOMMENDATION,251.0,VL-201,HOME,367600.0,60,BORROW_60_LIQUIDATE_40,0.559,RECOMMENDED,,TRUE
syn-0417,EVENT,250.45680598778245,VL-201,,,,,,,VIEWED,TRUE
syn-0424,RECOMMENDATION,494.0,EL-303,PERSONAL,3424600.0,24,BORROW_100,0.707,RECOMMENDED,,TRUE
syn-0424,EVENT,493.346197144145,EL-303,,,,,,,VIEWED,TRUE
syn-0426,RECOMMENDATION,36.9,VL-202,PERSONAL,537300.0,24,BORROW_100,0.642,RECOMMENDED,,TRUE
syn-0426,EVENT,35.996869619918854,VL-202,,,,,,,ACCEPTED,TRUE
syn-0426,RECOMMENDATION,318.3,PL-401,PERSONAL,6263600.0,24,BORROW_20_LIQUIDATE_80,0.401,RECOMMENDED,,TRUE
syn-0426,EVENT,317.834199940298,PL-401,,,,,,,ACCEPTED,TRUE
syn-0426,RECOMMENDATION,375.3,VL-203,BUSINESS,348700.0,48,BORROW_80_LIQUIDATE_20,0.563,RECOMMENDED,,TRUE
syn-0426,EVENT,374.65460693990144,VL-203,,,,,,,ACCEPTED,TRUE
syn-0426,RECOMMENDATION,255.7,EL-302,BUSINESS,334100.0,60,BORROW_60_LIQUIDATE_40,0.683,RECOMMENDED,,TRUE
syn-0426,EVENT,254.9978049868999,EL-302,,,,,,,VIEWED,TRUE
syn-0426,RECOMMENDATION,360.7,PL-402,EDUCATION,440600.0,36,BORROW_20_LIQUIDATE_80,0.422,RECOMMENDED,,TRUE
syn-0426,EVENT,360.58331746417576,PL-402,,,,,,,VIEWED,TRUE
syn-0431,RECOMMENDATION,120.3,EL-303,MEDICAL,4859100.0,12,BORROW_40_LIQUIDATE_60,0.466,RECOMMENDED,,TRUE
syn-0431,EVENT,119.71771228372474,EL-303,,,,,,,VIEWED,TRUE
syn-0431,RECOMMENDATION,387.3,VL-203,EDUCATION,4847900.0,60,BORROW_20_LIQUIDATE_80,0.4,RECOMMENDED,,TRUE
syn-0431,EVENT,386.9727460735049,VL-203,,,,,,,VIEWED,TRUE
syn-0431,RECOMMENDATION,108.5,EL-303,BUSINESS,2133100.0,120,BORROW_20_LIQUIDATE_80,0.867,RECOMMENDED,,TRUE
syn-0431,EVENT,108.3414107757341,EL-303,,,,,,,DECLINED,TRUE
syn-0431,RECOMMENDATION,200.2,ML-501,HOME,2756700.0,120,BORROW_20_LIQUIDATE_80,0.555,RECOMMENDED,,TRUE
syn-0431,EVENT,199.68744429704498,ML-501,,,,,,,VIEWED,TRUE
syn-0434,RECOMMENDATION,198.5,BL-601,HOME,1448200.0,60,BORROW_60_LIQUIDATE_40,0.49,RECOMMENDED,,TRUE
syn-0434,EVENT,198.4641744187869,BL-601,,,,,,,DECLINED,TRUE
syn-0434,RECOMMENDATION,201.1,EL-302,MEDICAL,122300.0,12,BORROW_20_LIQUIDATE_80,0.89,RECOMMENDED,,TRUE
syn-0434,EVENT,200.88404332994494,EL-302,,,,,,,VIEWED,TRUE
syn-0439,RECOMMENDATION,415.5,BL-601,EDUCATION,1259500.0,12,BORROW_60_LIQUIDATE_40,0.802,RECOMMENDED,,TRUE
syn-0439,EVENT,414.8539738933675,BL-601,,,,,,,DECLINED,TRUE
syn-0439,RECOMMENDATION,232.7,VL-201,PERSONAL,2674200.0,84,BORROW_60_LIQUIDATE_40,0.533,RECOMMENDED,,TRUE
syn-0439,EVENT,232.2605113189501,VL-201,,,,,,,ACCEPTED,TRUE
syn-0439,RECOMMENDATION,223.1,PL-403,MEDICAL,565700.0,36,BORROW_100,0.568,RECOMMENDED,,TRUE
syn-0439,EVENT,222.33922573627945,PL-403,,,,,,,VIEWED,TRUE
syn-0439,RECOMMENDATION,119.5,VL-201,VEHICLE,1587600.0,60,BORROW_80_LIQUIDATE_20,0.423,RECOMMENDED,,TRUE
syn-0439,EVENT,119.43216227737224,VL-201,,,,,,,VIEWED,TRUE
syn-0439,RECOMMENDATION,371.4,EL-302,PERSONAL,613900.0,36,BORROW_20_LIQUIDATE_80,0.679,RECOMMENDED,,TRUE
syn-0439,EVENT,371.37175217128987,EL-302,,,,,,,VIEWED,TRUE
syn-0441,RECOMMENDATION,421.1,HL-104,PERSONAL,6149200.0,12,BORROW_20_LIQUIDATE_80,0.653,RECOMMENDED,,TRUE
syn-0441,EVENT,420.87173906958725,HL-104,,,,,,,ACCEPTED,TRUE
syn-0441,RECOMMENDATION,161.2,HL-103,EDUCATION,3267000.0,24,BORROW_40_LIQUIDATE_60,0.677,RECOMMENDED,,TRUE
syn-0441,EVENT,160.41449310812976,HL-103,,,,,,,DECLINED,TRUE
syn-0441,RECOMMENDATION,92.3,VL-203,HOME,5613800.0,60,BORROW_20_LIQUIDATE_80,0.678,RECOMMENDED,,TRUE
syn-0441,EVENT,91.3584318392334,VL-203,,,,,,,VIEWED,TRUE
syn-0441,RECOMMENDATION,224.9,EL-303,MEDICAL,2558400.0,120,BORROW_60_LIQUIDATE_40,0.587,RECOMMENDED,,TRUE
syn-0441,EVENT,224.52220125813005,EL-303,,,,,,,DECLINED,TRUE
syn-0449,RECOMMENDATION,213.0,PL-401,VEHICLE,344200.0,48,BORROW_100,0.407,RECOMMENDED,,TRUE
syn-0449,EVENT,212.3948728342682,PL-401,,,,,,,DECLINED,TRUE
syn-0449,RECOMMENDATION,161.7,HL-101,MEDICAL,4170500.0,12,BORROW_40_LIQUIDATE_60,0.55,RECOMMENDED,,TRUE
syn-0449,EVENT,161.01732090276522,HL-101,,,,,,,VIEWED,TRUE
syn-0449,RECOMMENDATION,32.3,BL-602,HOME,1891000.0,36,BORROW_60_LIQUIDATE_40,0.805,RECOMMENDED,,TRUE
syn-0449,EVENT,32.04030110884066,BL-602,,,,,,,ACCEPTED,TRUE
syn-0449,RECOMMENDATION,320.2,ML-501,MEDICAL,2376900.0,48,BORROW_60_LIQUIDATE_40,0.673,RECOMMENDED,,TRUE
syn-0449,EVENT,319.3222291750408,ML-501,,,,,,,VIEWED,TRUE
syn-0450,RECOMMENDATION,237.6,EL-302,MEDICAL,2547600.0,48,BORROW_60_LIQUIDATE_40,0.353,RECOMMENDED,,TRUE
syn-0450,EVENT,236.73218542832564,EL-302,,,,,,,DECLINED,TRUE
syn-0450,RECOMMENDATION,299.3,BL-602,MEDICAL,170100.0,12,BORROW_60_LIQUIDATE_40,0.926,RECOMMENDED,,TRUE
syn-0450,EVENT,298.3355145328125,BL-602,,,,,,,VIEWED,TRUE
syn-0452,RECOMMENDATION,118.3,VL-203,VEHICLE,2814000.0,36,BORROW_60_LIQUIDATE_40,0.621,RECOMMENDED,,TRUE
syn-0452,EVENT,117.37061404684025,VL-203,,,,,,,DECLINED,TRUE
syn-0452,RECOMMENDATION,239.4,EL-302,PERSONAL,1792800.0,12,BORROW_40_LIQUIDATE_60,0.504,RECOMMENDED,,TRUE
syn-0452,EVENT,239.01220157847493,EL-302,,,,,,,VIEWED,TRUE
syn-0457,RECOMMENDATION,424.6,EL-302,PERSONAL,1182700.0,120,BORROW_60_LIQUIDATE_40,0.495,RECOMMENDED,,TRUE
syn-0457,EVENT,424.2912825316034,EL-302,,,,,,,ACCEPTED,TRUE
syn-0457,RECOMMENDATION,423.5,PL-402,BUSINESS,4814100.0,84,BORROW_20_LIQUIDATE_80,0.633,RECOMMENDED,,TRUE
syn-0457,EVENT,423.1305472647708,PL-402,,,,,,,VIEWED,TRUE
syn-0457,RECOMMENDATION,294.9,HL-101,HOME,2449200.0,24,BORROW_100,0.432,RECOMMENDED,,TRUE
syn-0457,EVENT,294.0613485169692,HL-101,,,,,,,DECLINED,TRUE
syn-0457,RECOMMENDATION,342.0,HL-101,PERSONAL,117100.0,24,BORROW_60_LIQUIDATE_40,0.551,RECOMMENDED,,TRUE
syn-0457,EVENT,341.772101659047,HL-101,,,,,,,VIEWED,TRUE
syn-0457,RECOMMENDATION,108.9,HL-103,HOME,1202600.0,48,BORROW_60_LIQUIDATE_40,0.944,RECOMMENDED,,TRUE
syn-0457,EVENT,108.0556232129602,HL-103,,,,,,,ACCEPTED,TRUE
syn-0460,RECOMMENDATION,84.8,EL-302,PERSONAL,1654000.0,36,LIQUIDATE_100,0.544,RECOMMENDED,,TRUE
syn-0460,EVENT,84.06482493835716,EL-302,,,,,,,ACCEPTED,TRUE
syn-0461,RECOMMENDATION,274.0,PL-403,HOME,2163500.0,12,BORROW_20_LIQUIDATE_80,0.375,RECOMMENDED,,TRUE
syn-0461,EVENT,273.2378060791663,PL-403,,,,,,,VIEWED,TRUE
syn-0461,RECOMMENDATION,94.9,VL-202,MEDICAL,1235800.0,84,BORROW_100,0.481,RECOMMENDED,,TRUE
syn-0461,EVENT,94.23882384946259,VL-202,,,,,,,ACCEPTED,TRUE
syn-0469,RECOMMENDATION,429.4,HL-102,PERSONAL,202100.0,36,LIQUIDATE_100,0.634,RECOMMENDED,,TRUE
syn-0469,EVENT,429.34000600845644,HL-102,,,,,,,ACCEPTED,TRUE
syn-0471,RECOMMENDATION,343.1,PL-402,HOME,1175200.0,36,BORROW_60_LIQUIDATE_40,0.579,RECOMMENDED,,TRUE
syn-0471,EVENT,342.9987064928289,PL-402,,,,,,,DECLINED,TRUE
syn-0471,RECOMMENDATION,245.3,PL-403,BUSINESS,3949500.0,36,LIQUIDATE_100,0.901,RECOMMENDED,,TRUE
syn-0471,EVENT,245.20396723673153,PL-403,,,,,,,VIEWED,TRUE
syn-0471,RECOMMENDATION,292.0,VL-202,HOME,1687600.0,60,BORROW_40_LIQUIDATE_60,0.351,RECOMMENDED,,TRUE
syn-0471,EVENT,291.33818800868977,VL-202,,,,,,,DECLINED,TRUE
syn-0477,RECOMMENDATION,385.9,EL-301,VEHICLE,1921300.0,120,BORROW_100,0.702,RECOMMENDED,,TRUE
syn-0477,EVENT,385.80890753897415,EL-301,,,,,,,VIEWED,TRUE
syn-0477,RECOMMENDATION,415.4,HL-102,MEDICAL,530200.0,24,LIQUIDATE_100,0.658,RECOMMENDED,,TRUE
syn-0477,EVENT,415.12739137782387,HL-102,,,,,,,DECLINED,TRUE
syn-0477,RECOMMENDATION,444.2,BL-601,VEHICLE,831100.0,36,BORROW_60_LIQUIDATE_40,0.562,RECOMMENDED,,TRUE
syn-0477,EVENT,443.28137387276666,BL-601,,,,,,,ACCEPTED,TRUE
syn-0480,RECOMMENDATION,64.7,VL-201,MEDICAL,424200.0,36,BORROW_40_LIQUIDATE_60,0.841,RECOMMENDED,,TRUE
syn-0480,EVENT,63.73243515062602,VL-201,,,,,,,DECLINED,TRUE
syn-0480,RECOMMENDATION,167.3,VL-203,VEHICLE,1228100.0,12,BORROW_100,0.63,RECOMMENDED,,TRUE
syn-0480,EVENT,166.94563825027333,VL-203,,,,,,,VIEWED,TRUE
syn-0483,RECOMMENDATION,449.0,PL-403,BUSINESS,753700.0,36,BORROW_20_LIQUIDATE_80,0.749,RECOMMENDED,,TRUE
syn-0483,EVENT,448.09676761712257,PL-403,,,,,,,VIEWED,TRUE
syn-0483,RECOMMENDATION,38.8,VL-201,HOME,207600.0,60,BORROW_40_LIQUIDATE_60,0.775,RECOMMENDED,,TRUE
syn-0483,EVENT,38.70430643263206,VL-201,,,,,,,VIEWED,TRUE
syn-0485,RECOMMENDATION,427.1,HL-103,VEHICLE,273200.0,48,BORROW_80_LIQUIDATE_20,0.792,RECOMMENDED,,TRUE
syn-0485,EVENT,426.9893573643501,HL-103,,,,,,,DECLINED,TRUE
syn-0485,RECOMMENDATION,165.4,VL-203,PERSONAL,6197500.0,120,LIQUIDATE_100,0.832,RECOMMENDED,,TRUE
syn-0485,EVENT,164.41728476299062,VL-203,,,,,,,ACCEPTED,TRUE
syn-0485,RECOMMENDATION,308.0,BL-602,HOME,291100.0,24,BORROW_100,0.909,RECOMMENDED,,TRUE
syn-0485,EVENT,307.92866238200526,BL-602,,,,,,,DECLINED,TRUE
syn-0485,RECOMMENDATION,495.2,EL-303,VEHICLE,825700.0,60,LIQUIDATE_100,0.797,RECOMMENDED,,TRUE
syn-0485,EVENT,495.11410502095356,EL-303,,,,,,,DECLINED,TRUE
syn-0486,RECOMMENDATION,215.6,ML-501,HOME,293400.0,48,BORROW_60_LIQUIDATE_40,0.725,RECOMMENDED,,TRUE
syn-0486,EVENT,215.17350810578336,ML-501,,,,,,,ACCEPTED,TRUE
syn-0486,RECOMMENDATION,359.5,VL-201,EDUCATION,240400.0,120,BORROW_40_LIQUIDATE_60,0.551,RECOMMENDED,,TRUE
syn-0486,EVENT,359.14378568012944,VL-201,,,,,,,VIEWED,TRUE
syn-0486,RECOMMENDATION,489.3,EL-303,VEHICLE,100700.0,60,LIQUIDATE_100,0.317,RECOMMENDED,,TRUE
syn-0486,EVENT,488.4099036470705,EL-303,,,,,,,VIEWED,TRUE
syn-0486,RECOMMENDATION,114.6,EL-302,BUSINESS,1031900.0,12,BORROW_20_LIQUIDATE_80,0.668,RECOMMENDED,,TRUE
syn-0486,EVENT,114.59768353930335,EL-302,,,,,,,VIEWED,TRUE
syn-0488,RECOMMENDATION,123.0,ML-501,VEHICLE,268200.0,84,BORROW_100,0.521,RECOMMENDED,,TRUE
syn-0488,EVENT,122.01562638280306,ML-501,,,,,,,VIEWED,TRUE
syn-0488,RECOMMENDATION,138.0,VL-201,MEDICAL,369100.0,60,BORROW_60_LIQUIDATE_40,0.55,RECOMMENDED,,TRUE
syn-0488,EVENT,137.14527999257393,VL-201,,,,,,,DECLINED,TRUE
syn-0488,RECOMMENDATION,478.9,PL-403,EDUCATION,1534600.0,120,BORROW_80_LIQUIDATE_20,0.707,RECOMMENDED,,TRUE
syn-0488,EVENT,478.69747681902095,PL-403,,,,,,,ACCEPTED,TRUE
syn-0489,RECOMMENDATION,404.5,PL-403,EDUCATION,106000.0,48,BORROW_100,0.467,RECOMMENDED,,TRUE
syn-0489,EVENT,403.6047821412849,PL-403,,,,,,,ACCEPTED,TRUE
syn-0490,RECOMMENDATION,221.7,ML-501,EDUCATION,264900.0,48,BORROW_80_LIQUIDATE_20,0.95,RECOMMENDED,,TRUE
syn-0490,EVENT,220.8050121646648,ML-501,,,,,,,DECLINED,TRUE
syn-0495,RECOMMENDATION,326.2,PL-403,PERSONAL,4430600.0,60,BORROW_80_LIQUIDATE_20,0.7,RECOMMENDED,,TRUE
syn-0495,EVENT,326.1019419904034,PL-403,,,,,,,DECLINED,TRUE
syn-0495,RECOMMENDATION,154.9,EL-301,PERSONAL,2201600.0,12,LIQUIDATE_100,0.459,RECOMMENDED,,TRUE
syn-0495,EVENT,154.88038091615417,EL-301,,,,,,,VIEWED,TRUE
syn-0497,RECOMMENDATION,135.3,EL-303,HOME,4288600.0,48,BORROW_80_LIQUIDATE_20,0.719,RECOMMENDED,,TRUE
syn-0497,EVENT,134.3614505482971,EL-303,,,,,,,DECLINED,TRUE
syn-0498,RECOMMENDATION,326.9,VL-201,HOME,1046000.0,60,BORROW_100,0.567,RECOMMENDED,,TRUE
syn-0498,EVENT,326.13426768630535,VL-201,,,,,,,ACCEPTED,TRUE
syn-0498,RECOMMENDATION,170.5,PL-403,MEDICAL,521200.0,60,BORROW_20_LIQUIDATE_80,0.496,RECOMMENDED,,TRUE
syn-0498,EVENT,169.7366188686658,PL-403,,,,,,,ACCEPTED,TRUE
syn-0498,RECOMMENDATION,1.9,EL-303,VEHICLE,1210600.0,48,BORROW_40_LIQUIDATE_60,0.623,RECOMMENDED,,TRUE
syn-0498,EVENT,1.3927106505779556,EL-303,,,,,,,VIEWED,TRUE
syn-0498,RECOMMENDATION,378.4,HL-102,BUSINESS,149300.0,36,BORROW_100,0.475,RECOMMENDED,,TRUE
syn-0498,EVENT,377.7067835520363,HL-102,,,,,,,VIEWED,TRUE
syn-0498,RECOMMENDATION,160.5,PL-402,VEHICLE,146900.0,60,BORROW_20_LIQUIDATE_80,0.918,RECOMMENDED,,TRUE
syn-0498,EVENT,160.4420865969852,PL-402,,,,,,,DECLINED,TRUE
syn-0499,RECOMMENDATION,37.0,PL-402,PERSONAL,3884200.0,48,BORROW_80_LIQUIDATE_20,0.487,RECOMMENDED,,TRUE
syn-0499,EVENT,36.34908829574097,PL-402,,,,,,,VIEWED,TRUE
syn-0499,RECOMMENDATION,163.1,VL-201,EDUCATION,2006900.0,48,BORROW_40_LIQUIDATE_60,0.893,RECOMMENDED,,TRUE
syn-0499,EVENT,162.47936890541138,VL-201,,,,,,,VIEWED,TRUE
syn-0499,RECOMMENDATION,360.9,EL-303,PERSONAL,311000.0,60,BORROW_80_LIQUIDATE_20,0.417,RECOMMENDED,,TRUE
syn-0499,EVENT,360.8923179297603,EL-303,,,,,,,ACCEPTED,TRUE
syn-0499,RECOMMENDATION,454.4,BL-601,EDUCATION,5341800.0,48,BORROW_20_LIQUIDATE_80,0.773,RECOMMENDED,,TRUE
syn-0499,EVENT,454.2647479043869,BL-601,,,,,,,VIEWED,TRUE
syn-0501,RECOMMENDATION,40.4,EL-302,MEDICAL,1145400.0,48,BORROW_80_LIQUIDATE_20,0.404,RECOMMENDED,,TRUE
syn-0501,EVENT,40.05835643247489,EL-302,,,,,,,DECLINED,TRUE
syn-0501,RECOMMENDATION,44.2,VL-201,EDUCATION,242100.0,60,BORROW_40_LIQUIDATE_60,0.435,RECOMMENDED,,TRUE
syn-0501,EVENT,43.52473638667209,VL-201,,,,,,,DECLINED,TRUE
syn-0501,RECOMMENDATION,91.8,PL-402,BUSINESS,380200.0,24,BORROW_20_LIQUIDATE_80,0.509,RECOMMENDED,,TRUE
syn-0501,EVENT,91.20974300915289,PL-402,,,,,,,VIEWED,TRUE
syn-0501,RECOMMENDATION,296.5,BL-601,HOME,881200.0,24,BORROW_20_LIQUIDATE_80,0.461,RECOMMENDED,,TRUE
syn-0501,EVENT,296.49375652060235,BL-601,,,,,,,ACCEPTED,TRUE
syn-0501,RECOMMENDATION,12.4,ML-501,HOME,4012100.0,24,BORROW_40_LIQUIDATE_60,0.341,RECOMMENDED,,TRUE
syn-0501,EVENT,11.758839474947772,ML-501,,,,,,,VIEWED,TRUE
syn-0502,RECOMMENDATION,351.5,EL-303,VEHICLE,132400.0,84,BORROW_40_LIQUIDATE_60,0.548,RECOMMENDED,,TRUE
syn-0502,EVENT,351.2303634742435,EL-303,,,,,,,DECLINED,TRUE
syn-0502,RECOMMENDATION,233.6,PL-403,BUSINESS,262000.0,60,BORROW_20_LIQUIDATE_80,0.896,RECOMMENDED,,TRUE
syn-0502,EVENT,233.32515340718328,PL-403,,,,,,,DECLINED,TRUE
syn-0504,RECOMMENDATION,48.5,PL-401,EDUCATION,752400.0,24,BORROW_20_LIQUIDATE_80,0.67,RECOMMENDED,,TRUE
syn-0504,EVENT,48.169948101313025,PL-401,,,,,,,VIEWED,TRUE
syn-0504,RECOMMENDATION,418.4,VL-201,HOME,167500.0,120,BORROW_20_LIQUIDATE_80,0.478,RECOMMENDED,,TRUE
syn-0504,EVENT,417.66368537873694,VL-201,,,,,,,ACCEPTED,TRUE
syn-0504,RECOMMENDATION,449.3,HL-101,EDUCATION,2053500.0,36,BORROW_60_LIQUIDATE_40,0.839,RECOMMENDED,,TRUE
syn-0504,EVENT,448.98191062117763,HL-101,,,,,,,DECLINED,TRUE
syn-0504,RECOMMENDATION,293.0,VL-201,BUSINESS,267600.0,120,BORROW_60_LIQUIDATE_40,0.361,RECOMMENDED,,TRUE
syn-0504,EVENT,292.8581960030984,VL-201,,,,,,,VIEWED,TRUE
syn-0504,RECOMMENDATION,104.4,HL-101,VEHICLE,788000.0,120,BORROW_80_LIQUIDATE_20,0.714,RECOMMENDED,,TRUE
syn-0504,EVENT,103.57884536989013,HL-101,,,,,,,DECLINED,TRUE
syn-0506,RECOMMENDATION,322.9,HL-101,HOME,832200.0,84,BORROW_20_LIQUIDATE_80,0.883,RECOMMENDED,,TRUE
syn-0506,EVENT,322.1271364534068,HL-101,,,,,,,ACCEPTED,TRUE
syn-0506,RECOMMENDATION,403.2,EL-301,VEHICLE,2404300.0,84,BORROW_100,0.843,RECOMMENDED,,TRUE
syn-0506,EVENT,402.221452921132,EL-301,,,,,,,DECLINED,TRUE
syn-0506,RECOMMENDATION,176.4,BL-602,VEHICLE,965400.0,12,LIQUIDATE_100,0.422,RECOMMENDED,,TRUE
syn-0506,EVENT,175.46057283334918,BL-602,,,,,,,VIEWED,TRUE
syn-0507,RECOMMENDATION,510.8,HL-104,BUSINESS,161000.0,60,BORROW_60_LIQUIDATE_40,0.938,RECOMMENDED,,TRUE
syn-0507,EVENT,510.7973800402456,HL-104,,,,,,,DECLINED,TRUE
syn-0512,RECOMMENDATION,439.5,PL-401,BUSINESS,1269900.0,24,BORROW_100,0.58,RECOMMENDED,,TRUE
syn-0512,EVENT,438.6754776097502,PL-401,,,,,,,VIEWED,TRUE
syn-0512,RECOMMENDATION,401.1,PL-402,PERSONAL,180900.0,48,LIQUIDATE_100,0.856,RECOMMENDED,,TRUE
syn-0512,EVENT,400.9627664613087,PL-402,,,,,,,DECLINED,TRUE
syn-0513,RECOMMENDATION,416.3,HL-104,MEDICAL,3836000.0,84,LIQUIDATE_100,0.903,RECOMMENDED,,TRUE
syn-0513,EVENT,415.41495165807635,HL-104,,,,,,,VIEWED,TRUE
syn-0514,RECOMMENDATION,362.9,PL-403,BUSINESS,558600.0,60,LIQUIDATE_100,0.807,RECOMMENDED,,TRUE
syn-0514,EVENT,362.4966888806991,PL-403,,,,,,,ACCEPTED,TRUE
syn-0514,RECOMMENDATION,328.7,VL-202,MEDICAL,4270100.0,120,BORROW_60_LIQUIDATE_40,0.414,RECOMMENDED,,TRUE
syn-0514,EVENT,327.75406129575754,VL-202,,,,,,,DECLINED,TRUE
syn-0514,RECOMMENDATION,445.2,PL-403,HOME,1326200.0,36,BORROW_60_LIQUIDATE_40,0.755,RECOMMENDED,,TRUE
syn-0514,EVENT,444.84187531192055,PL-403,,,,,,,ACCEPTED,TRUE
syn-0516,RECOMMENDATION,382.6,VL-202,BUSINESS,2824200.0,120,BORROW_100,0.68,RECOMMENDED,,TRUE
syn-0516,EVENT,381.88985197744097,VL-202,,,,,,,VIEWED,TRUE
syn-0517,RECOMMENDATION,26.1,PL-402,HOME,6135000.0,84,BORROW_60_LIQUIDATE_40,0.748,RECOMMENDED,,TRUE
syn-0517,EVENT,25.170777337328587,PL-402,,,,,,,VIEWED,TRUE
syn-0517,RECOMMENDATION,142.4,EL-301,HOME,3043900.0,60,BORROW_60_LIQUIDATE_40,0.672,RECOMMENDED,,TRUE
syn-0517,EVENT,141.76520824657257,EL-301,,,,,,,VIEWED,TRUE
syn-0517,RECOMMENDATION,473.4,HL-101,VEHICLE,178200.0,48,LIQUIDATE_100,0.614,RECOMMENDED,,TRUE
syn-0517,EVENT,472.7550386542153,HL-101,,,,,,,ACCEPTED,TRUE
syn-0517,RECOMMENDATION,289.0,EL-302,PERSONAL,1056700.0,60,BORROW_100,0.612,RECOMMENDED,,TRUE
syn-0517,EVENT,288.68024799725544,EL-302,,,,,,,VIEWED,TRUE
syn-0517,RECOMMENDATION,464.8,BL-601,MEDICAL,2369200.0,84,BORROW_40_LIQUIDATE_60,0.571,RECOMMENDED,,TRUE
syn-0517,EVENT,464.01333596041763,BL-601,,,,,,,VIEWED,TRUE
syn-0519,RECOMMENDATION,325.1,HL-102,VEHICLE,4818100.0,48,BORROW_20_LIQUIDATE_80,0.879,RECOMMENDED,,TRUE
syn-0519,EVENT,324.76018617277737,HL-102,,,,,,,ACCEPTED,TRUE
syn-0519,RECOMMENDATION,187.3,HL-103,PERSONAL,316500.0,24,LIQUIDATE_100,0.573,RECOMMENDED,,TRUE
syn-0519,EVENT,186.8169842443302,HL-103,,,,,,,DECLINED,TRUE
syn-0519,RECOMMENDATION,521.8,PL-401,BUSINESS,308500.0,48,BORROW_100,0.575,RECOMMENDED,,TRUE
syn-0519,EVENT,521.0902016177301,PL-401,,,,,,,ACCEPTED,TRUE
syn-0519,RECOMMENDATION,492.3,HL-102,HOME,124000.0,120,BORROW_40_LIQUIDATE_60,0.432,RECOMMENDED,,TRUE
syn-0519,EVENT,491.6979260470582,HL-102,,,,,,,VIEWED,TRUE
syn-0519,RECOMMENDATION,504.0,ML-501,EDUCATION,673800.0,60,BORROW_100,0.68,RECOMMENDED,,TRUE
syn-0519,EVENT,503.210905593,ML-501,,,,,,,VIEWED,TRUE
syn-0521,RECOMMENDATION,119.1,BL-601,PERSONAL,1490000.0,60,BORROW_40_LIQUIDATE_60,0.824,RECOMMENDED,,TRUE
syn-0521,EVENT,118.50692818864927,BL-601,,,,,,,VIEWED,TRUE
syn-0521,RECOMMENDATION,325.9,VL-202,MEDICAL,151700.0,84,BORROW_80_LIQUIDATE_20,0.896,RECOMMENDED,,TRUE
syn-0521,EVENT,325.45826585183005,VL-202,,,,,,,ACCEPTED,TRUE
syn-0521,RECOMMENDATION,229.5,HL-102,BUSINESS,2264100.0,24,BORROW_80_LIQUIDATE_20,0.794,RECOMMENDED,,TRUE
syn-0521,EVENT,229.4309205851097,HL-102,,,,,,,VIEWED,TRUE
syn-0523,RECOMMENDATION,324.3,PL-403,VEHICLE,962300.0,36,BORROW_40_LIQUIDATE_60,0.781,RECOMMENDED,,TRUE
syn-0523,EVENT,323.6950463939595,PL-403,,,,,,,VIEWED,TRUE
syn-0523,RECOMMENDATION,315.7,ML-501,MEDICAL,6088400.0,84,BORROW_60_LIQUIDATE_40,0.82,RECOMMENDED,,TRUE
syn-0523,EVENT,314.93065067226775,ML-501,,,,,,,VIEWED,TRUE
syn-0528,RECOMMENDATION,166.9,PL-402,MEDICAL,1268400.0,120,BORROW_100,0.409,RECOMMENDED,,TRUE
syn-0528,EVENT,165.92873506880633,PL-402,,,,,,,VIEWED,TRUE
syn-0528,RECOMMENDATION,153.6,HL-102,BUSINESS,391700.0,24,BORROW_20_LIQUIDATE_80,0.575,RECOMMENDED,,TRUE
syn-0528,EVENT,153.4732876697089,HL-102,,,,,,,ACCEPTED,TRUE
syn-0533,RECOMMENDATION,435.0,HL-103,HOME,401100.0,36,BORROW_40_LIQUIDATE_60,0.789,RECOMMENDED,,TRUE
syn-0533,EVENT,434.68845147930114,HL-103,,,,,,,VIEWED,TRUE
syn-0533,RECOMMENDATION,278.6,HL-101,MEDICAL,261700.0,48,BORROW_60_LIQUIDATE_40,0.747,RECOMMENDED,,TRUE
syn-0533,EVENT,278.4799472915832,HL-101,,,,,,,DECLINED,TRUE
syn-0533,RECOMMENDATION,287.8,BL-601,BUSINESS,799300.0,120,BORROW_100,0.91,RECOMMENDED,,TRUE
syn-0533,EVENT,287.3163458158681,BL-601,,,,,,,ACCEPTED,TRUE
syn-0533,RECOMMENDATION,339.1,ML-501,PERSONAL,855700.0,24,BORROW_40_LIQUIDATE_60,0.704,RECOMMENDED,,TRUE
syn-0533,EVENT,338.6492952433428,ML-501,,,,,,,VIEWED,TRUE
syn-0533,RECOMMENDATION,263.1,EL-302,BUSINESS,141300.0,48,BORROW_100,0.517,RECOMMENDED,,TRUE
syn-0533,EVENT,262.2904769954799,EL-302,,,,,,,ACCEPTED,TRUE
syn-0535,RECOMMENDATION,5.7,EL-301,PERSONAL,399200.0,24,BORROW_100,0.809,RECOMMENDED,,TRUE
syn-0535,EVENT,5.3665579866559,EL-301,,,,,,,VIEWED,TRUE
syn-0535,RECOMMENDATION,519.0,EL-302,EDUCATION,2286100.0,60,BORROW_80_LIQUIDATE_20,0.305,RECOMMENDED,,TRUE
syn-0535,EVENT,518.3305217583772,EL-302,,,,,,,VIEWED,TRUE
syn-0537,RECOMMENDATION,241.1,EL-302,EDUCATION,152600.0,120,BORROW_20_LIQUIDATE_80,0.59,RECOMMENDED,,TRUE
syn-0537,EVENT,240.6239189250685,EL-302,,,,,,,VIEWED,TRUE
syn-0537,RECOMMENDATION,497.4,EL-301,HOME,434200.0,84,BORROW_20_LIQUIDATE_80,0.859,RECOMMENDED,,TRUE
syn-0537,EVENT,496.46131476676817,EL-301,,,,,,,ACCEPTED,TRUE
syn-0539,RECOMMENDATION,54.4,PL-402,PERSONAL,199000.0,60,LIQUIDATE_100,0.874,RECOMMENDED,,TRUE
syn-0539,EVENT,53.6267752979587,PL-402,,,,,,,VIEWED,TRUE
syn-0539,RECOMMENDATION,459.2,PL-403,VEHICLE,2827600.0,120,BORROW_40_LIQUIDATE_60,0.382,RECOMMENDED,,TRUE
syn-0539,EVENT,459.0912411277285,PL-403,,,,,,,VIEWED,TRUE
syn-0540,RECOMMENDATION,275.1,ML-501,VEHICLE,935900.0,24,BORROW_100,0.499,RECOMMENDED,,TRUE
syn-0540,EVENT,274.93483041462235,ML-501,,,,,,,ACCEPTED,TRUE
syn-0540,RECOMMENDATION,71.8,EL-301,EDUCATION,2966500.0,120,BORROW_40_LIQUIDATE_60,0.787,RECOMMENDED,,TRUE
syn-0540,EVENT,71.20003998360905,EL-301,,,,,,,VIEWED,TRUE
syn-0540,RECOMMENDATION,123.6,VL-203,MEDICAL,417300.0,84,LIQUIDATE_100,0.45,RECOMMENDED,,TRUE
syn-0540,EVENT,122.73844799929537,VL-203,,,,,,,VIEWED,TRUE
syn-0540,RECOMMENDATION,66.3,HL-104,EDUCATION,1469200.0,12,BORROW_40_LIQUIDATE_60,0.652,RECOMMENDED,,TRUE
syn-0540,EVENT,65.64357400596381,HL-104,,,,,,,VIEWED,TRUE
syn-0540,RECOMMENDATION,24.7,HL-103,HOME,593500.0,48,BORROW_40_LIQUIDATE_60,0.643,RECOMMENDED,,TRUE
syn-0540,EVENT,24.3285597500555,HL-103,,,,,,,VIEWED,TRUE
syn-0543,RECOMMENDATION,137.5,BL-602,BUSINESS,4119400.0,12,BORROW_80_LIQUIDATE_20,0.63,RECOMMENDED,,TRUE
syn-0543,EVENT,136.61714048281434,BL-602,,,,,,,DECLINED,TRUE
syn-0543,RECOMMENDATION,484.3,PL-401,BUSINESS,2998000.0,48,BORROW_40_LIQUIDATE_60,0.328,RECOMMENDED,,TRUE
syn-0543,EVENT,483.3028110141195,PL-401,,,,,,,VIEWED,TRUE
syn-0544,RECOMMENDATION,413.3,BL-601,VEHICLE,270900.0,60,LIQUIDATE_100,0.887,RECOMMENDED,,TRUE
syn-0544,EVENT,413.29939868355626,BL-601,,,,,,,ACCEPTED,TRUE
syn-0544,RECOMMENDATION,235.4,HL-104,VEHICLE,153700.0,84,LIQUIDATE_100,0.609,RECOMMENDED,,TRUE
syn-0544,EVENT,235.09758718519592,HL-104,,,,,,,VIEWED,TRUE
syn-0544,RECOMMENDATION,286.7,EL-301,VEHICLE,5590700.0,84,LIQUIDATE_100,0.632,RECOMMENDED,,TRUE
syn-0544,EVENT,286.1392756084286,EL-301,,,,,,,DECLINED,TRUE
syn-0544,RECOMMENDATION,163.1,PL-402,MEDICAL,629300.0,120,BORROW_40_LIQUIDATE_60,0.422,RECOMMENDED,,TRUE
syn-0544,EVENT,162.74510780774855,PL-402,,,,,,,ACCEPTED,TRUE
syn-0546,RECOMMENDATION,161.6,ML-501,MEDICAL,896400.0,84,BORROW_80_LIQUIDATE_20,0.683,RECOMMENDED,,TRUE
syn-0546,EVENT,160.6520186647815,ML-501,,,,,,,VIEWED,TRUE
syn-0547,RECOMMENDATION,390.4,VL-203,BUSINESS,2037000.0,24,BORROW_100,0.578,RECOMMENDED,,TRUE
syn-0547,EVENT,390.24532394287974,VL-203,,,,,,,VIEWED,TRUE
syn-0547,RECOMMENDATION,88.3,EL-302,PERSONAL,899500.0,84,BORROW_60_LIQUIDATE_40,0.405,RECOMMENDED,,TRUE
syn-0547,EVENT,87.80971761030824,EL-302,,,,,,,VIEWED,TRUE
syn-0547,RECOMMENDATION,533.3,VL-203,HOME,563000.0,60,BORROW_80_LIQUIDATE_20,0.48,RECOMMENDED,,TRUE
syn-0547,EVENT,532.3857890139053,VL-203,,,,,,,VIEWED,TRUE
syn-0547,RECOMMENDATION,389.8,PL-402,MEDICAL,762000.0,12,BORROW_80_LIQUIDATE_20,0.489,RECOMMENDED,,TRUE
syn-0547,EVENT,389.5560760347363,PL-402,,,,,,,DECLINED,TRUE
syn-0547,RECOMMENDATION,204.4,EL-302,HOME,575000.0,48,BORROW_20_LIQUIDATE_80,0.592,RECOMMENDED,,TRUE
syn-0547,EVENT,204.3331148648721,EL-302,,,,,,,VIEWED,TRUE
syn-0548,RECOMMENDATION,191.2,EL-301,EDUCATION,3683000.0,120,BORROW_100,0.302,RECOMMENDED,,TRUE
syn-0548,EVENT,190.76468562878586,EL-301,,,,,,,ACCEPTED,TRUE
syn-0548,RECOMMENDATION,247.8,PL-403,MEDICAL,139900.0,48,BORROW_40_LIQUIDATE_60,0.487,RECOMMENDED,,TRUE
syn-0548,EVENT,247.52538260532813,PL-403,,,,,,,DECLINED,TRUE
syn-0548,RECOMMENDATION,273.1,HL-103,MEDICAL,1279300.0,60,BORROW_20_LIQUIDATE_80,0.666,RECOMMENDED,,TRUE
syn-0548,EVENT,272.260625923476,HL-103,,,,,,,DECLINED,TRUE
syn-0548,RECOMMENDATION,310.8,ML-501,EDUCATION,107300.0,60,BORROW_60_LIQUIDATE_40,0.772,RECOMMENDED,,TRUE
syn-0548,EVENT,310.5196343642641,ML-501,,,,,,,VIEWED,TRUE
syn-0550,RECOMMENDATION,370.2,HL-101,HOME,6137600.0,120,BORROW_100,0.357,RECOMMENDED,,TRUE
syn-0550,EVENT,369.72800537365606,HL-101,,,,,,,ACCEPTED,TRUE
syn-0550,RECOMMENDATION,57.5,ML-501,EDUCATION,179300.0,12,BORROW_60_LIQUIDATE_40,0.419,RECOMMENDED,,TRUE
syn-0550,EVENT,56.78917854601567,ML-501,,,,,,,DECLINED,TRUE
syn-0550,RECOMMENDATION,478.1,VL-203,BUSINESS,172400.0,12,BORROW_60_LIQUIDATE_40,0.54,RECOMMENDED,,TRUE
syn-0550,EVENT,477.3726075639157,VL-203,,,,,,,VIEWED,TRUE
syn-0551,RECOMMENDATION,183.3,PL-403,EDUCATION,2173800.0,36,LIQUIDATE_100,0.809,RECOMMENDED,,TRUE
syn-0551,EVENT,183.22604508978034,PL-403,,,,,,,ACCEPTED,TRUE
syn-0551,RECOMMENDATION,43.1,VL-202,BUSINESS,1002700.0,84,BORROW_40_LIQUIDATE_60,0.903,RECOMMENDED,,TRUE
syn-0551,EVENT,42.93063631489994,VL-202,,,,,,,DECLINED,TRUE
syn-0551,RECOMMENDATION,290.6,HL-104,VEHICLE,2861000.0,36,BORROW_20_LIQUIDATE_80,0.731,RECOMMENDED,,TRUE
syn-0551,EVENT,290.4948077407061,HL-104,,,,,,,VIEWED,TRUE
syn-0551,RECOMMENDATION,398.1,PL-402,EDUCATION,472400.0,120,BORROW_100,0.669,RECOMMENDED,,TRUE
syn-0551,EVENT,397.72183807648577,PL-402,,,,,,,VIEWED,TRUE
syn-0553,RECOMMENDATION,383.1,VL-201,PERSONAL,287000.0,36,BORROW_40_LIQUIDATE_60,0.709,RECOMMENDED,,TRUE
syn-0553,EVENT,382.46904658500546,VL-201,,,,,,,DECLINED,TRUE
syn-0553,RECOMMENDATION,100.5,PL-401,BUSINESS,5437700.0,120,BORROW_60_LIQUIDATE_40,0.371,RECOMMENDED,,TRUE
syn-0553,EVENT,100.25946188130258,PL-401,,,,,,,VIEWED,TRUE
syn-0555,RECOMMENDATION,282.2,ML-501,BUSINESS,1245600.0,24,BORROW_60_LIQUIDATE_40,0.305,RECOMMENDED,,TRUE
syn-0555,EVENT,281.30086901898585,ML-501,,,,,,,VIEWED,TRUE
syn-0555,RECOMMENDATION,130.5,HL-104,PERSONAL,168400.0,12,BORROW_100,0.333,RECOMMENDED,,TRUE
syn-0555,EVENT,130.2682522531094,HL-104,,,,,,,VIEWED,TRUE
syn-0555,RECOMMENDATION,483.0,HL-101,HOME,150300.0,84,BORROW_60_LIQUIDATE_40,0.845,RECOMMENDED,,TRUE
syn-0555,EVENT,482.08312646770315,HL-101,,,,,,,DECLINED,TRUE
syn-0555,RECOMMENDATION,99.0,VL-201,PERSONAL,1249800.0,60,BORROW_40_LIQUIDATE_60,0.63,RECOMMENDED,,TRUE
syn-0555,EVENT,98.00401099228941,VL-201,,,,,,,ACCEPTED,TRUE
syn-0557,RECOMMENDATION,260.0,PL-403,HOME,1308700.0,60,BORROW_60_LIQUIDATE_40,0.89,RECOMMENDED,,TRUE
syn-0557,EVENT,259.6872818580331,PL-403,,,,,,,VIEWED,TRUE
syn-0557,RECOMMENDATION,175.6,PL-403,PERSONAL,191900.0,36,BORROW_60_LIQUIDATE_40,0.401,RECOMMENDED,,TRUE
syn-0557,EVENT,175.56425637938668,PL-403,,,,,,,VIEWED,TRUE
syn-0558,RECOMMENDATION,121.2,HL-101,VEHICLE,3082000.0,36,BORROW_40_LIQUIDATE_60,0.693,RECOMMENDED,,TRUE
syn-0558,EVENT,120.48805164563636,HL-101,,,,,,,VIEWED,TRUE
syn-0564,RECOMMENDATION,528.3,EL-303,PERSONAL,744900.0,36,BORROW_20_LIQUIDATE_80,0.633,RECOMMENDED,,TRUE
syn-0564,EVENT,528.2837091545099,EL-303,,,,,,,DECLINED,TRUE
syn-0564,RECOMMENDATION,444.0,HL-103,HOME,4508400.0,36,LIQUIDATE_100,0.748,RECOMMENDED,,TRUE
syn-0564,EVENT,443.5298925719423,HL-103,,,,,,,VIEWED,TRUE
syn-0564,RECOMMENDATION,382.1,HL-101,BUSINESS,1272300.0,120,BORROW_60_LIQUIDATE_40,0.852,RECOMMENDED,,TRUE
syn-0564,EVENT,381.49906478701047,HL-101,,,,,,,DECLINED,TRUE
syn-0565,RECOMMENDATION,501.0,VL-202,MEDICAL,6036300.0,48,BORROW_80_LIQUIDATE_20,0.558,RECOMMENDED,,TRUE
syn-0565,EVENT,500.4218977680036,VL-202,,,,,,,DECLINED,TRUE
syn-0565,RECOMMENDATION,223.4,VL-201,VEHICLE,202400.0,84,LIQUIDATE_100,0.43,RECOMMENDED,,TRUE
syn-0565,EVENT,222.41619955545048,VL-201,,,,,,,VIEWED,TRUE
syn-0566,RECOMMENDATION,386.2,HL-102,MEDICAL,1012900.0,36,BORROW_60_LIQUIDATE_40,0.552,RECOMMENDED,,TRUE
syn-0566,EVENT,385.9675945201176,HL-102,,,,,,,ACCEPTED,TRUE
syn-0566,RECOMMENDATION,166.4,EL-301,HOME,159500.0,36,LIQUIDATE_100,0.73,RECOMMENDED,,TRUE
syn-0566,EVENT,165.948660686799,EL-301,,,,,,,VIEWED,TRUE
syn-0566,RECOMMENDATION,445.0,EL-302,HOME,447200.0,48,BORROW_20_LIQUIDATE_80,0.359,RECOMMENDED,,TRUE
syn-0566,EVENT,444.9370039072809,EL-302,,,,,,,VIEWED,TRUE
syn-0566,RECOMMENDATION,511.1,ML-501,HOME,722400.0,48,BORROW_60_LIQUIDATE_40,0.655,RECOMMENDED,,TRUE
syn-0566,EVENT,510.2067600104152,ML-501,,,,,,,VIEWED,TRUE
syn-0566,RECOMMENDATION,450.8,VL-201,PERSONAL,252500.0,24,BORROW_20_LIQUIDATE_80,0.539,RECOMMENDED,,TRUE
syn-0566,EVENT,450.39636608323235,VL-201,,,,,,,ACCEPTED,TRUE
syn-0567,RECOMMENDATION,319.7,VL-203,EDUCATION,427400.0,48,BORROW_80_LIQUIDATE_20,0.868,RECOMMENDED,,TRUE
syn-0567,EVENT,319.60707017741333,VL-203,,,,,,,VIEWED,TRUE
syn-0567,RECOMMENDATION,173.0,PL-403,EDUCATION,2740600.0,24,BORROW_80_LIQUIDATE_20,0.945,RECOMMENDED,,TRUE
syn-0567,EVENT,172.27834976461472,PL-403,,,,,,,ACCEPTED,TRUE
syn-0567,RECOMMENDATION,10.1,PL-402,HOME,314600.0,120,BORROW_60_LIQUIDATE_40,0.303,RECOMMENDED,,TRUE
syn-0567,EVENT,9.272617354233033,PL-402,,,,,,,VIEWED,TRUE
syn-0567,RECOMMENDATION,356.7,BL-602,EDUCATION,142900.0,48,BORROW_60_LIQUIDATE_40,0.373,RECOMMENDED,,TRUE
syn-0567,EVENT,356.2037361944493,BL-602,,,,,,,VIEWED,TRUE
syn-0571,RECOMMENDATION,276.0,HL-104,MEDICAL,1925500.0,60,BORROW_100,0.902,RECOMMENDED,,TRUE
syn-0571,EVENT,275.1222671294249,HL-104,,,,,,,DECLINED,TRUE
syn-0571,RECOMMENDATION,358.5,EL-302,EDUCATION,6107900.0,12,BORROW_100,0.477,RECOMMENDED,,TRUE
syn-0571,EVENT,358.02502175079906,EL-302,,,,,,,ACCEPTED,TRUE
syn-0573,RECOMMENDATION,352.6,BL-602,HOME,3570500.0,120,BORROW_100,0.659,RECOMMENDED,,TRUE
syn-0573,EVENT,352.21080344618866,BL-602,,,,,,,VIEWED,TRUE
syn-0580,RECOMMENDATION,536.8,EL-302,PERSONAL,416300.0,48,BORROW_60_LIQUIDATE_40,0.546,RECOMMENDED,,TRUE
syn-0580,EVENT,536.487846824281,EL-302,,,,,,,VIEWED,TRUE
syn-0580,RECOMMENDATION,377.2,BL-601,MEDICAL,131500.0,120,BORROW_80_LIQUIDATE_20,0.512,RECOMMENDED,,TRUE
syn-0580,EVENT,376.77467964428905,BL-601,,,,,,,DECLINED,TRUE
syn-0580,RECOMMENDATION,335.8,EL-303,EDUCATION,858400.0,36,BORROW_100,0.831,RECOMMENDED,,TRUE
syn-0580,EVENT,335.06547078335757,EL-303,,,,,,,VIEWED,TRUE
syn-0580,RECOMMENDATION,476.4,HL-101,EDUCATION,170100.0,36,LIQUIDATE_100,0.694,RECOMMENDED,,TRUE
syn-0580,EVENT,475.8333584468965,HL-101,,,,,,,VIEWED,TRUE
syn-0580,RECOMMENDATION,310.8,VL-203,EDUCATION,364800.0,24,LIQUIDATE_100,0.723,RECOMMENDED,,TRUE
syn-0580,EVENT,310.28173594020234,VL-203,,,,,,,VIEWED,TRUE
syn-0583,RECOMMENDATION,507.2,PL-402,MEDICAL,4380900.0,60,BORROW_100,0.646,RECOMMENDED,,TRUE
syn-0583,EVENT,507.11102640644873,PL-402,,,,,,,ACCEPTED,TRUE
syn-0583,RECOMMENDATION,223.8,PL-401,EDUCATION,2731700.0,60,BORROW_60_LIQUIDATE_40,0.306,RECOMMENDED,,TRUE
syn-0583,EVENT,223.44276687246926,PL-401,,,,,,,VIEWED,TRUE
syn-0583,RECOMMENDATION,45.3,ML-501,EDUCATION,185100.0,84,BORROW_60_LIQUIDATE_40,0.452,RECOMMENDED,,TRUE
syn-0583,EVENT,44.65675628560439,ML-501,,,,,,,VIEWED,TRUE
syn-0583,RECOMMENDATION,525.1,VL-202,MEDICAL,349700.0,36,BORROW_40_LIQUIDATE_60,0.481,RECOMMENDED,,TRUE
syn-0583,EVENT,524.937462264519,VL-202,,,,,,,ACCEPTED,TRUE
syn-0584,RECOMMENDATION,204.3,HL-104,EDUCATION,2231400.0,24,BORROW_20_LIQUIDATE_80,0.455,RECOMMENDED,,TRUE
syn-0584,EVENT,203.5053249670067,HL-104,,,,,,,VIEWED,TRUE
syn-0587,RECOMMENDATION,162.0,EL-302,MEDICAL,102100.0,60,BORROW_40_LIQUIDATE_60,0.404,RECOMMENDED,,TRUE
syn-0587,EVENT,161.85312640235637,EL-302,,,,,,,DECLINED,TRUE
syn-0587,RECOMMENDATION,113.4,PL-403,MEDICAL,1921400.0,60,BORROW_60_LIQUIDATE_40,0.408,RECOMMENDED,,TRUE
syn-0587,EVENT,113.01302935922472,PL-403,,,,,,,VIEWED,TRUE
syn-0587,RECOMMENDATION,182.3,VL-203,MEDICAL,4726400.0,12,LIQUIDATE_100,0.535,RECOMMENDED,,TRUE
syn-0587,EVENT,181.8757526860734,VL-203,,,,,,,VIEWED,TRUE
syn-0587,RECOMMENDATION,60.2,PL-403,HOME,698100.0,12,BORROW_100,0.641,RECOMMENDED,,TRUE
syn-0587,EVENT,60.032005405691066,PL-403,,,,,,,VIEWED,TRUE
syn-0587,RECOMMENDATION,393.0,PL-403,BUSINESS,807300.0,60,LIQUIDATE_100,0.799,RECOMMENDED,,TRUE
syn-0587,EVENT,392.29710102290426,PL-403,,,,,,,VIEWED,TRUE
syn-0592,RECOMMENDATION,217.2,ML-501,PERSONAL,1185200.0,24,BORROW_60_LIQUIDATE_40,0.475,RECOMMENDED,,TRUE
syn-0592,EVENT,217.00344454341587,ML-501,,,,,,,DECLINED,TRUE
syn-0592,RECOMMENDATION,445.4,BL-602,HOME,1659100.0,24,BORROW_20_LIQUIDATE_80,0.904,RECOMMENDED,,TRUE
syn-0592,EVENT,444.457794723863,BL-602,,,,,,,VIEWED,TRUE
syn-0592,RECOMMENDATION,112.2,BL-602,EDUCATION,3542000.0,12,LIQUIDATE_100,0.492,RECOMMENDED,,TRUE
syn-0592,EVENT,111.96268043544757,BL-602,,,,,,,VIEWED,TRUE
syn-0594,RECOMMENDATION,445.8,VL-203,VEHICLE,205200.0,12,BORROW_60_LIQUIDATE_40,0.936,RECOMMENDED,,TRUE
syn-0594,EVENT,445.71418357501807,VL-203,,,,,,,VIEWED,TRUE
syn-0594,RECOMMENDATION,421.2,VL-201,MEDICAL,598700.0,48,LIQUIDATE_100,0.927,RECOMMENDED,,TRUE
syn-0594,EVENT,421.10125431955174,VL-201,,,,,,,VIEWED,TRUE
syn-0594,RECOMMENDATION,516.4,PL-401,EDUCATION,533200.0,84,BORROW_40_LIQUIDATE_60,0.703,RECOMMENDED,,TRUE
syn-0594,EVENT,516.0417376273942,PL-401,,,,,,,VIEWED,TRUE
syn-0595,RECOMMENDATION,458.6,HL-104,EDUCATION,101800.0,84,LIQUIDATE_100,0.344,RECOMMENDED,,TRUE
syn-0595,EVENT,457.62157166748574,HL-104,,,,,,,VIEWED,TRUE
syn-0595,RECOMMENDATION,200.1,VL-203,HOME,1677100.0,48,BORROW_20_LIQUIDATE_80,0.48,RECOMMENDED,,TRUE
syn-0595,EVENT,200.06616256721676,VL-203,,,,,,,DECLINED,TRUE
syn-0595,RECOMMENDATION,193.6,VL-203,EDUCATION,216600.0,120,BORROW_20_LIQUIDATE_80,0.404,RECOMMENDED,,TRUE
syn-0595,EVENT,192.92030625922266,VL-203,,,,,,,ACCEPTED,TRUE
syn-0595,RECOMMENDATION,305.7,BL-601,VEHICLE,3594100.0,12,BORROW_20_LIQUIDATE_80,0.858,RECOMMENDED,,TRUE
syn-0595,EVENT,304.70302224778095,BL-601,,,,,,,VIEWED,TRUE
syn-0597,RECOMMENDATION,477.6,VL-202,VEHICLE,1329500.0,84,BORROW_40_LIQUIDATE_60,0.622,RECOMMENDED,,TRUE
syn-0597,EVENT,476.64977780084195,VL-202,,,,,,,DECLINED,TRUE
syn-0597,RECOMMENDATION,224.2,EL-302,EDUCATION,2189800.0,84,BORROW_20_LIQUIDATE_80,0.32,RECOMMENDED,,TRUE
syn-0597,EVENT,223.44175990140985,EL-302,,,,,,,DECLINED,TRUE
syn-0597,RECOMMENDATION,282.2,PL-401,BUSINESS,2012300.0,120,BORROW_20_LIQUIDATE_80,0.938,RECOMMENDED,,TRUE
syn-0597,EVENT,282.0513476995544,PL-401,,,,,,,VIEWED,TRUE
syn-0597,RECOMMENDATION,232.8,HL-103,MEDICAL,171600.0,60,BORROW_80_LIQUIDATE_20,0.774,RECOMMENDED,,TRUE
syn-0597,EVENT,232.75965830689137,HL-103,,,,,,,VIEWED,TRUE
syn-0597,RECOMMENDATION,142.8,VL-203,VEHICLE,1249700.0,24,BORROW_100,0.591,RECOMMENDED,,TRUE
syn-0597,EVENT,142.11359085068509,VL-203,,,,,,,DECLINED,TRUE
syn-0598,RECOMMENDATION,36.6,PL-403,BUSINESS,107600.0,12,BORROW_80_LIQUIDATE_20,0.559,RECOMMENDED,,TRUE
syn-0598,EVENT,36.19537822582914,PL-403,,,,,,,VIEWED,TRUE
syn-0598,RECOMMENDATION,269.2,PL-402,HOME,2407500.0,60,BORROW_40_LIQUIDATE_60,0.454,RECOMMENDED,,TRUE
syn-0598,EVENT,268.9917816231738,PL-402,,,,,,,VIEWED,TRUE
syn-0598,RECOMMENDATION,402.1,EL-303,VEHICLE,165200.0,120,LIQUIDATE_100,0.673,RECOMMENDED,,TRUE
syn-0598,EVENT,402.05413413327807,EL-303,,,,,,,ACCEPTED,TRUE
syn-0599,RECOMMENDATION,76.3,VL-202,MEDICAL,213400.0,24,BORROW_40_LIQUIDATE_60,0.523,RECOMMENDED,,TRUE
syn-0599,EVENT,76.27978345581413,VL-202,,,,,,,VIEWED,TRUE
syn-0600,RECOMMENDATION,9.9,EL-302,EDUCATION,3721700.0,60,BORROW_40_LIQUIDATE_60,0.449,RECOMMENDED,,TRUE
syn-0600,EVENT,9.761149068626393,EL-302,,,,,,,VIEWED,TRUE
syn-0603,RECOMMENDATION,75.5,VL-203,HOME,164500.0,84,BORROW_40_LIQUIDATE_60,0.747,RECOMMENDED,,TRUE
syn-0603,EVENT,74.58327991651677,VL-203,,,,,,,DECLINED,TRUE
syn-0603,RECOMMENDATION,332.5,VL-203,MEDICAL,296700.0,60,BORROW_100,0.771,RECOMMENDED,,TRUE
syn-0603,EVENT,331.67434211887115,VL-203,,,,,,,VIEWED,TRUE
syn-0603,RECOMMENDATION,325.1,VL-201,EDUCATION,650700.0,120,BORROW_60_LIQUIDATE_40,0.775,RECOMMENDED,,TRUE
syn-0603,EVENT,324.92268843116744,VL-201,,,,,,,VIEWED,TRUE
syn-0604,RECOMMENDATION,472.9,VL-203,VEHICLE,705100.0,48,BORROW_80_LIQUIDATE_20,0.624,RECOMMENDED,,TRUE
syn-0604,EVENT,471.98688566600265,VL-203,,,,,,,VIEWED,TRUE
syn-0604,RECOMMENDATION,445.5,EL-303,BUSINESS,148300.0,48,BORROW_60_LIQUIDATE_40,0.626,RECOMMENDED,,TRUE
syn-0604,EVENT,445.0755189031949,EL-303,,,,,,,DECLINED,TRUE
syn-0604,RECOMMENDATION,4.4,HL-103,HOME,3188300.0,120,BORROW_20_LIQUIDATE_80,0.367,RECOMMENDED,,TRUE
syn-0604,EVENT,3.6927328348045503,HL-103,,,,,,,ACCEPTED,TRUE
syn-0605,RECOMMENDATION,495.1,PL-403,VEHICLE,4287900.0,84,BORROW_80_LIQUIDATE_20,0.63,RECOMMENDED,,TRUE
syn-0605,EVENT,494.4171999892004,PL-403,,,,,,,VIEWED,TRUE
syn-0605,RECOMMENDATION,383.0,EL-302,PERSONAL,5822300.0,24,BORROW_80_LIQUIDATE_20,0.454,RECOMMENDED,,TRUE
syn-0605,EVENT,382.9670579549189,EL-302,,,,,,,VIEWED,TRUE
syn-0605,RECOMMENDATION,190.9,VL-203,HOME,1343200.0,120,BORROW_60_LIQUIDATE_40,0.639,RECOMMENDED,,TRUE
syn-0605,EVENT,190.2176266416018,VL-203,,,,,,,VIEWED,TRUE
syn-0605,RECOMMENDATION,433.7,PL-401,MEDICAL,818900.0,48,BORROW_40_LIQUIDATE_60,0.63,RECOMMENDED,,TRUE
syn-0605,EVENT,433.66201114694155,PL-401,,,,,,,VIEWED,TRUE
syn-0605,RECOMMENDATION,262.2,PL-401,VEHICLE,763000.0,120,BORROW_80_LIQUIDATE_20,0.606,RECOMMENDED,,TRUE
syn-0605,EVENT,261.34485912120766,PL-401,,,,,,,VIEWED,TRUE
syn-0607,RECOMMENDATION,209.8,VL-201,VEHICLE,271500.0,12,BORROW_40_LIQUIDATE_60,0.885,RECOMMENDED,,TRUE
syn-0607,EVENT,209.78007778062974,VL-201,,,,,,,ACCEPTED,TRUE
syn-0608,RECOMMENDATION,369.3,HL-102,PERSONAL,124000.0,60,BORROW_20_LIQUIDATE_80,0.524,RECOMMENDED,,TRUE
syn-0608,EVENT,368.5044235617977,HL-102,,,,,,,VIEWED,TRUE
syn-0610,RECOMMENDATION,439.5,BL-601,VEHICLE,4415300.0,12,BORROW_20_LIQUIDATE_80,0.56,RECOMMENDED,,TRUE
syn-0610,EVENT,438.81488591437585,BL-601,,,,,,,DECLINED,TRUE
syn-0612,RECOMMENDATION,74.7,EL-303,MEDICAL,800700.0,12,BORROW_100,0.605,RECOMMENDED,,TRUE
syn-0612,EVENT,73.8223693244075,EL-303,,,,,,,VIEWED,TRUE
syn-0612,RECOMMENDATION,237.1,HL-104,HOME,3137100.0,24,BORROW_80_LIQUIDATE_20,0.795,RECOMMENDED,,TRUE
syn-0612,EVENT,236.7639641411179,HL-104,,,,,,,ACCEPTED,TRUE
syn-0612,RECOMMENDATION,224.5,VL-201,BUSINESS,325500.0,24,BORROW_80_LIQUIDATE_20,0.403,RECOMMENDED,,TRUE
syn-0612,EVENT,223.7220948811258,VL-201,,,,,,,ACCEPTED,TRUE
syn-0612,RECOMMENDATION,303.2,VL-202,HOME,331500.0,60,BORROW_100,0.335,RECOMMENDED,,TRUE
syn-0612,EVENT,302.9632631524749,VL-202,,,,,,,ACCEPTED,TRUE
syn-0617,RECOMMENDATION,78.8,HL-102,PERSONAL,5950100.0,36,BORROW_100,0.852,RECOMMENDED,,TRUE
syn-0617,EVENT,78.40258390325232,HL-102,,,,,,,VIEWED,TRUE
syn-0617,RECOMMENDATION,294.4,VL-201,VEHICLE,110500.0,36,BORROW_80_LIQUIDATE_20,0.804,RECOMMENDED,,TRUE
syn-0617,EVENT,293.5319629185795,VL-201,,,,,,,ACCEPTED,TRUE
syn-0617,RECOMMENDATION,152.5,VL-203,PERSONAL,1486400.0,36,LIQUIDATE_100,0.766,RECOMMENDED,,TRUE
syn-0617,EVENT,151.5839372360853,VL-203,,,,,,,DECLINED,TRUE
syn-0618,RECOMMENDATION,132.2,HL-103,MEDICAL,5724900.0,120,BORROW_40_LIQUIDATE_60,0.564,RECOMMENDED,,TRUE
syn-0618,EVENT,131.47841317254947,HL-103,,,,,,,VIEWED,TRUE
syn-0618,RECOMMENDATION,187.5,EL-303,PERSONAL,100000.0,36,BORROW_80_LIQUIDATE_20,0.338,RECOMMENDED,,TRUE
syn-0618,EVENT,186.71047597939847,EL-303,,,,,,,VIEWED,TRUE
syn-0618,RECOMMENDATION,483.8,BL-602,PERSONAL,804300.0,48,BORROW_60_LIQUIDATE_40,0.595,RECOMMENDED,,TRUE
syn-0618,EVENT,483.7648549613739,BL-602,,,,,,,VIEWED,TRUE
syn-0618,RECOMMENDATION,132.4,PL-402,PERSONAL,5294000.0,48,BORROW_40_LIQUIDATE_60,0.557,RECOMMENDED,,TRUE
syn-0618,EVENT,131.76704084733947,PL-402,,,,,,,VIEWED,TRUE
syn-0619,RECOMMENDATION,159.8,EL-302,HOME,1951900.0,24,BORROW_60_LIQUIDATE_40,0.86,RECOMMENDED,,TRUE
syn-0619,EVENT,159.1716065366255,EL-302,,,,,,,ACCEPTED,TRUE
syn-0619,RECOMMENDATION,406.7,PL-403,BUSINESS,669900.0,12,BORROW_80_LIQUIDATE_20,0.52,RECOMMENDED,,TRUE
syn-0619,EVENT,405.9594610939127,PL-403,,,,,,,DECLINED,TRUE
syn-0619,RECOMMENDATION,312.2,HL-103,EDUCATION,329500.0,60,BORROW_80_LIQUIDATE_20,0.508,RECOMMENDED,,TRUE
syn-0619,EVENT,311.7321945313664,HL-103,,,,,,,VIEWED,TRUE
syn-0627,RECOMMENDATION,22.3,HL-102,HOME,891000.0,60,BORROW_60_LIQUIDATE_40,0.672,RECOMMENDED,,TRUE
syn-0627,EVENT,21.865363942581414,HL-102,,,,,,,ACCEPTED,TRUE
syn-0627,RECOMMENDATION,78.3,BL-601,VEHICLE,5807300.0,120,BORROW_60_LIQUIDATE_40,0.475,RECOMMENDED,,TRUE
syn-0627,EVENT,77.73499313852288,BL-601,,,,,,,VIEWED,TRUE
syn-0627,RECOMMENDATION,499.4,HL-102,MEDICAL,520600.0,36,BORROW_80_LIQUIDATE_20,0.787,RECOMMENDED,,TRUE
syn-0627,EVENT,498.7441209848123,HL-102,,,,,,,DECLINED,TRUE
syn-0630,RECOMMENDATION,199.4,EL-301,BUSINESS,655100.0,12,BORROW_100,0.364,RECOMMENDED,,TRUE
syn-0630,EVENT,198.59982408532514,EL-301,,,,,,,VIEWED,TRUE
syn-0630,RECOMMENDATION,20.1,VL-202,HOME,764500.0,36,BORROW_100,0.485,RECOMMENDED,,TRUE
syn-0630,EVENT,19.68066755405803,VL-202,,,,,,,VIEWED,TRUE
syn-0630,RECOMMENDATION,234.1,VL-203,MEDICAL,165900.0,120,BORROW_20_LIQUIDATE_80,0.465,RECOMMENDED,,TRUE
syn-0630,EVENT,233.70326897406864,VL-203,,,,,,,VIEWED,TRUE
syn-0630,RECOMMENDATION,223.9,VL-203,HOME,637300.0,120,BORROW_40_LIQUIDATE_60,0.494,RECOMMENDED,,TRUE
syn-0630,EVENT,223.68481797497802,VL-203,,,,,,,DECLINED,TRUE
syn-0633,RECOMMENDATION,153.1,VL-203,VEHICLE,2679100.0,84,BORROW_80_LIQUIDATE_20,0.731,RECOMMENDED,,TRUE
syn-0633,EVENT,152.241238609844,VL-203,,,,,,,VIEWED,TRUE
syn-0633,RECOMMENDATION,458.5,ML-501,HOME,2723200.0,84,BORROW_100,0.606,RECOMMENDED,,TRUE
syn-0633,EVENT,458.25924859340097,ML-501,,,,,,,VIEWED,TRUE
syn-0633,RECOMMENDATION,268.1,EL-303,EDUCATION,446300.0,84,BORROW_20_LIQUIDATE_80,0.721,RECOMMENDED,,TRUE
syn-0633,EVENT,267.31557548235446,EL-303,,,,,,,VIEWED,TRUE
syn-0633,RECOMMENDATION,161.4,VL-201,HOME,2321200.0,60,BORROW_20_LIQUIDATE_80,0.813,RECOMMENDED,,TRUE
syn-0633,EVENT,160.62241221069695,VL-201,,,,,,,VIEWED,TRUE
syn-0634,RECOMMENDATION,295.8,ML-501,EDUCATION,5913300.0,12,BORROW_80_LIQUIDATE_20,0.7,RECOMMENDED,,TRUE
syn-0634,EVENT,295.2622686160713,ML-501,,,,,,,DECLINED,TRUE
syn-0634,RECOMMENDATION,350.9,HL-101,VEHICLE,2308900.0,12,BORROW_100,0.901,RECOMMENDED,,TRUE
syn-0634,EVENT,349.95041935250094,HL-101,,,,,,,DECLINED,TRUE
syn-0634,RECOMMENDATION,137.2,BL-602,MEDICAL,1962600.0,48,LIQUIDATE_100,0.445,RECOMMENDED,,TRUE
syn-0634,EVENT,136.42040885629936,BL-602,,,,,,,DECLINED,TRUE
syn-0637,RECOMMENDATION,364.8,VL-203,HOME,1010400.0,48,BORROW_100,0.828,RECOMMENDED,,TRUE
syn-0637,EVENT,364.13037214469085,VL-203,,,,,,,ACCEPTED,TRUE
syn-0637,RECOMMENDATION,364.5,VL-202,PERSONAL,105400.0,12,BORROW_60_LIQUIDATE_40,0.536,RECOMMENDED,,TRUE
syn-0637,EVENT,363.9955024508914,VL-202,,,,,,,VIEWED,TRUE
syn-0637,RECOMMENDATION,435.8,PL-401,VEHICLE,219800.0,48,BORROW_20_LIQUIDATE_80,0.665,RECOMMENDED,,TRUE
syn-0637,EVENT,434.8001662430559,PL-401,,,,,,,VIEWED,TRUE
syn-0639,RECOMMENDATION,261.3,PL-403,HOME,381700.0,24,LIQUIDATE_100,0.945,RECOMMENDED,,TRUE
syn-0639,EVENT,260.3530411439677,PL-403,,,,,,,VIEWED,TRUE
syn-0639,RECOMMENDATION,219.9,HL-103,PERSONAL,1318000.0,36,BORROW_100,0.867,RECOMMENDED,,TRUE
syn-0639,EVENT,218.90707050147972,HL-103,,,,,,,DECLINED,TRUE
syn-0640,RECOMMENDATION,484.8,PL-401,VEHICLE,171900.0,12,BORROW_100,0.646,RECOMMENDED,,TRUE
syn-0640,EVENT,484.2500373228461,PL-401,,,,,,,ACCEPTED,TRUE
syn-0644,RECOMMENDATION,67.9,ML-501,VEHICLE,625500.0,84,BORROW_60_LIQUIDATE_40,0.426,RECOMMENDED,,TRUE
syn-0644,EVENT,67.67814975192971,ML-501,,,,,,,DECLINED,TRUE
syn-0644,RECOMMENDATION,278.6,ML-501,EDUCATION,3006400.0,24,BORROW_20_LIQUIDATE_80,0.935,RECOMMENDED,,TRUE
syn-0644,EVENT,278.30441883633176,ML-501,,,,,,,VIEWED,TRUE
syn-0645,RECOMMENDATION,204.6,BL-602,MEDICAL,1488900.0,24,BORROW_60_LIQUIDATE_40,0.743,RECOMMENDED,,TRUE
syn-0645,EVENT,203.85737403319425,BL-602,,,,,,,VIEWED,TRUE
syn-0645,RECOMMENDATION,400.7,HL-103,PERSONAL,449700.0,120,BORROW_80_LIQUIDATE_20,0.735,RECOMMENDED,,TRUE
syn-0645,EVENT,400.4038960991916,HL-103,,,,,,,VIEWED,TRUE
syn-0646,RECOMMENDATION,385.7,BL-601,MEDICAL,4081800.0,60,BORROW_60_LIQUIDATE_40,0.768,RECOMMENDED,,TRUE
syn-0646,EVENT,385.33623975237424,BL-601,,,,,,,DECLINED,TRUE
syn-0647,RECOMMENDATION,377.6,ML-501,PERSONAL,168200.0,48,BORROW_80_LIQUIDATE_20,0.85,RECOMMENDED,,TRUE
syn-0647,EVENT,377.2539314195267,ML-501,,,,,,,VIEWED,TRUE
syn-0647,RECOMMENDATION,117.6,VL-201,PERSONAL,118600.0,12,BORROW_60_LIQUIDATE_40,0.656,RECOMMENDED,,TRUE
syn-0647,EVENT,117.17218513442383,VL-201,,,,,,,DECLINED,TRUE
syn-0649,RECOMMENDATION,498.3,HL-103,BUSINESS,531400.0,12,BORROW_80_LIQUIDATE_20,0.439,RECOMMENDED,,TRUE
syn-0649,EVENT,498.15349813829573,HL-103,,,,,,,DECLINED,TRUE
syn-0649,RECOMMENDATION,514.4,PL-401,MEDICAL,331500.0,84,BORROW_100,0.67,RECOMMENDED,,TRUE
syn-0649,EVENT,513.5653278184406,PL-401,,,,,,,VIEWED,TRUE
syn-0649,RECOMMENDATION,526.5,PL-402,MEDICAL,3241200.0,24,BORROW_80_LIQUIDATE_20,0.593,RECOMMENDED,,TRUE
syn-0649,EVENT,526.0008861042232,PL-402,,,,,,,VIEWED,TRUE
syn-0649,RECOMMENDATION,32.7,HL-101,MEDICAL,214700.0,84,BORROW_100,0.319,RECOMMENDED,,TRUE
syn-0649,EVENT,32.530368202255936,HL-101,,,,,,,ACCEPTED,TRUE
syn-0651,RECOMMENDATION,213.1,EL-302,BUSINESS,401100.0,84,LIQUIDATE_100,0.518,RECOMMENDED,,TRUE
syn-0651,EVENT,212.985954109263,EL-302,,,,,,,VIEWED,TRUE
syn-0651,RECOMMENDATION,129.0,EL-303,BUSINESS,111100.0,12,BORROW_20_LIQUIDATE_80,0.44,RECOMMENDED,,TRUE
syn-0651,EVENT,128.05846597365277,EL-303,,,,,,,DECLINED,TRUE
syn-0651,RECOMMENDATION,75.0,EL-301,HOME,205600.0,12,BORROW_80_LIQUIDATE_20,0.555,RECOMMENDED,,TRUE
syn-0651,EVENT,74.60380975653771,EL-301,,,,,,,ACCEPTED,TRUE
syn-0651,RECOMMENDATION,366.3,PL-403,MEDICAL,232300.0,36,BORROW_100,0.83,RECOMMENDED,,TRUE
syn-0651,EVENT,365.5827464815256,PL-403,,,,,,,DECLINED,TRUE
syn-0652,RECOMMENDATION,148.6,EL-302,PERSONAL,1711300.0,12,BORROW_60_LIQUIDATE_40,0.506,RECOMMENDED,,TRUE
syn-0652,EVENT,147.7876743745319,EL-302,,,,,,,ACCEPTED,TRUE
syn-0652,RECOMMENDATION,47.2,HL-102,VEHICLE,756100.0,12,BORROW_100,0.79,RECOMMENDED,,TRUE
syn-0652,EVENT,46.68809644888535,HL-102,,,,,,,ACCEPTED,TRUE
syn-0652,RECOMMENDATION,78.3,VL-202,MEDICAL,4345800.0,24,BORROW_40_LIQUIDATE_60,0.35,RECOMMENDED,,TRUE
syn-0652,EVENT,78.20188274015092,VL-202,,,,,,,DECLINED,TRUE
syn-0653,RECOMMENDATION,184.7,VL-202,MEDICAL,327800.0,36,BORROW_40_LIQUIDATE_60,0.405,RECOMMENDED,,TRUE
syn-0653,EVENT,184.5679420507811,VL-202,,,,,,,ACCEPTED,TRUE
syn-0657,RECOMMENDATION,107.0,HL-102,MEDICAL,164900.0,60,BORROW_80_LIQUIDATE_20,0.556,RECOMMENDED,,TRUE
syn-0657,EVENT,106.26046034285181,HL-102,,,,,,,DECLINED,TRUE
syn-0657,RECOMMENDATION,267.5,HL-104,EDUCATION,173200.0,120,BORROW_60_LIQUIDATE_40,0.553,RECOMMENDED,,TRUE
syn-0657,EVENT,266.70227560505907,HL-104,,,,,,,VIEWED,TRUE
syn-0659,RECOMMENDATION,414.5,ML-501,BUSINESS,301800.0,12,BORROW_60_LIQUIDATE_40,0.762,RECOMMENDED,,TRUE
syn-0659,EVENT,414.3124387067109,ML-501,,,,,,,DECLINED,TRUE
syn-0659,RECOMMENDATION,229.7,EL-303,HOME,179700.0,12,BORROW_80_LIQUIDATE_20,0.579,RECOMMENDED,,TRUE
syn-0659,EVENT,228.97075806982897,EL-303,,,,,,,VIEWED,TRUE
syn-0659,RECOMMENDATION,291.7,PL-401,PERSONAL,2602100.0,84,BORROW_20_LIQUIDATE_80,0.801,RECOMMENDED,,TRUE
syn-0659,EVENT,291.4164240114878,PL-401,,,,,,,VIEWED,TRUE
syn-0660,RECOMMENDATION,227.2,EL-302,PERSONAL,1879800.0,36,BORROW_60_LIQUIDATE_40,0.821,RECOMMENDED,,TRUE
syn-0660,EVENT,226.5197442019426,EL-302,,,,,,,ACCEPTED,TRUE
syn-0660,RECOMMENDATION,123.2,EL-301,BUSINESS,1668700.0,48,BORROW_20_LIQUIDATE_80,0.4,RECOMMENDED,,TRUE
syn-0660,EVENT,122.70878598032661,EL-301,,,,,,,DECLINED,TRUE
syn-0660,RECOMMENDATION,187.6,PL-403,PERSONAL,901700.0,24,LIQUIDATE_100,0.45,RECOMMENDED,,TRUE
syn-0660,EVENT,187.29803309197828,PL-403,,,,,,,ACCEPTED,TRUE
syn-0661,RECOMMENDATION,232.5,HL-103,PERSONAL,524500.0,24,BORROW_80_LIQUIDATE_20,0.362,RECOMMENDED,,TRUE
syn-0661,EVENT,231.85158779991548,HL-103,,,,,,,VIEWED,TRUE
syn-0661,RECOMMENDATION,514.2,EL-302,HOME,778000.0,12,BORROW_20_LIQUIDATE_80,0.486,RECOMMENDED,,TRUE
syn-0661,EVENT,513.4258055849261,EL-302,,,,,,,VIEWED,TRUE
syn-0661,RECOMMENDATION,286.8,PL-401,BUSINESS,2029400.0,60,BORROW_20_LIQUIDATE_80,0.853,RECOMMENDED,,TRUE
syn-0661,EVENT,285.95107063107173,PL-401,,,,,,,VIEWED,TRUE
syn-0661,RECOMMENDATION,132.7,VL-203,VEHICLE,537100.0,36,LIQUIDATE_100,0.774,RECOMMENDED,,TRUE
syn-0661,EVENT,132.50352358587992,VL-203,,,,,,,VIEWED,TRUE
syn-0662,RECOMMENDATION,453.8,HL-101,PERSONAL,435300.0,60,BORROW_100,0.728,RECOMMENDED,,TRUE
syn-0662,EVENT,452.9306427429178,HL-101,,,,,,,DECLINED,TRUE
syn-0664,RECOMMENDATION,288.4,HL-104,MEDICAL,102800.0,120,BORROW_100,0.598,RECOMMENDED,,TRUE
syn-0664,EVENT,288.27301516801487,HL-104,,,,,,,ACCEPTED,TRUE
syn-0664,RECOMMENDATION,126.9,PL-402,BUSINESS,3849300.0,60,BORROW_80_LIQUIDATE_20,0.52,RECOMMENDED,,TRUE
syn-0664,EVENT,126.15940877178511,PL-402,,,,,,,DECLINED,TRUE
syn-0664,RECOMMENDATION,147.1,VL-203,EDUCATION,5740300.0,12,BORROW_100,0.463,RECOMMENDED,,TRUE
syn-0664,EVENT,146.80999148545246,VL-203,,,,,,,VIEWED,TRUE
syn-0664,RECOMMENDATION,27.5,EL-303,PERSONAL,653500.0,120,BORROW_40_LIQUIDATE_60,0.555,RECOMMENDED,,TRUE
syn-0664,EVENT,26.91743928661379,EL-303,,,,,,,VIEWED,TRUE
syn-0666,RECOMMENDATION,184.5,EL-303,BUSINESS,106600.0,60,BORROW_20_LIQUIDATE_80,0.519,RECOMMENDED,,TRUE
syn-0666,EVENT,184.31161662527165,EL-303,,,,,,,DECLINED,TRUE
syn-0666,RECOMMENDATION,94.2,BL-601,MEDICAL,2126700.0,48,BORROW_40_LIQUIDATE_60,0.821,RECOMMENDED,,TRUE
syn-0666,EVENT,93.6517745385252,BL-601,,,,,,,DECLINED,TRUE
syn-0666,RECOMMENDATION,419.8,HL-102,VEHICLE,327200.0,48,BORROW_20_LIQUIDATE_80,0.928,RECOMMENDED,,TRUE
syn-0666,EVENT,419.1072504101564,HL-102,,,,,,,VIEWED,TRUE
syn-0666,RECOMMENDATION,317.7,VL-202,EDUCATION,5026300.0,120,BORROW_40_LIQUIDATE_60,0.478,RECOMMENDED,,TRUE
syn-0666,EVENT,316.72328383979414,VL-202,,,,,,,VIEWED,TRUE
syn-0666,RECOMMENDATION,274.7,VL-202,PERSONAL,225700.0,84,BORROW_60_LIQUIDATE_40,0.435,RECOMMENDED,,TRUE
syn-0666,EVENT,273.914320668016,VL-202,,,,,,,ACCEPTED,TRUE
syn-0667,RECOMMENDATION,480.3,HL-103,PERSONAL,484300.0,48,BORROW_60_LIQUIDATE_40,0.628,RECOMMENDED,,TRUE
syn-0667,EVENT,479.63064233686583,HL-103,,,,,,,DECLINED,TRUE
syn-0667,RECOMMENDATION,534.2,PL-403,EDUCATION,190100.0,36,LIQUIDATE_100,0.813,RECOMMENDED,,TRUE
syn-0667,EVENT,533.5129442395,PL-403,,,,,,,VIEWED,TRUE
syn-0668,RECOMMENDATION,82.3,PL-402,PERSONAL,202400.0,36,BORROW_80_LIQUIDATE_20,0.358,RECOMMENDED,,TRUE
syn-0668,EVENT,82.25811540459745,PL-402,,,,,,,VIEWED,TRUE
syn-0668,RECOMMENDATION,302.4,EL-303,VEHICLE,2714600.0,48,BORROW_20_LIQUIDATE_80,0.933,RECOMMENDED,,TRUE
syn-0668,EVENT,302.1358236383735,EL-303,,,,,,,ACCEPTED,TRUE
syn-0669,RECOMMENDATION,507.9,BL-602,MEDICAL,1958500.0,48,BORROW_100,0.513,RECOMMENDED,,TRUE
syn-0669,EVENT,507.65303117040355,BL-602,,,,,,,VIEWED,TRUE
syn-0669,RECOMMENDATION,140.8,PL-401,EDUCATION,2127600.0,24,BORROW_100,0.352,RECOMMENDED,,TRUE
syn-0669,EVENT,140.02923894331772,PL-401,,,,,,,VIEWED,TRUE
syn-0669,RECOMMENDATION,530.4,HL-101,VEHICLE,438200.0,24,BORROW_100,0.336,RECOMMENDED,,TRUE
syn-0669,EVENT,529.8524134720711,HL-101,,,,,,,ACCEPTED,TRUE
syn-0671,RECOMMENDATION,90.9,HL-102,PERSONAL,393100.0,84,BORROW_100,0.313,RECOMMENDED,,TRUE
syn-0671,EVENT,90.77993297080542,HL-102,,,,,,,DECLINED,TRUE
syn-0671,RECOMMENDATION,89.0,HL-101,HOME,150800.0,48,BORROW_20_LIQUIDATE_80,0.335,RECOMMENDED,,TRUE
syn-0671,EVENT,88.9124557789516,HL-101,,,,,,,DECLINED,TRUE
syn-0671,RECOMMENDATION,436.3,HL-103,BUSINESS,694900.0,84,BORROW_40_LIQUIDATE_60,0.308,RECOMMENDED,,TRUE
syn-0671,EVENT,435.4932941859982,HL-103,,,,,,,ACCEPTED,TRUE
syn-0671,RECOMMENDATION,282.0,HL-102,PERSONAL,3491200.0,120,BORROW_80_LIQUIDATE_20,0.913,RECOMMENDED,,TRUE
syn-0671,EVENT,281.7255042003605,HL-102,,,,,,,ACCEPTED,TRUE
syn-0673,RECOMMENDATION,116.9,BL-601,HOME,1852000.0,36,BORROW_80_LIQUIDATE_20,0.318,RECOMMENDED,,TRUE
syn-0673,EVENT,116.43618393498072,BL-601,,,,,,,ACCEPTED,TRUE
syn-0673,RECOMMENDATION,238.8,PL-403,VEHICLE,4982400.0,60,BORROW_60_LIQUIDATE_40,0.755,RECOMMENDED,,TRUE
syn-0673,EVENT,238.78778548007372,PL-403,,,,,,,ACCEPTED,TRUE
syn-0673,RECOMMENDATION,526.9,EL-303,VEHICLE,3230700.0,48,LIQUIDATE_100,0.742,RECOMMENDED,,TRUE
syn-0673,EVENT,526.7138694168342,EL-303,,,,,,,VIEWED,TRUE
syn-0673,RECOMMENDATION,186.2,HL-103,VEHICLE,552200.0,36,BORROW_60_LIQUIDATE_40,0.876,RECOMMENDED,,TRUE
syn-0673,EVENT,185.2485434529312,HL-103,,,,,,,VIEWED,TRUE
syn-0674,RECOMMENDATION,135.7,HL-102,VEHICLE,311300.0,36,LIQUIDATE_100,0.586,RECOMMENDED,,TRUE
syn-0674,EVENT,135.56131825676707,HL-102,,,,,,,VIEWED,TRUE
syn-0675,RECOMMENDATION,51.6,PL-402,EDUCATION,260600.0,24,BORROW_100,0.363,RECOMMENDED,,TRUE
syn-0675,EVENT,51.56389021680748,PL-402,,,,,,,VIEWED,TRUE
syn-0675,RECOMMENDATION,402.5,HL-102,HOME,338400.0,36,BORROW_80_LIQUIDATE_20,0.41,RECOMMENDED,,TRUE
syn-0675,EVENT,401.5430340216745,HL-102,,,,,,,VIEWED,TRUE
syn-0675,RECOMMENDATION,497.5,EL-302,MEDICAL,114700.0,84,BORROW_20_LIQUIDATE_80,0.503,RECOMMENDED,,TRUE
syn-0675,EVENT,496.5281591715941,EL-302,,,,,,,VIEWED,TRUE
syn-0675,RECOMMENDATION,437.7,HL-103,HOME,229300.0,48,BORROW_80_LIQUIDATE_20,0.672,RECOMMENDED,,TRUE
syn-0675,EVENT,437.29443345884766,HL-103,,,,,,,VIEWED,TRUE
syn-0679,RECOMMENDATION,361.4,HL-104,BUSINESS,263500.0,12,BORROW_40_LIQUIDATE_60,0.862,RECOMMENDED,,TRUE
syn-0679,EVENT,360.7708581097957,HL-104,,,,,,,ACCEPTED,TRUE
syn-0679,RECOMMENDATION,506.0,EL-301,BUSINESS,609500.0,24,LIQUIDATE_100,0.843,RECOMMENDED,,TRUE
syn-0679,EVENT,505.43697074830897,EL-301,,,,,,,ACCEPTED,TRUE
syn-0679,RECOMMENDATION,235.0,HL-103,PERSONAL,1077400.0,48,BORROW_60_LIQUIDATE_40,0.865,RECOMMENDED,,TRUE
syn-0679,EVENT,234.19367911599278,HL-103,,,,,,,DECLINED,TRUE
syn-0680,RECOMMENDATION,452.3,VL-201,MEDICAL,1241600.0,60,BORROW_40_LIQUIDATE_60,0.511,RECOMMENDED,,TRUE
syn-0680,EVENT,451.6572328452554,VL-201,,,,,,,VIEWED,TRUE
syn-0680,RECOMMENDATION,92.3,EL-301,EDUCATION,1170100.0,120,BORROW_100,0.741,RECOMMENDED,,TRUE
syn-0680,EVENT,91.66454446716769,EL-301,,,,,,,DECLINED,TRUE
syn-0682,RECOMMENDATION,155.0,BL-601,EDUCATION,3875900.0,120,BORROW_80_LIQUIDATE_20,0.508,RECOMMENDED,,TRUE
syn-0682,EVENT,154.46958007002428,BL-601,,,,,,,ACCEPTED,TRUE
syn-0682,RECOMMENDATION,304.6,EL-303,VEHICLE,4215000.0,24,BORROW_20_LIQUIDATE_80,0.873,RECOMMENDED,,TRUE
syn-0682,EVENT,304.291244159764,EL-303,,,,,,,DECLINED,TRUE
syn-0682,RECOMMENDATION,525.8,HL-102,MEDICAL,2002300.0,48,BORROW_20_LIQUIDATE_80,0.709,RECOMMENDED,,TRUE
syn-0682,EVENT,525.6610577851723,HL-102,,,,,,,VIEWED,TRUE
syn-0682,RECOMMENDATION,369.8,VL-203,BUSINESS,1799100.0,12,LIQUIDATE_100,0.465,RECOMMENDED,,TRUE
syn-0682,EVENT,369.7699923082845,VL-203,,,,,,,VIEWED,TRUE
syn-0684,RECOMMENDATION,116.7,PL-402,HOME,4293500.0,36,BORROW_100,0.583,RECOMMENDED,,TRUE
syn-0684,EVENT,116.33360884395415,PL-402,,,,,,,VIEWED,TRUE
syn-0684,RECOMMENDATION,212.5,ML-501,VEHICLE,108700.0,120,BORROW_100,0.652,RECOMMENDED,,TRUE
syn-0684,EVENT,212.19379288352292,ML-501,,,,,,,ACCEPTED,TRUE
syn-0687,RECOMMENDATION,59.4,EL-303,HOME,4130200.0,12,LIQUIDATE_100,0.654,RECOMMENDED,,TRUE
syn-0687,EVENT,58.81121082024602,EL-303,,,,,,,ACCEPTED,TRUE
syn-0689,RECOMMENDATION,421.9,HL-101,VEHICLE,1500900.0,12,LIQUIDATE_100,0.687,RECOMMENDED,,TRUE
syn-0689,EVENT,421.73127302670997,HL-101,,,,,,,VIEWED,TRUE
syn-0689,RECOMMENDATION,73.6,PL-403,PERSONAL,223500.0,84,LIQUIDATE_100,0.868,RECOMMENDED,,TRUE
syn-0689,EVENT,73.17691060772115,PL-403,,,,,,,ACCEPTED,TRUE
syn-0690,RECOMMENDATION,294.7,EL-302,VEHICLE,4208400.0,24,BORROW_20_LIQUIDATE_80,0.914,RECOMMENDED,,TRUE
syn-0690,EVENT,293.7072003655947,EL-302,,,,,,,VIEWED,TRUE
syn-0692,RECOMMENDATION,65.1,PL-402,BUSINESS,1704400.0,120,BORROW_40_LIQUIDATE_60,0.519,RECOMMENDED,,TRUE
syn-0692,EVENT,64.39879898162623,PL-402,,,,,,,VIEWED,TRUE
syn-0694,RECOMMENDATION,19.5,PL-401,MEDICAL,5897900.0,36,BORROW_100,0.497,RECOMMENDED,,TRUE
syn-0694,EVENT,19.00521497126267,PL-401,,,,,,,DECLINED,TRUE
syn-0694,RECOMMENDATION,298.1,VL-201,HOME,3994400.0,84,BORROW_40_LIQUIDATE_60,0.809,RECOMMENDED,,TRUE
syn-0694,EVENT,297.5724205576805,VL-201,,,,,,,ACCEPTED,TRUE
syn-0694,RECOMMENDATION,285.9,PL-402,MEDICAL,924400.0,36,LIQUIDATE_100,0.76,RECOMMENDED,,TRUE
syn-0694,EVENT,285.0410182976498,PL-402,,,,,,,VIEWED,TRUE
syn-0694,RECOMMENDATION,489.9,VL-202,HOME,333700.0,36,BORROW_60_LIQUIDATE_40,0.315,RECOMMENDED,,TRUE
syn-0694,EVENT,489.25063574916925,VL-202,,,,,,,ACCEPTED,TRUE
syn-0695,RECOMMENDATION,35.7,ML-501,PERSONAL,1956600.0,84,BORROW_20_LIQUIDATE_80,0.828,RECOMMENDED,,TRUE
syn-0695,EVENT,35.61119246779865,ML-501,,,,,,,DECLINED,TRUE
syn-0695,RECOMMENDATION,77.3,VL-201,MEDICAL,283600.0,24,BORROW_100,0.57,RECOMMENDED,,TRUE
syn-0695,EVENT,77.25930850329868,VL-201,,,,,,,VIEWED,TRUE
syn-0695,RECOMMENDATION,198.6,EL-302,MEDICAL,652700.0,84,BORROW_40_LIQUIDATE_60,0.346,RECOMMENDED,,TRUE
syn-0695,EVENT,197.64180409552463,EL-302,,,,,,,VIEWED,TRUE
syn-0695,RECOMMENDATION,310.3,EL-301,MEDICAL,363100.0,60,BORROW_60_LIQUIDATE_40,0.447,RECOMMENDED,,TRUE
syn-0695,EVENT,309.6004032905969,EL-301,,,,,,,ACCEPTED,TRUE
syn-0695,RECOMMENDATION,182.3,BL-601,VEHICLE,205300.0,36,BORROW_100,0.846,RECOMMENDED,,TRUE
syn-0695,EVENT,181.63390572868786,BL-601,,,,,,,ACCEPTED,TRUE
syn-0696,RECOMMENDATION,137.7,HL-102,PERSONAL,991700.0,24,BORROW_20_LIQUIDATE_80,0.623,RECOMMENDED,,TRUE
syn-0696,EVENT,137.56964834249823,HL-102,,,,,,,DECLINED,TRUE
syn-0696,RECOMMENDATION,236.7,VL-201,VEHICLE,252600.0,60,BORROW_40_LIQUIDATE_60,0.927,RECOMMENDED,,TRUE
syn-0696,EVENT,236.25590675346365,VL-201,,,,,,,VIEWED,TRUE
syn-0696,RECOMMENDATION,53.6,EL-303,MEDICAL,1608300.0,84,BORROW_20_LIQUIDATE_80,0.559,RECOMMENDED,,TRUE
syn-0696,EVENT,52.735818777468126,EL-303,,,,,,,VIEWED,TRUE
syn-0699,RECOMMENDATION,504.6,VL-202,EDUCATION,414800.0,48,BORROW_40_LIQUIDATE_60,0.568,RECOMMENDED,,TRUE
syn-0699,EVENT,504.2192395170289,VL-202,,,,,,,ACCEPTED,TRUE
syn-0699,RECOMMENDATION,196.1,VL-202,PERSONAL,671600.0,36,BORROW_80_LIQUIDATE_20,0.624,RECOMMENDED,,TRUE
syn-0699,EVENT,195.5030446254313,VL-202,,,,,,,VIEWED,TRUE
syn-0699,RECOMMENDATION,320.5,PL-403,VEHICLE,378400.0,48,LIQUIDATE_100,0.94,RECOMMENDED,,TRUE
syn-0699,EVENT,319.85282209291483,PL-403,,,,,,,DECLINED,TRUE
syn-0699,RECOMMENDATION,381.6,PL-403,EDUCATION,4358400.0,60,BORROW_40_LIQUIDATE_60,0.547,RECOMMENDED,,TRUE
syn-0699,EVENT,380.72008188833456,PL-403,,,,,,,ACCEPTED,TRUE
syn-0699,RECOMMENDATION,413.3,EL-302,VEHICLE,1203700.0,36,BORROW_20_LIQUIDATE_80,0.585,RECOMMENDED,,TRUE
syn-0699,EVENT,412.6884253471805,EL-302,,,,,,,DECLINED,TRUE
syn-0700,RECOMMENDATION,460.7,EL-301,EDUCATION,2926800.0,84,BORROW_40_LIQUIDATE_60,0.89,RECOMMENDED,,TRUE
syn-0700,EVENT,460.0764642832258,EL-301,,,,,,,ACCEPTED,TRUE
syn-0700,RECOMMENDATION,303.1,VL-203,BUSINESS,515300.0,24,BORROW_20_LIQUIDATE_80,0.895,RECOMMENDED,,TRUE
syn-0700,EVENT,302.6324461322242,VL-203,,,,,,,ACCEPTED,TRUE
syn-0700,RECOMMENDATION,434.2,VL-202,BUSINESS,224900.0,60,BORROW_80_LIQUIDATE_20,0.618,RECOMMENDED,,TRUE
syn-0700,EVENT,433.79480609976997,VL-202,,,,,,,ACCEPTED,TRUE
syn-0702,RECOMMENDATION,10.7,HL-104,EDUCATION,138300.0,60,BORROW_100,0.82,RECOMMENDED,,TRUE
syn-0702,EVENT,10.44454519512001,HL-104,,,,,,,ACCEPTED,TRUE
syn-0703,RECOMMENDATION,179.0,HL-101,BUSINESS,699700.0,12,BORROW_60_LIQUIDATE_40,0.711,RECOMMENDED,,TRUE
syn-0703,EVENT,178.82162511331424,HL-101,,,,,,,ACCEPTED,TRUE
syn-0707,RECOMMENDATION,83.9,VL-201,HOME,440600.0,84,BORROW_20_LIQUIDATE_80,0.403,RECOMMENDED,,TRUE
syn-0707,EVENT,83.0688971329707,VL-201,,,,,,,DECLINED,TRUE
syn-0707,RECOMMENDATION,512.6,HL-102,BUSINESS,2273000.0,84,BORROW_20_LIQUIDATE_80,0.422,RECOMMENDED,,TRUE
syn-0707,EVENT,511.86660526176576,HL-102,,,,,,,ACCEPTED,TRUE
syn-0707,RECOMMENDATION,171.9,EL-302,MEDICAL,4738800.0,24,BORROW_80_LIQUIDATE_20,0.38,RECOMMENDED,,TRUE
syn-0707,EVENT,171.729076769959,EL-302,,,,,,,VIEWED,TRUE
syn-0712,RECOMMENDATION,137.1,HL-103,EDUCATION,820300.0,120,BORROW_40_LIQUIDATE_60,0.732,RECOMMENDED,,TRUE
syn-0712,EVENT,137.0082709676709,HL-103,,,,,,,DECLINED,TRUE
syn-0712,RECOMMENDATION,419.3,VL-203,MEDICAL,334000.0,60,BORROW_60_LIQUIDATE_40,0.712,RECOMMENDED,,TRUE
syn-0712,EVENT,418.75459678748535,VL-203,,,,,,,DECLINED,TRUE
syn-0712,RECOMMENDATION,28.9,ML-501,MEDICAL,1127600.0,120,LIQUIDATE_100,0.596,RECOMMENDED,,TRUE
syn-0712,EVENT,28.234766267749055,ML-501,,,,,,,VIEWED,TRUE
syn-0712,RECOMMENDATION,362.0,PL-401,MEDICAL,1405400.0,12,BORROW_80_LIQUIDATE_20,0.862,RECOMMENDED,,TRUE
syn-0712,EVENT,361.65239470797945,PL-401,,,,,,,ACCEPTED,TRUE
syn-0713,RECOMMENDATION,123.3,HL-101,VEHICLE,4862300.0,12,BORROW_100,0.764,RECOMMENDED,,TRUE
syn-0713,EVENT,123.2147051849111,HL-101,,,,,,,VIEWED,TRUE
syn-0713,RECOMMENDATION,513.7,BL-601,HOME,2089900.0,60,BORROW_60_LIQUIDATE_40,0.814,RECOMMENDED,,TRUE
syn-0713,EVENT,513.1877905753262,BL-601,,,,,,,VIEWED,TRUE
syn-0713,RECOMMENDATION,143.0,HL-101,MEDICAL,956100.0,120,BORROW_20_LIQUIDATE_80,0.705,RECOMMENDED,,TRUE
syn-0713,EVENT,142.80164451288607,HL-101,,,,,,,VIEWED,TRUE
syn-0713,RECOMMENDATION,172.0,PL-402,EDUCATION,2757400.0,120,BORROW_60_LIQUIDATE_40,0.324,RECOMMENDED,,TRUE
syn-0713,EVENT,171.0988606491566,PL-402,,,,,,,DECLINED,TRUE
syn-0713,RECOMMENDATION,339.6,VL-201,BUSINESS,185300.0,12,LIQUIDATE_100,0.37,RECOMMENDED,,TRUE
syn-0713,EVENT,339.1947323089344,VL-201,,,,,,,ACCEPTED,TRUE
syn-0714,RECOMMENDATION,417.0,HL-102,MEDICAL,2830600.0,84,LIQUIDATE_100,0.594,RECOMMENDED,,TRUE
syn-0714,EVENT,416.20049036070293,HL-102,,,,,,,ACCEPTED,TRUE
syn-0714,RECOMMENDATION,321.9,HL-101,VEHICLE,163300.0,120,BORROW_100,0.887,RECOMMENDED,,TRUE
syn-0714,EVENT,321.7022479684887,HL-101,,,,,,,ACCEPTED,TRUE
syn-0714,RECOMMENDATION,71.4,PL-403,BUSINESS,2452300.0,12,BORROW_100,0.533,RECOMMENDED,,TRUE
syn-0714,EVENT,71.32649408821928,PL-403,,,,,,,ACCEPTED,TRUE
syn-0716,RECOMMENDATION,414.1,HL-103,BUSINESS,1569300.0,60,LIQUIDATE_100,0.634,RECOMMENDED,,TRUE
syn-0716,EVENT,413.3379452727122,HL-103,,,,,,,ACCEPTED,TRUE
syn-0716,RECOMMENDATION,36.3,VL-202,PERSONAL,797400.0,24,BORROW_60_LIQUIDATE_40,0.64,RECOMMENDED,,TRUE
syn-0716,EVENT,36.24467431469245,VL-202,,,,,,,ACCEPTED,TRUE
syn-0716,RECOMMENDATION,96.2,VL-201,PERSONAL,355100.0,12,LIQUIDATE_100,0.801,RECOMMENDED,,TRUE
syn-0716,EVENT,95.82513977799391,VL-201,,,,,,,VIEWED,TRUE
syn-0722,RECOMMENDATION,239.9,VL-201,BUSINESS,1756700.0,12,BORROW_100,0.716,RECOMMENDED,,TRUE
syn-0722,EVENT,239.74988058184337,VL-201,,,,,,,VIEWED,TRUE
syn-0722,RECOMMENDATION,81.3,PL-402,EDUCATION,720500.0,48,BORROW_100,0.341,RECOMMENDED,,TRUE
syn-0722,EVENT,81.28053200587797,PL-402,,,,,,,ACCEPTED,TRUE
syn-0722,RECOMMENDATION,357.1,EL-303,MEDICAL,566900.0,24,LIQUIDATE_100,0.883,RECOMMENDED,,TRUE
syn-0722,EVENT,356.8854060101399,EL-303,,,,,,,DECLINED,TRUE
syn-0722,RECOMMENDATION,174.8,PL-403,MEDICAL,2571100.0,120,BORROW_100,0.38,RECOMMENDED,,TRUE
syn-0722,EVENT,174.006228030167,PL-403,,,,,,,VIEWED,TRUE
syn-0722,RECOMMENDATION,60.0,HL-104,EDUCATION,142800.0,60,LIQUIDATE_100,0.898,RECOMMENDED,,TRUE
syn-0722,EVENT,59.50408176000295,HL-104,,,,,,,VIEWED,TRUE
syn-0725,RECOMMENDATION,426.9,HL-101,EDUCATION,262800.0,36,BORROW_40_LIQUIDATE_60,0.779,RECOMMENDED,,TRUE
syn-0725,EVENT,425.9301958311252,HL-101,,,,,,,VIEWED,TRUE
syn-0726,RECOMMENDATION,142.1,HL-102,PERSONAL,236900.0,48,BORROW_60_LIQUIDATE_40,0.784,RECOMMENDED,,TRUE
syn-0726,EVENT,141.87277820356096,HL-102,,,,,,,VIEWED,TRUE
syn-0726,RECOMMENDATION,150.4,HL-102,PERSONAL,119300.0,48,LIQUIDATE_100,0.58,RECOMMENDED,,TRUE
syn-0726,EVENT,149.52854232085707,HL-102,,,,,,,VIEWED,TRUE
syn-0726,RECOMMENDATION,466.6,VL-203,HOME,3091600.0,48,BORROW_80_LIQUIDATE_20,0.657,RECOMMENDED,,TRUE
syn-0726,EVENT,466.3851797400208,VL-203,,,,,,,VIEWED,TRUE
syn-0735,RECOMMENDATION,333.4,EL-303,VEHICLE,1374900.0,24,BORROW_60_LIQUIDATE_40,0.351,RECOMMENDED,,TRUE
syn-0735,EVENT,332.4025818225951,EL-303,,,,,,,DECLINED,TRUE
syn-0735,RECOMMENDATION,472.1,PL-401,VEHICLE,204400.0,60,LIQUIDATE_100,0.367,RECOMMENDED,,TRUE
syn-0735,EVENT,471.15504588060344,PL-401,,,,,,,DECLINED,TRUE
syn-0735,RECOMMENDATION,112.6,PL-401,BUSINESS,272200.0,36,BORROW_80_LIQUIDATE_20,0.949,RECOMMENDED,,TRUE
syn-0735,EVENT,112.28376603972796,PL-401,,,,,,,DECLINED,TRUE
syn-0735,RECOMMENDATION,362.0,VL-201,VEHICLE,278600.0,84,BORROW_100,0.573,RECOMMENDED,,TRUE
syn-0735,EVENT,361.2597709773532,VL-201,,,,,,,VIEWED,TRUE
syn-0735,RECOMMENDATION,214.4,HL-104,HOME,2245400.0,48,BORROW_20_LIQUIDATE_80,0.616,RECOMMENDED,,TRUE
syn-0735,EVENT,214.1284526076448,HL-104,,,,,,,VIEWED,TRUE
syn-0738,RECOMMENDATION,42.0,ML-501,PERSONAL,854300.0,84,LIQUIDATE_100,0.405,RECOMMENDED,,TRUE
syn-0738,EVENT,41.79692369080289,ML-501,,,,,,,VIEWED,TRUE
syn-0738,RECOMMENDATION,449.0,HL-103,BUSINESS,639600.0,36,BORROW_80_LIQUIDATE_20,0.873,RECOMMENDED,,TRUE
syn-0738,EVENT,448.88434199572214,HL-103,,,,,,,ACCEPTED,TRUE
syn-0738,RECOMMENDATION,97.0,VL-203,BUSINESS,5077500.0,36,BORROW_100,0.825,RECOMMENDED,,TRUE
syn-0738,EVENT,96.6552941085066,VL-203,,,,,,,ACCEPTED,TRUE
syn-0738,RECOMMENDATION,286.9,ML-501,PERSONAL,388900.0,84,LIQUIDATE_100,0.713,RECOMMENDED,,TRUE
syn-0738,EVENT,286.87000484855884,ML-501,,,,,,,VIEWED,TRUE
syn-0740,RECOMMENDATION,226.3,BL-601,VEHICLE,138100.0,120,BORROW_100,0.612,RECOMMENDED,,TRUE
syn-0740,EVENT,225.45918348787865,BL-601,,,,,,,DECLINED,TRUE
syn-0740,RECOMMENDATION,263.8,VL-203,MEDICAL,615500.0,84,BORROW_40_LIQUIDATE_60,0.775,RECOMMENDED,,TRUE
syn-0740,EVENT,262.9767003165588,VL-203,,,,,,,VIEWED,TRUE
syn-0740,RECOMMENDATION,49.8,PL-402,PERSONAL,214000.0,24,LIQUIDATE_100,0.549,RECOMMENDED,,TRUE
syn-0740,EVENT,49.79415559092128,PL-402,,,,,,,ACCEPTED,TRUE
syn-0740,RECOMMENDATION,277.8,BL-602,PERSONAL,4934800.0,84,BORROW_80_LIQUIDATE_20,0.5,RECOMMENDED,,TRUE
syn-0740,EVENT,276.92297472924355,BL-602,,,,,,,VIEWED,TRUE
syn-0740,RECOMMENDATION,30.9,BL-601,EDUCATION,1349000.0,36,BORROW_80_LIQUIDATE_20,0.646,RECOMMENDED,,TRUE
syn-0740,EVENT,30.048240437788717,BL-601,,,,,,,VIEWED,TRUE
syn-0741,RECOMMENDATION,271.8,BL-602,HOME,3120900.0,120,BORROW_20_LIQUIDATE_80,0.539,RECOMMENDED,,TRUE
syn-0741,EVENT,271.6840468243901,BL-602,,,,,,,ACCEPTED,TRUE
syn-0741,RECOMMENDATION,212.7,HL-103,VEHICLE,2521800.0,120,BORROW_20_LIQUIDATE_80,0.842,RECOMMENDED,,TRUE
syn-0741,EVENT,212.2879022354108,HL-103,,,,,,,ACCEPTED,TRUE
syn-0741,RECOMMENDATION,263.3,PL-403,HOME,3736200.0,84,BORROW_100,0.899,RECOMMENDED,,TRUE
syn-0741,EVENT,262.81849759949483,PL-403,,,,,,,VIEWED,TRUE
syn-0741,RECOMMENDATION,391.9,ML-501,BUSINESS,659600.0,84,BORROW_40_LIQUIDATE_60,0.701,RECOMMENDED,,TRUE
syn-0741,EVENT,391.1637173780071,ML-501,,,,,,,VIEWED,TRUE
syn-0741,RECOMMENDATION,450.3,HL-102,MEDICAL,2692600.0,84,BORROW_40_LIQUIDATE_60,0.509,RECOMMENDED,,TRUE
syn-0741,EVENT,449.74537482358335,HL-102,,,,,,,VIEWED,TRUE
syn-0742,RECOMMENDATION,308.6,HL-101,EDUCATION,2824600.0,12,BORROW_40_LIQUIDATE_60,0.444,RECOMMENDED,,TRUE
syn-0742,EVENT,308.48694116889544,HL-101,,,,,,,VIEWED,TRUE
syn-0742,RECOMMENDATION,470.2,PL-401,HOME,732700.0,24,BORROW_60_LIQUIDATE_40,0.603,RECOMMENDED,,TRUE
syn-0742,EVENT,469.7981389698582,PL-401,,,,,,,ACCEPTED,TRUE
syn-0742,RECOMMENDATION,460.7,HL-103,EDUCATION,6248800.0,24,BORROW_80_LIQUIDATE_20,0.933,RECOMMENDED,,TRUE
syn-0742,EVENT,460.3741819605985,HL-103,,,,,,,VIEWED,TRUE
syn-0742,RECOMMENDATION,252.8,EL-302,VEHICLE,127000.0,48,BORROW_80_LIQUIDATE_20,0.945,RECOMMENDED,,TRUE
syn-0742,EVENT,251.92243224482456,EL-302,,,,,,,VIEWED,TRUE
syn-0743,RECOMMENDATION,65.1,ML-501,VEHICLE,1855300.0,12,LIQUIDATE_100,0.426,RECOMMENDED,,TRUE
syn-0743,EVENT,64.27808052309354,ML-501,,,,,,,VIEWED,TRUE
syn-0743,RECOMMENDATION,308.4,BL-602,PERSONAL,111200.0,120,BORROW_60_LIQUIDATE_40,0.878,RECOMMENDED,,TRUE
syn-0743,EVENT,308.2330036348214,BL-602,,,,,,,ACCEPTED,TRUE
syn-0743,RECOMMENDATION,350.4,HL-104,VEHICLE,562100.0,12,BORROW_60_LIQUIDATE_40,0.498,RECOMMENDED,,TRUE
syn-0743,EVENT,349.81030766297374,HL-104,,,,,,,DECLINED,TRUE
syn-0747,RECOMMENDATION,299.3,BL-602,BUSINESS,3289300.0,36,BORROW_20_LIQUIDATE_80,0.501,RECOMMENDED,,TRUE
syn-0747,EVENT,298.65882041328535,BL-602,,,,,,,ACCEPTED,TRUE
syn-0749,RECOMMENDATION,209.7,EL-303,VEHICLE,858900.0,84,BORROW_40_LIQUIDATE_60,0.712,RECOMMENDED,,TRUE
syn-0749,EVENT,209.15712924430952,EL-303,,,,,,,ACCEPTED,TRUE
syn-0749,RECOMMENDATION,322.2,EL-301,PERSONAL,119800.0,12,BORROW_100,0.425,RECOMMENDED,,TRUE
syn-0749,EVENT,321.2759839401044,EL-301,,,,,,,VIEWED,TRUE
syn-0749,RECOMMENDATION,267.6,EL-301,MEDICAL,309800.0,120,BORROW_80_LIQUIDATE_20,0.751,RECOMMENDED,,TRUE
syn-0749,EVENT,267.4188844068457,EL-301,,,,,,,VIEWED,TRUE
syn-0749,RECOMMENDATION,408.5,HL-103,VEHICLE,273600.0,24,BORROW_80_LIQUIDATE_20,0.676,RECOMMENDED,,TRUE
syn-0749,EVENT,408.02475367756335,HL-103,,,,,,,VIEWED,TRUE
syn-0749,RECOMMENDATION,166.3,HL-103,MEDICAL,748700.0,12,BORROW_40_LIQUIDATE_60,0.854,RECOMMENDED,,TRUE
syn-0749,EVENT,165.71057628249224,HL-103,,,,,,,VIEWED,TRUE
syn-0750,RECOMMENDATION,399.2,PL-401,MEDICAL,366100.0,12,BORROW_80_LIQUIDATE_20,0.47,RECOMMENDED,,TRUE
syn-0750,EVENT,398.26350903367273,PL-401,,,,,,,DECLINED,TRUE
syn-0750,RECOMMENDATION,321.6,BL-602,PERSONAL,2338100.0,24,BORROW_60_LIQUIDATE_40,0.587,RECOMMENDED,,TRUE
syn-0750,EVENT,321.547497556676,BL-602,,,,,,,VIEWED,TRUE
syn-0750,RECOMMENDATION,460.4,HL-104,EDUCATION,790800.0,36,BORROW_80_LIQUIDATE_20,0.9,RECOMMENDED,,TRUE
syn-0750,EVENT,459.94055550866926,HL-104,,,,,,,ACCEPTED,TRUE
syn-0750,RECOMMENDATION,470.3,ML-501,BUSINESS,2037300.0,24,BORROW_80_LIQUIDATE_20,0.899,RECOMMENDED,,TRUE
syn-0750,EVENT,470.19866585744234,ML-501,,,,,,,DECLINED,TRUE
syn-0750,RECOMMENDATION,407.7,HL-103,BUSINESS,2955800.0,24,BORROW_20_LIQUIDATE_80,0.46,RECOMMENDED,,TRUE
syn-0750,EVENT,407.55252000144947,HL-103,,,,,,,DECLINED,TRUE
syn-0751,RECOMMENDATION,357.5,EL-303,BUSINESS,188600.0,12,BORROW_40_LIQUIDATE_60,0.721,RECOMMENDED,,TRUE
syn-0751,EVENT,357.2361229427182,EL-303,,,,,,,DECLINED,TRUE
syn-0752,RECOMMENDATION,148.1,HL-104,VEHICLE,1625500.0,48,BORROW_100,0.375,RECOMMENDED,,TRUE
syn-0752,EVENT,147.7959546680127,HL-104,,,,,,,VIEWED,TRUE
syn-0757,RECOMMENDATION,29.2,HL-103,PERSONAL,158200.0,60,BORROW_60_LIQUIDATE_40,0.435,RECOMMENDED,,TRUE
syn-0757,EVENT,28.59987924153864,HL-103,,,,,,,ACCEPTED,TRUE
syn-0757,RECOMMENDATION,113.5,HL-102,BUSINESS,675000.0,24,BORROW_20_LIQUIDATE_80,0.86,RECOMMENDED,,TRUE
syn-0757,EVENT,112.62965127213074,HL-102,,,,,,,ACCEPTED,TRUE
syn-0757,RECOMMENDATION,84.3,BL-602,EDUCATION,140300.0,12,LIQUIDATE_100,0.584,RECOMMENDED,,TRUE
syn-0757,EVENT,83.55394534659084,BL-602,,,,,,,ACCEPTED,TRUE
syn-0757,RECOMMENDATION,28.5,HL-104,HOME,278500.0,24,BORROW_40_LIQUIDATE_60,0.888,RECOMMENDED,,TRUE
syn-0757,EVENT,28.08231594437526,HL-104,,,,,,,ACCEPTED,TRUE
syn-0757,RECOMMENDATION,514.7,PL-402,EDUCATION,697200.0,24,BORROW_60_LIQUIDATE_40,0.48,RECOMMENDED,,TRUE
syn-0757,EVENT,514.6731998203568,PL-402,,,,,,,DECLINED,TRUE
syn-0761,RECOMMENDATION,186.9,HL-102,VEHICLE,5452000.0,36,BORROW_40_LIQUIDATE_60,0.34,RECOMMENDED,,TRUE
syn-0761,EVENT,186.56420613581506,HL-102,,,,,,,VIEWED,TRUE
syn-0761,RECOMMENDATION,532.0,PL-401,MEDICAL,2093000.0,48,LIQUIDATE_100,0.934,RECOMMENDED,,TRUE
syn-0761,EVENT,531.3208836504909,PL-401,,,,,,,VIEWED,TRUE
syn-0766,RECOMMENDATION,161.9,VL-201,EDUCATION,408300.0,24,LIQUIDATE_100,0.566,RECOMMENDED,,TRUE
syn-0766,EVENT,161.77794339019977,VL-201,,,,,,,VIEWED,TRUE
syn-0768,RECOMMENDATION,258.3,BL-601,HOME,419200.0,24,BORROW_80_LIQUIDATE_20,0.605,RECOMMENDED,,TRUE
syn-0768,EVENT,257.9657546067471,BL-601,,,,,,,ACCEPTED,TRUE
syn-0768,RECOMMENDATION,194.1,VL-202,PERSONAL,128800.0,12,BORROW_20_LIQUIDATE_80,0.612,RECOMMENDED,,TRUE
syn-0768,EVENT,193.74694674023817,VL-202,,,,,,,VIEWED,TRUE
syn-0768,RECOMMENDATION,478.4,PL-401,MEDICAL,1381400.0,24,BORROW_80_LIQUIDATE_20,0.555,RECOMMENDED,,TRUE
syn-0768,EVENT,478.3663138384967,PL-401,,,,,,,ACCEPTED,TRUE
syn-0768,RECOMMENDATION,32.3,HL-103,PERSONAL,5851200.0,36,LIQUIDATE_100,0.672,RECOMMENDED,,TRUE
syn-0768,EVENT,31.7916316284854,HL-103,,,,,,,DECLINED,TRUE
syn-0769,RECOMMENDATION,41.4,BL-601,HOME,1753600.0,84,LIQUIDATE_100,0.384,RECOMMENDED,,TRUE
syn-0769,EVENT,41.09736049488847,BL-601,,,,,,,DECLINED,TRUE
syn-0770,RECOMMENDATION,291.9,VL-203,BUSINESS,238300.0,48,LIQUIDATE_100,0.406,RECOMMENDED,,TRUE
syn-0770,EVENT,291.3071580133329,VL-203,,,,,,,ACCEPTED,TRUE
syn-0770,RECOMMENDATION,219.1,EL-302,BUSINESS,260000.0,48,LIQUIDATE_100,0.614,RECOMMENDED,,TRUE
syn-0770,EVENT,218.82066822184262,EL-302,,,,,,,VIEWED,TRUE
syn-0770,RECOMMENDATION,270.1,HL-104,PERSONAL,904600.0,48,BORROW_20_LIQUIDATE_80,0.393,RECOMMENDED,,TRUE
syn-0770,EVENT,269.96274432753626,HL-104,,,,,,,VIEWED,TRUE
syn-0770,RECOMMENDATION,365.2,VL-201,BUSINESS,1519500.0,48,LIQUIDATE_100,0.317,RECOMMENDED,,TRUE
syn-0770,EVENT,365.15833343788523,VL-201,,,,,,,ACCEPTED,TRUE
syn-0771,RECOMMENDATION,95.6,HL-103,EDUCATION,1705600.0,24,BORROW_20_LIQUIDATE_80,0.75,RECOMMENDED,,TRUE
syn-0771,EVENT,95.32521995719934,HL-103,,,,,,,ACCEPTED,TRUE
syn-0771,RECOMMENDATION,255.9,BL-602,PERSONAL,2270200.0,48,BORROW_60_LIQUIDATE_40,0.945,RECOMMENDED,,TRUE
syn-0771,EVENT,255.41502238306288,BL-602,,,,,,,VIEWED,TRUE
syn-0771,RECOMMENDATION,49.0,EL-302,BUSINESS,2287200.0,36,BORROW_60_LIQUIDATE_40,0.642,RECOMMENDED,,TRUE
syn-0771,EVENT,48.41980467953936,EL-302,,,,,,,ACCEPTED,TRUE
syn-0774,RECOMMENDATION,296.0,HL-103,HOME,386700.0,60,BORROW_80_LIQUIDATE_20,0.817,RECOMMENDED,,TRUE
syn-0774,EVENT,295.79203749925136,HL-103,,,,,,,VIEWED,TRUE
syn-0774,RECOMMENDATION,203.8,HL-103,EDUCATION,2421400.0,84,BORROW_20_LIQUIDATE_80,0.666,RECOMMENDED,,TRUE
syn-0774,EVENT,203.1437732957932,HL-103,,,,,,,ACCEPTED,TRUE
syn-0774,RECOMMENDATION,293.0,HL-104,PERSONAL,729000.0,48,BORROW_80_LIQUIDATE_20,0.392,RECOMMENDED,,TRUE
syn-0774,EVENT,292.1011353931437,HL-104,,,,,,,VIEWED,TRUE
syn-0777,RECOMMENDATION,437.4,BL-602,PERSONAL,227700.0,24,BORROW_100,0.34,RECOMMENDED,,TRUE
syn-0777,EVENT,436.6741001117269,BL-602,,,,,,,ACCEPTED,TRUE
syn-0777,RECOMMENDATION,344.8,BL-602,PERSONAL,1084300.0,60,LIQUIDATE_100,0.573,RECOMMENDED,,TRUE
syn-0777,EVENT,344.0860099431902,BL-602,,,,,,,DECLINED,TRUE
syn-0777,RECOMMENDATION,91.2,HL-104,VEHICLE,1936700.0,120,BORROW_60_LIQUIDATE_40,0.795,RECOMMENDED,,TRUE
syn-0777,EVENT,90.29459432794609,HL-104,,,,,,,VIEWED,TRUE
syn-0777,RECOMMENDATION,138.6,PL-403,BUSINESS,781000.0,60,LIQUIDATE_100,0.908,RECOMMENDED,,TRUE
syn-0777,EVENT,138.10040460139675,PL-403,,,,,,,VIEWED,TRUE
syn-0779,RECOMMENDATION,458.5,HL-104,HOME,543000.0,120,BORROW_60_LIQUIDATE_40,0.889,RECOMMENDED,,TRUE
syn-0779,EVENT,457.5614250975985,HL-104,,,,,,,DECLINED,TRUE
syn-0779,RECOMMENDATION,18.1,BL-601,MEDICAL,421700.0,48,BORROW_20_LIQUIDATE_80,0.889,RECOMMENDED,,TRUE
syn-0779,EVENT,17.11941565211531,BL-601,,,,,,,DECLINED,TRUE
syn-0783,RECOMMENDATION,437.1,BL-601,EDUCATION,3383700.0,36,BORROW_60_LIQUIDATE_40,0.822,RECOMMENDED,,TRUE
syn-0783,EVENT,436.2147073136362,BL-601,,,,,,,VIEWED,TRUE
syn-0783,RECOMMENDATION,118.4,VL-201,MEDICAL,149000.0,12,LIQUIDATE_100,0.511,RECOMMENDED,,TRUE
syn-0783,EVENT,117.7060781944242,VL-201,,,,,,,ACCEPTED,TRUE
syn-0783,RECOMMENDATION,154.4,BL-602,PERSONAL,4536700.0,24,BORROW_60_LIQUIDATE_40,0.626,RECOMMENDED,,TRUE
syn-0783,EVENT,153.57259683933512,BL-602,,,,,,,ACCEPTED,TRUE
syn-0783,RECOMMENDATION,386.0,PL-403,HOME,115400.0,36,LIQUIDATE_100,0.429,RECOMMENDED,,TRUE
syn-0783,EVENT,385.7312067851785,PL-403,,,,,,,DECLINED,TRUE
syn-0783,RECOMMENDATION,459.5,ML-501,HOME,635500.0,60,BORROW_20_LIQUIDATE_80,0.348,RECOMMENDED,,TRUE
syn-0783,EVENT,459.35196737694235,ML-501,,,,,,,ACCEPTED,TRUE
syn-0786,RECOMMENDATION,150.5,EL-301,VEHICLE,5148500.0,60,BORROW_20_LIQUIDATE_80,0.714,RECOMMENDED,,TRUE
syn-0786,EVENT,150.06627277118713,EL-301,,,,,,,VIEWED,TRUE
syn-0789,RECOMMENDATION,66.0,VL-202,EDUCATION,656700.0,12,BORROW_60_LIQUIDATE_40,0.382,RECOMMENDED,,TRUE
syn-0789,EVENT,65.66298933752525,VL-202,,,,,,,VIEWED,TRUE
syn-0789,RECOMMENDATION,220.6,VL-201,PERSONAL,1010900.0,24,BORROW_40_LIQUIDATE_60,0.886,RECOMMENDED,,TRUE
syn-0789,EVENT,220.43804313146978,VL-201,,,,,,,VIEWED,TRUE
syn-0789,RECOMMENDATION,440.7,EL-301,VEHICLE,253100.0,36,BORROW_20_LIQUIDATE_80,0.591,RECOMMENDED,,TRUE
syn-0789,EVENT,440.0155729772206,EL-301,,,,,,,DECLINED,TRUE
syn-0789,RECOMMENDATION,91.1,ML-501,EDUCATION,188200.0,12,LIQUIDATE_100,0.452,RECOMMENDED,,TRUE
syn-0789,EVENT,90.67884093387806,ML-501,,,,,,,ACCEPTED,TRUE
syn-0789,RECOMMENDATION,516.4,HL-101,HOME,297700.0,60,BORROW_100,0.461,RECOMMENDED,,TRUE
syn-0789,EVENT,516.2469623610024,HL-101,,,,,,,ACCEPTED,TRUE
syn-0793,RECOMMENDATION,243.6,BL-602,VEHICLE,1232600.0,60,BORROW_60_LIQUIDATE_40,0.562,RECOMMENDED,,TRUE
syn-0793,EVENT,242.89921273588152,BL-602,,,,,,,DECLINED,TRUE
syn-0793,RECOMMENDATION,70.6,BL-602,MEDICAL,408400.0,48,BORROW_40_LIQUIDATE_60,0.735,RECOMMENDED,,TRUE
syn-0793,EVENT,70.37888658746071,BL-602,,,,,,,VIEWED,TRUE
syn-0793,RECOMMENDATION,319.6,BL-601,BUSINESS,1287800.0,36,BORROW_20_LIQUIDATE_80,0.394,RECOMMENDED,,TRUE
syn-0793,EVENT,319.2595682730711,BL-601,,,,,,,VIEWED,TRUE
syn-0793,RECOMMENDATION,16.5,PL-402,MEDICAL,764000.0,12,BORROW_60_LIQUIDATE_40,0.595,RECOMMENDED,,TRUE
syn-0793,EVENT,16.423735547546656,PL-402,,,,,,,VIEWED,TRUE
syn-0794,RECOMMENDATION,348.7,VL-203,BUSINESS,2855900.0,12,BORROW_80_LIQUIDATE_20,0.808,RECOMMENDED,,TRUE
syn-0794,EVENT,347.8927428634653,VL-203,,,,,,,VIEWED,TRUE
syn-0794,RECOMMENDATION,277.6,HL-102,BUSINESS,2144400.0,60,BORROW_60_LIQUIDATE_40,0.898,RECOMMENDED,,TRUE
syn-0794,EVENT,277.26707236515904,HL-102,,,,,,,VIEWED,TRUE
syn-0795,RECOMMENDATION,83.7,PL-401,HOME,324300.0,24,BORROW_60_LIQUIDATE_40,0.82,RECOMMENDED,,TRUE
syn-0795,EVENT,82.81711518918608,PL-401,,,,,,,DECLINED,TRUE
syn-0795,RECOMMENDATION,379.9,VL-202,VEHICLE,1720600.0,84,BORROW_100,0.469,RECOMMENDED,,TRUE
syn-0795,EVENT,379.79004959660193,VL-202,,,,,,,VIEWED,TRUE
syn-0795,RECOMMENDATION,330.7,PL-402,VEHICLE,3592300.0,84,BORROW_20_LIQUIDATE_80,0.875,RECOMMENDED,,TRUE
syn-0795,EVENT,330.4605943099831,PL-402,,,,,,,VIEWED,TRUE
syn-0796,RECOMMENDATION,59.7,HL-101,EDUCATION,211400.0,84,BORROW_100,0.434,RECOMMENDED,,TRUE
syn-0796,EVENT,58.75604375444227,HL-101,,,,,,,ACCEPTED,TRUE
syn-0796,RECOMMENDATION,365.8,HL-104,EDUCATION,1111000.0,12,BORROW_100,0.448,RECOMMENDED,,TRUE
syn-0796,EVENT,365.1278122288207,HL-104,,,,,,,ACCEPTED,TRUE
syn-0796,RECOMMENDATION,189.5,ML-501,MEDICAL,1088900.0,36,BORROW_100,0.574,RECOMMENDED,,TRUE
syn-0796,EVENT,188.68420782088623,ML-501,,,,,,,VIEWED,TRUE
syn-0799,RECOMMENDATION,185.4,HL-104,HOME,166000.0,24,BORROW_40_LIQUIDATE_60,0.54,RECOMMENDED,,TRUE
syn-0799,EVENT,184.89882631047885,HL-104,,,,,,,ACCEPTED,TRUE
syn-0799,RECOMMENDATION,281.0,VL-203,PERSONAL,1063900.0,12,BORROW_20_LIQUIDATE_80,0.467,RECOMMENDED,,TRUE
syn-0799,EVENT,280.93437060061274,VL-203,,,,,,,ACCEPTED,TRUE
syn-0800,RECOMMENDATION,256.3,HL-102,PERSONAL,614300.0,12,BORROW_100,0.552,RECOMMENDED,,TRUE
syn-0800,EVENT,255.74524022229696,HL-102,,,,,,,DECLINED,TRUE
syn-0800,RECOMMENDATION,396.4,VL-203,EDUCATION,4926200.0,60,LIQUIDATE_100,0.391,RECOMMENDED,,TRUE
syn-0800,EVENT,395.49901594563363,VL-203,,,,,,,VIEWED,TRUE
syn-0804,RECOMMENDATION,505.9,EL-301,PERSONAL,123300.0,84,BORROW_20_LIQUIDATE_80,0.382,RECOMMENDED,,TRUE
syn-0804,EVENT,505.46187461018,EL-301,,,,,,,ACCEPTED,TRUE
syn-0804,RECOMMENDATION,68.6,HL-102,VEHICLE,371100.0,84,BORROW_80_LIQUIDATE_20,0.376,RECOMMENDED,,TRUE
syn-0804,EVENT,68.38213501028062,HL-102,,,,,,,ACCEPTED,TRUE
syn-0804,RECOMMENDATION,475.2,VL-202,HOME,1374900.0,120,BORROW_20_LIQUIDATE_80,0.643,RECOMMENDED,,TRUE
syn-0804,EVENT,475.0433941924685,VL-202,,,,,,,VIEWED,TRUE
syn-0807,RECOMMENDATION,277.6,BL-602,PERSONAL,255100.0,12,BORROW_40_LIQUIDATE_60,0.529,RECOMMENDED,,TRUE
syn-0807,EVENT,276.6834845552406,BL-602,,,,,,,VIEWED,TRUE
syn-0813,RECOMMENDATION,384.9,PL-403,HOME,3186600.0,60,BORROW_60_LIQUIDATE_40,0.861,RECOMMENDED,,TRUE
syn-0813,EVENT,384.3257578150859,PL-403,,,,,,,DECLINED,TRUE
syn-0815,RECOMMENDATION,361.7,BL-602,EDUCATION,426100.0,36,BORROW_20_LIQUIDATE_80,0.889,RECOMMENDED,,TRUE
syn-0815,EVENT,361.5224573763853,BL-602,,,,,,,VIEWED,TRUE
syn-0815,RECOMMENDATION,65.5,EL-301,VEHICLE,332000.0,120,BORROW_20_LIQUIDATE_80,0.403,RECOMMENDED,,TRUE
syn-0815,EVENT,65.46176828193495,EL-301,,,,,,,VIEWED,TRUE
syn-0818,RECOMMENDATION,209.9,PL-403,BUSINESS,311800.0,24,BORROW_60_LIQUIDATE_40,0.588,RECOMMENDED,,TRUE
syn-0818,EVENT,209.6582231948964,PL-403,,,,,,,VIEWED,TRUE
syn-0818,RECOMMENDATION,327.9,EL-301,MEDICAL,144700.0,24,LIQUIDATE_100,0.858,RECOMMENDED,,TRUE
syn-0818,EVENT,327.4705065881494,EL-301,,,,,,,DECLINED,TRUE
syn-0818,RECOMMENDATION,243.4,BL-601,PERSONAL,107500.0,60,BORROW_100,0.78,RECOMMENDED,,TRUE
syn-0818,EVENT,243.1539969847685,BL-601,,,,,,,DECLINED,TRUE
syn-0818,RECOMMENDATION,536.4,VL-202,MEDICAL,953100.0,24,BORROW_40_LIQUIDATE_60,0.518,RECOMMENDED,,TRUE
syn-0818,EVENT,535.9225837517656,VL-202,,,,,,,ACCEPTED,TRUE
syn-0820,RECOMMENDATION,377.8,EL-301,EDUCATION,4379700.0,120,BORROW_100,0.521,RECOMMENDED,,TRUE
syn-0820,EVENT,377.70580025660786,EL-301,,,,,,,VIEWED,TRUE
syn-0820,RECOMMENDATION,201.0,HL-102,PERSONAL,115100.0,48,BORROW_80_LIQUIDATE_20,0.431,RECOMMENDED,,TRUE
syn-0820,EVENT,200.97639310534052,HL-102,,,,,,,VIEWED,TRUE
syn-0820,RECOMMENDATION,24.4,BL-601,HOME,670900.0,120,LIQUIDATE_100,0.564,RECOMMENDED,,TRUE
syn-0820,EVENT,24.365990900273292,BL-601,,,,,,,ACCEPTED,TRUE
syn-0826,RECOMMENDATION,500.0,PL-401,MEDICAL,6037000.0,24,BORROW_40_LIQUIDATE_60,0.813,RECOMMENDED,,TRUE
syn-0826,EVENT,499.16511411377917,PL-401,,,,,,,VIEWED,TRUE
syn-0828,RECOMMENDATION,411.6,PL-402,VEHICLE,4850900.0,84,BORROW_60_LIQUIDATE_40,0.546,RECOMMENDED,,TRUE
syn-0828,EVENT,411.2734967069573,PL-402,,,,,,,VIEWED,TRUE
syn-0828,RECOMMENDATION,19.7,HL-101,HOME,1574900.0,12,BORROW_100,0.578,RECOMMENDED,,TRUE
syn-0828,EVENT,18.82553813216581,HL-101,,,,,,,VIEWED,TRUE
syn-0828,RECOMMENDATION,237.3,HL-104,VEHICLE,151100.0,24,LIQUIDATE_100,0.381,RECOMMENDED,,TRUE
syn-0828,EVENT,236.83025478747982,HL-104,,,,,,,VIEWED,TRUE
syn-0828,RECOMMENDATION,283.6,HL-102,BUSINESS,152200.0,120,BORROW_60_LIQUIDATE_40,0.507,RECOMMENDED,,TRUE
syn-0828,EVENT,283.231434669706,HL-102,,,,,,,VIEWED,TRUE
syn-0830,RECOMMENDATION,234.1,HL-104,VEHICLE,453500.0,36,BORROW_20_LIQUIDATE_80,0.454,RECOMMENDED,,TRUE
syn-0830,EVENT,233.88453130128835,HL-104,,,,,,,VIEWED,TRUE
syn-0832,RECOMMENDATION,310.9,VL-203,EDUCATION,150700.0,12,BORROW_40_LIQUIDATE_60,0.699,RECOMMENDED,,TRUE
syn-0832,EVENT,310.1135941463838,VL-203,,,,,,,DECLINED,TRUE
syn-0832,RECOMMENDATION,411.9,PL-402,HOME,169600.0,84,LIQUIDATE_100,0.828,RECOMMENDED,,TRUE
syn-0832,EVENT,411.47946648941326,PL-402,,,,,,,ACCEPTED,TRUE
syn-0832,RECOMMENDATION,102.4,BL-602,PERSONAL,1619200.0,84,BORROW_40_LIQUIDATE_60,0.817,RECOMMENDED,,TRUE
syn-0832,EVENT,101.8602527074667,BL-602,,,,,,,DECLINED,TRUE
syn-0832,RECOMMENDATION,79.1,VL-201,MEDICAL,5523700.0,12,LIQUIDATE_100,0.533,RECOMMENDED,,TRUE
syn-0832,EVENT,79.05349839255639,VL-201,,,,,,,VIEWED,TRUE
syn-0836,RECOMMENDATION,234.2,BL-601,HOME,3324000.0,120,BORROW_100,0.407,RECOMMENDED,,TRUE
syn-0836,EVENT,234.11274498985586,BL-601,,,,,,,VIEWED,TRUE
syn-0836,RECOMMENDATION,234.2,PL-402,VEHICLE,2258900.0,12,BORROW_20_LIQUIDATE_80,0.928,RECOMMENDED,,TRUE
syn-0836,EVENT,234.19995472968685,PL-402,,,,,,,DECLINED,TRUE
syn-0836,RECOMMENDATION,13.2,PL-402,BUSINESS,1913000.0,60,LIQUIDATE_100,0.867,RECOMMENDED,,TRUE
syn-0836,EVENT,13.022955757996895,PL-402,,,,,,,VIEWED,TRUE
syn-0838,RECOMMENDATION,492.3,ML-501,MEDICAL,679300.0,48,LIQUIDATE_100,0.644,RECOMMENDED,,TRUE
syn-0838,EVENT,491.75750784172334,ML-501,,,,,,,VIEWED,TRUE
syn-0838,RECOMMENDATION,513.9,HL-103,HOME,104800.0,12,BORROW_40_LIQUIDATE_60,0.63,RECOMMENDED,,TRUE
syn-0838,EVENT,513.2108745439298,HL-103,,,,,,,DECLINED,TRUE
syn-0838,RECOMMENDATION,69.7,EL-302,MEDICAL,209100.0,84,BORROW_100,0.945,RECOMMENDED,,TRUE
syn-0838,EVENT,68.79837275736963,EL-302,,,,,,,VIEWED,TRUE
syn-0842,RECOMMENDATION,486.7,BL-601,MEDICAL,184000.0,48,BORROW_60_LIQUIDATE_40,0.875,RECOMMENDED,,TRUE
syn-0842,EVENT,486.3987874115238,BL-601,,,,,,,DECLINED,TRUE
syn-0842,RECOMMENDATION,2.3,EL-302,VEHICLE,681600.0,24,BORROW_60_LIQUIDATE_40,0.578,RECOMMENDED,,TRUE
syn-0842,EVENT,1.4390678029513335,EL-302,,,,,,,DECLINED,TRUE
syn-0844,RECOMMENDATION,514.9,EL-302,HOME,1871600.0,36,BORROW_80_LIQUIDATE_20,0.781,RECOMMENDED,,TRUE
syn-0844,EVENT,514.6269773427748,EL-302,,,,,,,VIEWED,TRUE
syn-0844,RECOMMENDATION,385.0,HL-103,BUSINESS,3221100.0,36,BORROW_40_LIQUIDATE_60,0.431,RECOMMENDED,,TRUE
syn-0844,EVENT,384.9472101903703,HL-103,,,,,,,VIEWED,TRUE
syn-0847,RECOMMENDATION,218.8,BL-601,VEHICLE,5927000.0,84,LIQUIDATE_100,0.625,RECOMMENDED,,TRUE
syn-0847,EVENT,217.91764060079274,BL-601,,,,,,,VIEWED,TRUE
syn-0847,RECOMMENDATION,496.2,EL-301,MEDICAL,4312300.0,24,BORROW_20_LIQUIDATE_80,0.436,RECOMMENDED,,TRUE
syn-0847,EVENT,495.3194790235147,EL-301,,,,,,,DECLINED,TRUE
syn-0847,RECOMMENDATION,335.8,HL-104,EDUCATION,349500.0,60,BORROW_100,0.719,RECOMMENDED,,TRUE
syn-0847,EVENT,335.59655069000945,HL-104,,,,,,,ACCEPTED,TRUE
syn-0848,RECOMMENDATION,144.0,PL-401,MEDICAL,5182100.0,120,LIQUIDATE_100,0.305,RECOMMENDED,,TRUE
syn-0848,EVENT,143.30897697590513,PL-401,,,,,,,DECLINED,TRUE
syn-0849,RECOMMENDATION,15.2,EL-302,EDUCATION,4786700.0,12,BORROW_60_LIQUIDATE_40,0.464,RECOMMENDED,,TRUE
syn-0849,EVENT,14.938599022837005,EL-302,,,,,,,ACCEPTED,TRUE
syn-0850,RECOMMENDATION,62.4,EL-302,HOME,5987100.0,24,LIQUIDATE_100,0.605,RECOMMENDED,,TRUE
syn-0850,EVENT,61.748984092740876,EL-302,,,,,,,DECLINED,TRUE
syn-0850,RECOMMENDATION,437.6,PL-402,EDUCATION,346000.0,48,BORROW_100,0.805,RECOMMENDED,,TRUE
syn-0850,EVENT,437.38344421405685,PL-402,,,,,,,VIEWED,TRUE
syn-0850,RECOMMENDATION,442.9,PL-402,MEDICAL,2442400.0,48,BORROW_60_LIQUIDATE_40,0.866,RECOMMENDED,,TRUE
syn-0850,EVENT,442.87969681858095,PL-402,,,,,,,DECLINED,TRUE
syn-0850,RECOMMENDATION,315.0,EL-301,MEDICAL,1470200.0,60,BORROW_80_LIQUIDATE_20,0.734,RECOMMENDED,,TRUE
syn-0850,EVENT,314.9183844833657,EL-301,,,,,,,VIEWED,TRUE
syn-0853,RECOMMENDATION,271.3,VL-202,MEDICAL,986400.0,84,BORROW_100,0.315,RECOMMENDED,,TRUE
syn-0853,EVENT,270.62353145638997,VL-202,,,,,,,VIEWED,TRUE
syn-0853,RECOMMENDATION,183.8,HL-102,VEHICLE,179200.0,24,BORROW_100,0.705,RECOMMENDED,,TRUE
syn-0853,EVENT,183.03907328181702,HL-102,,,,,,,VIEWED,TRUE
syn-0853,RECOMMENDATION,483.8,VL-201,PERSONAL,3183200.0,60,BORROW_60_LIQUIDATE_40,0.63,RECOMMENDED,,TRUE
syn-0853,EVENT,483.3361190040636,VL-201,,,,,,,VIEWED,TRUE
syn-0855,RECOMMENDATION,340.8,HL-101,BUSINESS,2687900.0,24,LIQUIDATE_100,0.822,RECOMMENDED,,TRUE
syn-0855,EVENT,340.71044562369906,HL-101,,,,,,,DECLINED,TRUE
syn-0855,RECOMMENDATION,390.3,PL-402,MEDICAL,112200.0,120,BORROW_100,0.607,RECOMMENDED,,TRUE
syn-0855,EVENT,389.6386444818353,PL-402,,,,,,,VIEWED,TRUE
syn-0855,RECOMMENDATION,38.4,EL-303,EDUCATION,121200.0,24,BORROW_20_LIQUIDATE_80,0.314,RECOMMENDED,,TRUE
syn-0855,EVENT,37.54753772796506,EL-303,,,,,,,DECLINED,TRUE
syn-0855,RECOMMENDATION,55.7,PL-403,BUSINESS,5913200.0,24,BORROW_100,0.831,RECOMMENDED,,TRUE
syn-0855,EVENT,55.012969247250396,PL-403,,,,,,,VIEWED,TRUE
syn-0855,RECOMMENDATION,60.4,PL-401,BUSINESS,152100.0,48,LIQUIDATE_100,0.562,RECOMMENDED,,TRUE
syn-0855,EVENT,60.29038909206231,PL-401,,,,,,,VIEWED,TRUE
syn-0856,RECOMMENDATION,253.8,PL-402,HOME,1114200.0,84,BORROW_20_LIQUIDATE_80,0.33,RECOMMENDED,,TRUE
syn-0856,EVENT,253.52478203998254,PL-402,,,,,,,DECLINED,TRUE
syn-0856,RECOMMENDATION,417.2,HL-104,EDUCATION,224500.0,12,BORROW_100,0.683,RECOMMENDED,,TRUE
syn-0856,EVENT,416.392702303165,HL-104,,,,,,,ACCEPTED,TRUE
syn-0856,RECOMMENDATION,111.9,HL-102,VEHICLE,1506300.0,120,LIQUIDATE_100,0.819,RECOMMENDED,,TRUE
syn-0856,EVENT,111.78243042945984,HL-102,,,,,,,VIEWED,TRUE
syn-0856,RECOMMENDATION,23.3,VL-203,EDUCATION,270400.0,36,BORROW_40_LIQUIDATE_60,0.501,RECOMMENDED,,TRUE
syn-0856,EVENT,22.396007294664265,VL-203,,,,,,,ACCEPTED,TRUE
syn-0858,RECOMMENDATION,387.3,ML-501,PERSONAL,712200.0,48,BORROW_80_LIQUIDATE_20,0.644,RECOMMENDED,,TRUE
syn-0858,EVENT,387.25453682183127,ML-501,,,,,,,VIEWED,TRUE
syn-0858,RECOMMENDATION,1.7,VL-203,EDUCATION,188200.0,60,BORROW_20_LIQUIDATE_80,0.53,RECOMMENDED,,TRUE
syn-0858,EVENT,0.877937724936923,VL-203,,,,,,,DECLINED,TRUE
syn-0860,RECOMMENDATION,406.3,EL-302,MEDICAL,149900.0,12,BORROW_80_LIQUIDATE_20,0.531,RECOMMENDED,,TRUE
syn-0860,EVENT,405.3557759205325,EL-302,,,,,,,VIEWED,TRUE
syn-0860,RECOMMENDATION,48.0,VL-202,BUSINESS,2117400.0,48,BORROW_40_LIQUIDATE_60,0.931,RECOMMENDED,,TRUE
syn-0860,EVENT,47.24827889395832,VL-202,,,,,,,VIEWED,TRUE
syn-0860,RECOMMENDATION,132.1,VL-203,HOME,4928700.0,84,BORROW_40_LIQUIDATE_60,0.692,RECOMMENDED,,TRUE
syn-0860,EVENT,131.3244756573859,VL-203,,,,,,,ACCEPTED,TRUE
syn-0860,RECOMMENDATION,539.3,VL-203,EDUCATION,1293100.0,84,BORROW_20_LIQUIDATE_80,0.322,RECOMMENDED,,TRUE
syn-0860,EVENT,538.5270307702452,VL-203,,,,,,,ACCEPTED,TRUE
syn-0860,RECOMMENDATION,515.9,EL-301,PERSONAL,404200.0,84,BORROW_20_LIQUIDATE_80,0.505,RECOMMENDED,,TRUE
syn-0860,EVENT,515.6149272950121,EL-301,,,,,,,VIEWED,TRUE
syn-0861,RECOMMENDATION,483.2,VL-202,HOME,527600.0,60,BORROW_20_LIQUIDATE_80,0.91,RECOMMENDED,,TRUE
syn-0861,EVENT,483.0983493107538,VL-202,,,,,,,DECLINED,TRUE
syn-0861,RECOMMENDATION,141.7,VL-202,MEDICAL,5012200.0,120,BORROW_80_LIQUIDATE_20,0.8,RECOMMENDED,,TRUE
syn-0861,EVENT,141.17181966607112,VL-202,,,,,,,DECLINED,TRUE
syn-0861,RECOMMENDATION,461.9,ML-501,BUSINESS,5427500.0,120,BORROW_60_LIQUIDATE_40,0.719,RECOMMENDED,,TRUE
syn-0861,EVENT,461.16603355894927,ML-501,,,,,,,VIEWED,TRUE
syn-0861,RECOMMENDATION,364.5,VL-202,BUSINESS,529000.0,60,BORROW_60_LIQUIDATE_40,0.365,RECOMMENDED,,TRUE
syn-0861,EVENT,364.0607316728704,VL-202,,,,,,,VIEWED,TRUE
syn-0862,RECOMMENDATION,212.9,VL-203,VEHICLE,520000.0,36,BORROW_40_LIQUIDATE_60,0.567,RECOMMENDED,,TRUE
syn-0862,EVENT,212.14072072347898,VL-203,,,,,,,VIEWED,TRUE
syn-0862,RECOMMENDATION,290.0,HL-104,VEHICLE,754100.0,12,BORROW_100,0.687,RECOMMENDED,,TRUE
syn-0862,EVENT,289.49459851490917,HL-104,,,,,,,VIEWED,TRUE
syn-0862,RECOMMENDATION,397.1,PL-403,PERSONAL,209400.0,120,BORROW_20_LIQUIDATE_80,0.419,RECOMMENDED,,TRUE
syn-0862,EVENT,396.12000691133585,PL-403,,,,,,,VIEWED,TRUE
syn-0862,RECOMMENDATION,484.0,BL-602,EDUCATION,189600.0,12,BORROW_40_LIQUIDATE_60,0.928,RECOMMENDED,,TRUE
syn-0862,EVENT,483.81121648982906,BL-602,,,,,,,VIEWED,TRUE
syn-0862,RECOMMENDATION,507.0,VL-202,EDUCATION,130100.0,84,BORROW_80_LIQUIDATE_20,0.485,RECOMMENDED,,TRUE
syn-0862,EVENT,506.99085280193736,VL-202,,,,,,,VIEWED,TRUE
syn-0863,RECOMMENDATION,89.1,PL-401,PERSONAL,416700.0,24,BORROW_20_LIQUIDATE_80,0.521,RECOMMENDED,,TRUE
syn-0863,EVENT,88.31337128345498,PL-401,,,,,,,DECLINED,TRUE
syn-0863,RECOMMENDATION,474.0,ML-501,VEHICLE,483100.0,12,LIQUIDATE_100,0.348,RECOMMENDED,,TRUE
syn-0863,EVENT,473.27280277785854,ML-501,,,,,,,VIEWED,TRUE
syn-0866,RECOMMENDATION,232.1,PL-401,BUSINESS,629400.0,12,LIQUIDATE_100,0.521,RECOMMENDED,,TRUE
syn-0866,EVENT,231.5437004329454,PL-401,,,,,,,VIEWED,TRUE
syn-0873,RECOMMENDATION,24.4,EL-302,MEDICAL,137300.0,48,LIQUIDATE_100,0.795,RECOMMENDED,,TRUE
syn-0873,EVENT,24.112695050899497,EL-302,,,,,,,VIEWED,TRUE
syn-0875,RECOMMENDATION,10.4,HL-102,PERSONAL,5246700.0,48,BORROW_20_LIQUIDATE_80,0.469,RECOMMENDED,,TRUE
syn-0875,EVENT,10.175000703856439,HL-102,,,,,,,ACCEPTED,TRUE
syn-0875,RECOMMENDATION,74.7,VL-201,VEHICLE,725800.0,48,LIQUIDATE_100,0.405,RECOMMENDED,,TRUE
syn-0875,EVENT,74.01261763787521,VL-201,,,,,,,VIEWED,TRUE
syn-0875,RECOMMENDATION,108.5,PL-401,VEHICLE,182500.0,60,BORROW_20_LIQUIDATE_80,0.679,RECOMMENDED,,TRUE
syn-0875,EVENT,107.70051747056593,PL-401,,,,,,,VIEWED,TRUE
syn-0880,RECOMMENDATION,108.2,VL-201,HOME,251300.0,24,BORROW_40_LIQUIDATE_60,0.448,RECOMMENDED,,TRUE
syn-0880,EVENT,107.49597321924266,VL-201,,,,,,,DECLINED,TRUE
syn-0882,RECOMMENDATION,529.4,VL-202,HOME,686500.0,48,BORROW_40_LIQUIDATE_60,0.941,RECOMMENDED,,TRUE
syn-0882,EVENT,528.498698442671,VL-202,,,,,,,VIEWED,TRUE
syn-0882,RECOMMENDATION,4.8,BL-601,MEDICAL,1530000.0,120,BORROW_100,0.464,RECOMMENDED,,TRUE
syn-0882,EVENT,4.381330538434761,BL-601,,,,,,,ACCEPTED,TRUE
syn-0882,RECOMMENDATION,315.1,HL-101,VEHICLE,3260900.0,60,LIQUIDATE_100,0.707,RECOMMENDED,,TRUE
syn-0882,EVENT,314.6796994414828,HL-101,,,,,,,VIEWED,TRUE
syn-0883,RECOMMENDATION,139.6,VL-201,MEDICAL,572600.0,48,LIQUIDATE_100,0.911,RECOMMENDED,,TRUE
syn-0883,EVENT,138.7981022491785,VL-201,,,,,,,DECLINED,TRUE
syn-0883,RECOMMENDATION,322.5,HL-103,BUSINESS,462800.0,60,BORROW_100,0.676,RECOMMENDED,,TRUE
syn-0883,EVENT,322.4728446890795,HL-103,,,,,,,ACCEPTED,TRUE
syn-0883,RECOMMENDATION,227.1,BL-601,EDUCATION,506100.0,36,LIQUIDATE_100,0.919,RECOMMENDED,,TRUE
syn-0883,EVENT,226.29147236934338,BL-601,,,,,,,DECLINED,TRUE
syn-0883,RECOMMENDATION,271.7,HL-104,HOME,570100.0,120,BORROW_60_LIQUIDATE_40,0.316,RECOMMENDED,,TRUE
syn-0883,EVENT,271.3261900016385,HL-104,,,,,,,VIEWED,TRUE
syn-0884,RECOMMENDATION,97.1,EL-302,PERSONAL,2308700.0,48,LIQUIDATE_100,0.732,RECOMMENDED,,TRUE
syn-0884,EVENT,96.86219270788825,EL-302,,,,,,,ACCEPTED,TRUE
syn-0884,RECOMMENDATION,355.2,EL-303,VEHICLE,102700.0,84,BORROW_60_LIQUIDATE_40,0.794,RECOMMENDED,,TRUE
syn-0884,EVENT,355.13953365457303,EL-303,,,,,,,VIEWED,TRUE
syn-0884,RECOMMENDATION,197.0,HL-103,BUSINESS,151500.0,24,BORROW_20_LIQUIDATE_80,0.934,RECOMMENDED,,TRUE
syn-0884,EVENT,196.2118496795046,HL-103,,,,,,,DECLINED,TRUE
syn-0884,RECOMMENDATION,482.7,EL-302,BUSINESS,653400.0,36,BORROW_60_LIQUIDATE_40,0.606,RECOMMENDED,,TRUE
syn-0884,EVENT,482.5755552416872,EL-302,,,,,,,VIEWED,TRUE
syn-0889,RECOMMENDATION,240.3,BL-602,VEHICLE,932700.0,36,BORROW_60_LIQUIDATE_40,0.629,RECOMMENDED,,TRUE
syn-0889,EVENT,239.35115516973693,BL-602,,,,,,,ACCEPTED,TRUE
syn-0889,RECOMMENDATION,240.1,ML-501,VEHICLE,313400.0,60,LIQUIDATE_100,0.435,RECOMMENDED,,TRUE
syn-0889,EVENT,239.77225568107295,ML-501,,,,,,,DECLINED,TRUE
syn-0889,RECOMMENDATION,415.2,ML-501,EDUCATION,135000.0,24,BORROW_100,0.612,RECOMMENDED,,TRUE
syn-0889,EVENT,414.61056487177586,ML-501,,,,,,,VIEWED,TRUE
syn-0889,RECOMMENDATION,411.8,HL-104,EDUCATION,859200.0,48,BORROW_40_LIQUIDATE_60,0.568,RECOMMENDED,,TRUE
syn-0889,EVENT,411.388138206832,HL-104,,,,,,,VIEWED,TRUE
syn-0889,RECOMMENDATION,252.6,HL-104,VEHICLE,122200.0,48,BORROW_20_LIQUIDATE_80,0.462,RECOMMENDED,,TRUE
syn-0889,EVENT,252.29321127411316,HL-104,,,,,,,ACCEPTED,TRUE
syn-0898,RECOMMENDATION,418.2,BL-602,BUSINESS,1132200.0,48,BORROW_60_LIQUIDATE_40,0.727,RECOMMENDED,,TRUE
syn-0898,EVENT,418.09289336378754,BL-602,,,,,,,ACCEPTED,TRUE
syn-0898,RECOMMENDATION,459.8,EL-303,VEHICLE,1432800.0,120,BORROW_80_LIQUIDATE_20,0.912,RECOMMENDED,,TRUE
syn-0898,EVENT,459.1550893361136,EL-303,,,,,,,VIEWED,TRUE
syn-0898,RECOMMENDATION,55.4,HL-102,PERSONAL,625700.0,84,BORROW_80_LIQUIDATE_20,0.778,RECOMMENDED,,TRUE
syn-0898,EVENT,55.3343347591004,HL-102,,,,,,,VIEWED,TRUE
syn-0898,RECOMMENDATION,166.3,ML-501,PERSONAL,352300.0,120,BORROW_40_LIQUIDATE_60,0.912,RECOMMENDED,,TRUE
syn-0898,EVENT,166.02113957483286,ML-501,,,,,,,VIEWED,TRUE
syn-0898,RECOMMENDATION,407.1,PL-403,EDUCATION,205400.0,36,BORROW_60_LIQUIDATE_40,0.56,RECOMMENDED,,TRUE
syn-0898,EVENT,406.42310639865616,PL-403,,,,,,,ACCEPTED,TRUE
syn-0900,RECOMMENDATION,474.6,HL-104,MEDICAL,220200.0,120,BORROW_100,0.81,RECOMMENDED,,TRUE
syn-0900,EVENT,473.77838111935256,HL-104,,,,,,,ACCEPTED,TRUE
syn-0903,RECOMMENDATION,125.6,EL-302,HOME,1422100.0,12,BORROW_100,0.648,RECOMMENDED,,TRUE
syn-0903,EVENT,125.23400315265566,EL-302,,,,,,,VIEWED,TRUE
syn-0903,RECOMMENDATION,519.4,PL-403,EDUCATION,1479300.0,36,BORROW_40_LIQUIDATE_60,0.409,RECOMMENDED,,TRUE
syn-0903,EVENT,519.0954115687305,PL-403,,,,,,,DECLINED,TRUE
syn-0903,RECOMMENDATION,142.8,BL-601,EDUCATION,487900.0,60,BORROW_20_LIQUIDATE_80,0.358,RECOMMENDED,,TRUE
syn-0903,EVENT,142.61721153391045,BL-601,,,,,,,DECLINED,TRUE
syn-0903,RECOMMENDATION,207.2,PL-402,BUSINESS,100200.0,48,BORROW_100,0.709,RECOMMENDED,,TRUE
syn-0903,EVENT,206.5204098038158,PL-402,,,,,,,ACCEPTED,TRUE
syn-0905,RECOMMENDATION,272.6,HL-101,EDUCATION,284600.0,12,BORROW_100,0.804,RECOMMENDED,,TRUE
syn-0905,EVENT,271.99073793263847,HL-101,,,,,,,DECLINED,TRUE
syn-0905,RECOMMENDATION,117.1,ML-501,EDUCATION,235600.0,24,BORROW_60_LIQUIDATE_40,0.578,RECOMMENDED,,TRUE
syn-0905,EVENT,116.21637927317896,ML-501,,,,,,,VIEWED,TRUE
syn-0905,RECOMMENDATION,329.0,HL-104,VEHICLE,2650800.0,24,LIQUIDATE_100,0.335,RECOMMENDED,,TRUE
syn-0905,EVENT,328.58828115280227,HL-104,,,,,,,ACCEPTED,TRUE
syn-0906,RECOMMENDATION,225.6,PL-401,HOME,149200.0,60,BORROW_80_LIQUIDATE_20,0.898,RECOMMENDED,,TRUE
syn-0906,EVENT,225.427673377702,PL-401,,,,,,,DECLINED,TRUE
syn-0906,RECOMMENDATION,81.8,BL-601,MEDICAL,585300.0,84,BORROW_80_LIQUIDATE_20,0.537,RECOMMENDED,,TRUE
syn-0906,EVENT,81.17230587678449,BL-601,,,,,,,DECLINED,TRUE
syn-0907,RECOMMENDATION,93.5,BL-601,HOME,3650400.0,84,BORROW_60_LIQUIDATE_40,0.567,RECOMMENDED,,TRUE
syn-0907,EVENT,92.71693899692384,BL-601,,,,,,,ACCEPTED,TRUE
syn-0907,RECOMMENDATION,114.7,HL-101,HOME,116000.0,48,LIQUIDATE_100,0.316,RECOMMENDED,,TRUE
syn-0907,EVENT,114.37727295013673,HL-101,,,,,,,ACCEPTED,TRUE
syn-0907,RECOMMENDATION,450.0,ML-501,VEHICLE,152600.0,84,LIQUIDATE_100,0.431,RECOMMENDED,,TRUE
syn-0907,EVENT,449.36146868057847,ML-501,,,,,,,ACCEPTED,TRUE
syn-0908,RECOMMENDATION,401.2,ML-501,BUSINESS,372400.0,84,BORROW_80_LIQUIDATE_20,0.644,RECOMMENDED,,TRUE
syn-0908,EVENT,400.8659041529521,ML-501,,,,,,,ACCEPTED,TRUE
syn-0910,RECOMMENDATION,418.7,HL-103,PERSONAL,937800.0,36,LIQUIDATE_100,0.832,RECOMMENDED,,TRUE
syn-0910,EVENT,417.91676624140933,HL-103,,,,,,,VIEWED,TRUE
syn-0910,RECOMMENDATION,391.1,BL-602,PERSONAL,644500.0,84,BORROW_100,0.342,RECOMMENDED,,TRUE
syn-0910,EVENT,390.7132010612372,BL-602,,,,,,,DECLINED,TRUE
syn-0910,RECOMMENDATION,168.2,VL-203,HOME,707000.0,36,BORROW_20_LIQUIDATE_80,0.365,RECOMMENDED,,TRUE
syn-0910,EVENT,167.2602014714919,VL-203,,,,,,,DECLINED,TRUE
syn-0912,RECOMMENDATION,441.3,EL-302,MEDICAL,5100700.0,36,LIQUIDATE_100,0.446,RECOMMENDED,,TRUE
syn-0912,EVENT,440.3361687465523,EL-302,,,,,,,VIEWED,TRUE
syn-0912,RECOMMENDATION,418.5,HL-101,PERSONAL,270900.0,120,LIQUIDATE_100,0.876,RECOMMENDED,,TRUE
syn-0912,EVENT,418.06558540799864,HL-101,,,,,,,DECLINED,TRUE
syn-0912,RECOMMENDATION,342.3,HL-104,VEHICLE,1563500.0,36,BORROW_40_LIQUIDATE_60,0.749,RECOMMENDED,,TRUE
syn-0912,EVENT,341.53540864565065,HL-104,,,,,,,VIEWED,TRUE
syn-0917,RECOMMENDATION,386.0,VL-203,HOME,3392900.0,12,BORROW_60_LIQUIDATE_40,0.476,RECOMMENDED,,TRUE
syn-0917,EVENT,385.9930066732738,VL-203,,,,,,,VIEWED,TRUE
syn-0917,RECOMMENDATION,123.5,EL-303,VEHICLE,1524700.0,48,BORROW_20_LIQUIDATE_80,0.815,RECOMMENDED,,TRUE
syn-0917,EVENT,122.94274248756088,EL-303,,,,,,,VIEWED,TRUE
syn-0917,RECOMMENDATION,512.2,EL-302,EDUCATION,3188300.0,24,BORROW_40_LIQUIDATE_60,0.629,RECOMMENDED,,TRUE
syn-0917,EVENT,511.9112374436872,EL-302,,,,,,,VIEWED,TRUE
syn-0917,RECOMMENDATION,406.3,HL-104,VEHICLE,2035000.0,60,BORROW_100,0.933,RECOMMENDED,,TRUE
syn-0917,EVENT,406.0929861226564,HL-104,,,,,,,DECLINED,TRUE
syn-0918,RECOMMENDATION,496.9,PL-403,BUSINESS,510300.0,120,BORROW_20_LIQUIDATE_80,0.33,RECOMMENDED,,TRUE
syn-0918,EVENT,496.6912197482663,PL-403,,,,,,,ACCEPTED,TRUE
syn-0918,RECOMMENDATION,465.8,EL-302,HOME,601500.0,48,BORROW_20_LIQUIDATE_80,0.784,RECOMMENDED,,TRUE
syn-0918,EVENT,465.1707544991857,EL-302,,,,,,,VIEWED,TRUE
syn-0920,RECOMMENDATION,238.6,PL-402,BUSINESS,507100.0,12,LIQUIDATE_100,0.841,RECOMMENDED,,TRUE
syn-0920,EVENT,238.58758035140215,PL-402,,,,,,,VIEWED,TRUE
syn-0920,RECOMMENDATION,420.8,VL-202,VEHICLE,1124900.0,120,BORROW_20_LIQUIDATE_80,0.837,RECOMMENDED,,TRUE
syn-0920,EVENT,420.4350491339698,VL-202,,,,,,,VIEWED,TRUE
syn-0925,RECOMMENDATION,348.7,HL-104,BUSINESS,156500.0,60,BORROW_100,0.591,RECOMMENDED,,TRUE
syn-0925,EVENT,347.950935768052,HL-104,,,,,,,DECLINED,TRUE
syn-0925,RECOMMENDATION,221.5,HL-103,MEDICAL,465700.0,120,BORROW_40_LIQUIDATE_60,0.347,RECOMMENDED,,TRUE
syn-0925,EVENT,220.65043032076284,HL-103,,,,,,,ACCEPTED,TRUE
syn-0925,RECOMMENDATION,464.3,HL-102,HOME,3861500.0,48,BORROW_100,0.83,RECOMMENDED,,TRUE
syn-0925,EVENT,463.37882697637093,HL-102,,,,,,,DECLINED,TRUE
syn-0925,RECOMMENDATION,428.0,HL-104,MEDICAL,288900.0,24,BORROW_20_LIQUIDATE_80,0.746,RECOMMENDED,,TRUE
syn-0925,EVENT,427.3568067956103,HL-104,,,,,,,ACCEPTED,TRUE
syn-0926,RECOMMENDATION,145.8,VL-202,HOME,414700.0,48,BORROW_80_LIQUIDATE_20,0.381,RECOMMENDED,,TRUE
syn-0926,EVENT,145.38496047364077,VL-202,,,,,,,VIEWED,TRUE
syn-0929,RECOMMENDATION,196.6,EL-303,EDUCATION,181100.0,36,BORROW_20_LIQUIDATE_80,0.935,RECOMMENDED,,TRUE
syn-0929,EVENT,196.07248813744627,EL-303,,,,,,,DECLINED,TRUE
syn-0929,RECOMMENDATION,41.3,HL-101,HOME,183300.0,120,BORROW_80_LIQUIDATE_20,0.682,RECOMMENDED,,TRUE
syn-0929,EVENT,41.18843547890561,HL-101,,,,,,,ACCEPTED,TRUE
syn-0929,RECOMMENDATION,132.9,VL-203,EDUCATION,1161600.0,48,BORROW_80_LIQUIDATE_20,0.76,RECOMMENDED,,TRUE
syn-0929,EVENT,132.5564030552558,VL-203,,,,,,,DECLINED,TRUE
syn-0929,RECOMMENDATION,88.2,HL-102,EDUCATION,1278900.0,12,BORROW_20_LIQUIDATE_80,0.513,RECOMMENDED,,TRUE
syn-0929,EVENT,87.85166189745172,HL-102,,,,,,,VIEWED,TRUE
syn-0932,RECOMMENDATION,409.4,HL-103,BUSINESS,6082200.0,120,LIQUIDATE_100,0.948,RECOMMENDED,,TRUE
syn-0932,EVENT,409.02439288395993,HL-103,,,,,,,VIEWED,TRUE
syn-0932,RECOMMENDATION,415.1,HL-104,MEDICAL,148700.0,60,BORROW_60_LIQUIDATE_40,0.505,RECOMMENDED,,TRUE
syn-0932,EVENT,414.3134511338121,HL-104,,,,,,,VIEWED,TRUE
syn-0934,RECOMMENDATION,245.7,VL-202,HOME,858500.0,24,BORROW_40_LIQUIDATE_60,0.413,RECOMMENDED,,TRUE
syn-0934,EVENT,245.21472044839504,VL-202,,,,,,,VIEWED,TRUE
syn-0934,RECOMMENDATION,110.2,EL-301,BUSINESS,565200.0,60,BORROW_20_LIQUIDATE_80,0.398,RECOMMENDED,,TRUE
syn-0934,EVENT,110.11311666127203,EL-301,,,,,,,VIEWED,TRUE
syn-0935,RECOMMENDATION,160.6,HL-101,EDUCATION,277600.0,12,BORROW_60_LIQUIDATE_40,0.424,RECOMMENDED,,TRUE
syn-0935,EVENT,160.1582958053153,HL-101,,,,,,,VIEWED,TRUE
syn-0936,RECOMMENDATION,460.3,VL-202,PERSONAL,402800.0,48,BORROW_20_LIQUIDATE_80,0.339,RECOMMENDED,,TRUE
syn-0936,EVENT,459.77467824224817,VL-202,,,,,,,DECLINED,TRUE
syn-0936,RECOMMENDATION,177.8,ML-501,VEHICLE,1850900.0,60,LIQUIDATE_100,0.451,RECOMMENDED,,TRUE
syn-0936,EVENT,177.05753407641956,ML-501,,,,,,,VIEWED,TRUE
syn-0936,RECOMMENDATION,429.4,HL-102,HOME,364600.0,60,BORROW_80_LIQUIDATE_20,0.441,RECOMMENDED,,TRUE
syn-0936,EVENT,428.426787038732,HL-102,,,,,,,DECLINED,TRUE
syn-0943,RECOMMENDATION,19.9,EL-302,PERSONAL,5377600.0,48,LIQUIDATE_100,0.669,RECOMMENDED,,TRUE
syn-0943,EVENT,19.306458530249344,EL-302,,,,,,,VIEWED,TRUE
syn-0943,RECOMMENDATION,37.3,HL-103,MEDICAL,5472400.0,24,BORROW_40_LIQUIDATE_60,0.649,RECOMMENDED,,TRUE
syn-0943,EVENT,36.87107585013319,HL-103,,,,,,,VIEWED,TRUE
syn-0943,RECOMMENDATION,2.6,BL-601,VEHICLE,113900.0,120,BORROW_80_LIQUIDATE_20,0.904,RECOMMENDED,,TRUE
syn-0943,EVENT,1.8454955236308153,BL-601,,,,,,,ACCEPTED,TRUE
syn-0943,RECOMMENDATION,474.7,PL-403,EDUCATION,2192100.0,120,BORROW_20_LIQUIDATE_80,0.84,RECOMMENDED,,TRUE
syn-0943,EVENT,473.82862730256954,PL-403,,,,,,,VIEWED,TRUE
syn-0944,RECOMMENDATION,473.9,VL-201,PERSONAL,1098000.0,120,LIQUIDATE_100,0.543,RECOMMENDED,,TRUE
syn-0944,EVENT,473.64786458902734,VL-201,,,,,,,VIEWED,TRUE
syn-0946,RECOMMENDATION,350.3,PL-403,VEHICLE,289100.0,24,BORROW_60_LIQUIDATE_40,0.776,RECOMMENDED,,TRUE
syn-0946,EVENT,349.61816421329803,PL-403,,,,,,,VIEWED,TRUE
syn-0947,RECOMMENDATION,328.9,ML-501,MEDICAL,866300.0,36,LIQUIDATE_100,0.734,RECOMMENDED,,TRUE
syn-0947,EVENT,328.1174419718932,ML-501,,,,,,,VIEWED,TRUE
syn-0947,RECOMMENDATION,482.6,PL-402,MEDICAL,197000.0,120,BORROW_40_LIQUIDATE_60,0.486,RECOMMENDED,,TRUE
syn-0947,EVENT,481.7239709522924,PL-402,,,,,,,DECLINED,TRUE
syn-0947,RECOMMENDATION,202.7,PL-401,PERSONAL,3833100.0,24,LIQUIDATE_100,0.573,RECOMMENDED,,TRUE
syn-0947,EVENT,202.27817090267826,PL-401,,,,,,,DECLINED,TRUE
syn-0947,RECOMMENDATION,237.0,BL-601,PERSONAL,1197000.0,84,BORROW_100,0.933,RECOMMENDED,,TRUE
syn-0947,EVENT,236.81504351401279,BL-601,,,,,,,VIEWED,TRUE
syn-0947,RECOMMENDATION,498.2,PL-402,BUSINESS,6223600.0,84,BORROW_80_LIQUIDATE_20,0.662,RECOMMENDED,,TRUE
syn-0947,EVENT,497.7626247240552,PL-402,,,,,,,VIEWED,TRUE
syn-0948,RECOMMENDATION,74.7,PL-401,PERSONAL,6190100.0,12,BORROW_80_LIQUIDATE_20,0.722,RECOMMENDED,,TRUE
syn-0948,EVENT,74.64679136992066,PL-401,,,,,,,DECLINED,TRUE
syn-0948,RECOMMENDATION,439.7,HL-102,PERSONAL,4176900.0,48,BORROW_100,0.615,RECOMMENDED,,TRUE
syn-0948,EVENT,439.17930728508276,HL-102,,,,,,,ACCEPTED,TRUE
syn-0948,RECOMMENDATION,467.2,EL-303,MEDICAL,1087500.0,120,LIQUIDATE_100,0.489,RECOMMENDED,,TRUE
syn-0948,EVENT,466.88950522962506,EL-303,,,,,,,VIEWED,TRUE
syn-0950,RECOMMENDATION,156.6,BL-601,MEDICAL,5424300.0,84,BORROW_60_LIQUIDATE_40,0.918,RECOMMENDED,,TRUE
syn-0950,EVENT,155.83337042276338,BL-601,,,,,,,ACCEPTED,TRUE
syn-0950,RECOMMENDATION,39.0,ML-501,EDUCATION,1573300.0,120,BORROW_100,0.622,RECOMMENDED,,TRUE
syn-0950,EVENT,38.3935498698286,ML-501,,,,,,,VIEWED,TRUE
syn-0950,RECOMMENDATION,375.3,PL-403,PERSONAL,1128800.0,24,BORROW_20_LIQUIDATE_80,0.383,RECOMMENDED,,TRUE
syn-0950,EVENT,374.4956766420589,PL-403,,,,,,,DECLINED,TRUE
syn-0950,RECOMMENDATION,415.9,VL-202,MEDICAL,324900.0,48,BORROW_60_LIQUIDATE_40,0.706,RECOMMENDED,,TRUE
syn-0950,EVENT,415.42673650418334,VL-202,,,,,,,VIEWED,TRUE
syn-0956,RECOMMENDATION,385.7,HL-103,BUSINESS,307800.0,12,BORROW_100,0.442,RECOMMENDED,,TRUE
syn-0956,EVENT,384.8143887340257,HL-103,,,,,,,VIEWED,TRUE
syn-0956,RECOMMENDATION,535.9,VL-202,VEHICLE,192200.0,12,BORROW_100,0.909,RECOMMENDED,,TRUE
syn-0956,EVENT,535.651888622926,VL-202,,,,,,,VIEWED,TRUE
syn-0956,RECOMMENDATION,527.7,EL-302,BUSINESS,232600.0,24,BORROW_100,0.498,RECOMMENDED,,TRUE
syn-0956,EVENT,527.3374409892953,EL-302,,,,,,,VIEWED,TRUE
syn-0958,RECOMMENDATION,343.1,PL-403,PERSONAL,495200.0,36,LIQUIDATE_100,0.802,RECOMMENDED,,TRUE
syn-0958,EVENT,343.0226221294399,PL-403,,,,,,,ACCEPTED,TRUE
syn-0958,RECOMMENDATION,525.9,EL-302,BUSINESS,1591600.0,60,BORROW_40_LIQUIDATE_60,0.415,RECOMMENDED,,TRUE
syn-0958,EVENT,525.7640608696016,EL-302,,,,,,,ACCEPTED,TRUE
syn-0958,RECOMMENDATION,15.2,PL-401,MEDICAL,812700.0,120,BORROW_100,0.817,RECOMMENDED,,TRUE
syn-0958,EVENT,14.725188942458802,PL-401,,,,,,,VIEWED,TRUE
syn-0958,RECOMMENDATION,416.9,VL-203,VEHICLE,152100.0,120,LIQUIDATE_100,0.69,RECOMMENDED,,TRUE
syn-0958,EVENT,415.93746329780066,VL-203,,,,,,,DECLINED,TRUE
syn-0963,RECOMMENDATION,15.0,HL-104,EDUCATION,4135600.0,12,LIQUIDATE_100,0.366,RECOMMENDED,,TRUE
syn-0963,EVENT,14.875400362410174,HL-104,,,,,,,DECLINED,TRUE
syn-0963,RECOMMENDATION,458.5,EL-302,BUSINESS,304700.0,36,BORROW_80_LIQUIDATE_20,0.522,RECOMMENDED,,TRUE
syn-0963,EVENT,458.32041782979024,EL-302,,,,,,,DECLINED,TRUE
syn-0963,RECOMMENDATION,150.0,BL-601,PERSONAL,464800.0,12,BORROW_100,0.679,RECOMMENDED,,TRUE
syn-0963,EVENT,149.89911737078975,BL-601,,,,,,,ACCEPTED,TRUE
syn-0963,RECOMMENDATION,88.7,BL-601,BUSINESS,352200.0,12,BORROW_80_LIQUIDATE_20,0.599,RECOMMENDED,,TRUE
syn-0963,EVENT,88.41697577866937,BL-601,,,,,,,VIEWED,TRUE
syn-0963,RECOMMENDATION,513.2,VL-203,PERSONAL,229100.0,36,BORROW_80_LIQUIDATE_20,0.413,RECOMMENDED,,TRUE
syn-0963,EVENT,512.8319509498012,VL-203,,,,,,,ACCEPTED,TRUE
syn-0964,RECOMMENDATION,237.1,HL-103,MEDICAL,4739400.0,48,BORROW_80_LIQUIDATE_20,0.71,RECOMMENDED,,TRUE
syn-0964,EVENT,236.919421996597,HL-103,,,,,,,DECLINED,TRUE
syn-0964,RECOMMENDATION,452.1,ML-501,EDUCATION,772700.0,24,BORROW_40_LIQUIDATE_60,0.705,RECOMMENDED,,TRUE
syn-0964,EVENT,451.66431428003364,ML-501,,,,,,,VIEWED,TRUE
syn-0964,RECOMMENDATION,176.9,EL-302,EDUCATION,4669100.0,60,BORROW_20_LIQUIDATE_80,0.709,RECOMMENDED,,TRUE
syn-0964,EVENT,176.1037882341998,EL-302,,,,,,,ACCEPTED,TRUE
syn-0964,RECOMMENDATION,469.8,VL-202,BUSINESS,2784000.0,36,BORROW_80_LIQUIDATE_20,0.682,RECOMMENDED,,TRUE
syn-0964,EVENT,469.1196539413763,VL-202,,,,,,,VIEWED,TRUE
syn-0967,RECOMMENDATION,464.3,VL-202,HOME,2303300.0,48,BORROW_40_LIQUIDATE_60,0.32,RECOMMENDED,,TRUE
syn-0967,EVENT,463.6010317147667,VL-202,,,,,,,VIEWED,TRUE
syn-0967,RECOMMENDATION,372.3,BL-602,PERSONAL,478100.0,84,BORROW_100,0.89,RECOMMENDED,,TRUE
syn-0967,EVENT,372.09529280160234,BL-602,,,,,,,ACCEPTED,TRUE
syn-0967,RECOMMENDATION,371.8,HL-103,HOME,188500.0,36,BORROW_60_LIQUIDATE_40,0.397,RECOMMENDED,,TRUE
syn-0967,EVENT,371.33098090282596,HL-103,,,,,,,DECLINED,TRUE
syn-0967,RECOMMENDATION,356.0,EL-301,PERSONAL,114500.0,24,BORROW_100,0.671,RECOMMENDED,,TRUE
syn-0967,EVENT,355.83009663345536,EL-301,,,,,,,DECLINED,TRUE
syn-0967,RECOMMENDATION,346.3,HL-104,PERSONAL,2503000.0,24,BORROW_40_LIQUIDATE_60,0.61,RECOMMENDED,,TRUE
syn-0967,EVENT,346.2505221189242,HL-104,,,,,,,VIEWED,TRUE
syn-0975,RECOMMENDATION,62.4,PL-401,VEHICLE,624900.0,36,BORROW_60_LIQUIDATE_40,0.708,RECOMMENDED,,TRUE
syn-0975,EVENT,62.05559105123669,PL-401,,,,,,,VIEWED,TRUE
syn-0975,RECOMMENDATION,173.0,PL-402,PERSONAL,3869300.0,48,BORROW_100,0.47,RECOMMENDED,,TRUE
syn-0975,EVENT,172.22177016502414,PL-402,,,,,,,VIEWED,TRUE
syn-0975,RECOMMENDATION,101.8,EL-303,MEDICAL,831200.0,12,BORROW_40_LIQUIDATE_60,0.946,RECOMMENDED,,TRUE
syn-0975,EVENT,101.63476965026857,EL-303,,,,,,,VIEWED,TRUE
syn-0975,RECOMMENDATION,485.6,VL-203,MEDICAL,3120600.0,24,BORROW_80_LIQUIDATE_20,0.343,RECOMMENDED,,TRUE
syn-0975,EVENT,485.08394019583903,VL-203,,,,,,,VIEWED,TRUE
syn-0975,RECOMMENDATION,55.5,PL-402,HOME,4871300.0,120,LIQUIDATE_100,0.909,RECOMMENDED,,TRUE
syn-0975,EVENT,55.32423924966789,PL-402,,,,,,,VIEWED,TRUE
syn-0977,RECOMMENDATION,1.7,EL-303,MEDICAL,106700.0,24,BORROW_100,0.414,RECOMMENDED,,TRUE
syn-0977,EVENT,1.4747042175948892,EL-303,,,,,,,VIEWED,TRUE
syn-0977,RECOMMENDATION,523.5,PL-401,BUSINESS,235900.0,36,BORROW_80_LIQUIDATE_20,0.356,RECOMMENDED,,TRUE
syn-0977,EVENT,522.5722371876772,PL-401,,,,,,,VIEWED,TRUE
syn-0977,RECOMMENDATION,442.2,EL-301,VEHICLE,625900.0,120,BORROW_60_LIQUIDATE_40,0.46,RECOMMENDED,,TRUE
syn-0977,EVENT,441.39638132207637,EL-301,,,,,,,VIEWED,TRUE
syn-0978,RECOMMENDATION,396.2,HL-103,MEDICAL,286400.0,24,LIQUIDATE_100,0.762,RECOMMENDED,,TRUE
syn-0978,EVENT,395.73945122315786,HL-103,,,,,,,VIEWED,TRUE
syn-0978,RECOMMENDATION,349.2,PL-402,VEHICLE,2902400.0,36,LIQUIDATE_100,0.906,RECOMMENDED,,TRUE
syn-0978,EVENT,348.42630034239795,PL-402,,,,,,,ACCEPTED,TRUE
syn-0978,RECOMMENDATION,259.7,EL-301,HOME,140000.0,36,BORROW_100,0.789,RECOMMENDED,,TRUE
syn-0978,EVENT,259.6267762091191,EL-301,,,,,,,ACCEPTED,TRUE
syn-0980,RECOMMENDATION,27.1,VL-201,BUSINESS,1196700.0,120,BORROW_60_LIQUIDATE_40,0.662,RECOMMENDED,,TRUE
syn-0980,EVENT,26.750920719885965,VL-201,,,,,,,DECLINED,TRUE
syn-0980,RECOMMENDATION,40.4,VL-203,MEDICAL,101400.0,36,BORROW_80_LIQUIDATE_20,0.819,RECOMMENDED,,TRUE
syn-0980,EVENT,40.340332312170425,VL-203,,,,,,,VIEWED,TRUE
syn-0980,RECOMMENDATION,51.1,HL-101,EDUCATION,3608500.0,84,BORROW_80_LIQUIDATE_20,0.8,RECOMMENDED,,TRUE
syn-0980,EVENT,50.91162116019342,HL-101,,,,,,,DECLINED,TRUE
syn-0980,RECOMMENDATION,395.2,EL-302,MEDICAL,747500.0,36,BORROW_100,0.459,RECOMMENDED,,TRUE
syn-0980,EVENT,395.1149513860149,EL-302,,,,,,,DECLINED,TRUE
syn-0982,RECOMMENDATION,84.3,HL-101,MEDICAL,1007400.0,60,BORROW_40_LIQUIDATE_60,0.776,RECOMMENDED,,TRUE
syn-0982,EVENT,84.19416316769372,HL-101,,,,,,,VIEWED,TRUE
syn-0983,RECOMMENDATION,504.3,PL-402,EDUCATION,2500000.0,12,BORROW_40_LIQUIDATE_60,0.615,RECOMMENDED,,TRUE
syn-0983,EVENT,503.6602553721915,PL-402,,,,,,,ACCEPTED,TRUE
syn-0988,RECOMMENDATION,145.3,BL-601,BUSINESS,485200.0,84,BORROW_100,0.802,RECOMMENDED,,TRUE
syn-0988,EVENT,144.67672768635384,BL-601,,,,,,,ACCEPTED,TRUE
syn-0988,RECOMMENDATION,355.3,VL-201,PERSONAL,3766100.0,36,BORROW_40_LIQUIDATE_60,0.443,RECOMMENDED,,TRUE
syn-0988,EVENT,354.86830101853235,VL-201,,,,,,,DECLINED,TRUE
syn-0988,RECOMMENDATION,55.8,PL-401,BUSINESS,1420600.0,24,LIQUIDATE_100,0.824,RECOMMENDED,,TRUE
syn-0988,EVENT,55.08022604456972,PL-401,,,,,,,VIEWED,TRUE
syn-0989,RECOMMENDATION,7.9,HL-101,HOME,863200.0,24,BORROW_80_LIQUIDATE_20,0.343,RECOMMENDED,,TRUE
syn-0989,EVENT,6.935187220074777,HL-101,,,,,,,DECLINED,TRUE
syn-0989,RECOMMENDATION,54.5,VL-202,HOME,1295200.0,60,BORROW_100,0.86,RECOMMENDED,,TRUE
syn-0989,EVENT,54.42025534510089,VL-202,,,,,,,VIEWED,TRUE
syn-0990,RECOMMENDATION,208.7,EL-301,HOME,2701000.0,120,BORROW_100,0.392,RECOMMENDED,,TRUE
syn-0990,EVENT,208.48722771618307,EL-301,,,,,,,VIEWED,TRUE
syn-0990,RECOMMENDATION,300.2,EL-303,EDUCATION,2763800.0,60,BORROW_40_LIQUIDATE_60,0.497,RECOMMENDED,,TRUE
syn-0990,EVENT,299.40604714883494,EL-303,,,,,,,VIEWED,TRUE
syn-0990,RECOMMENDATION,477.2,HL-101,HOME,2693000.0,84,BORROW_100,0.304,RECOMMENDED,,TRUE
syn-0990,EVENT,476.78107727450845,HL-101,,,,,,,VIEWED,TRUE
syn-0990,RECOMMENDATION,220.9,ML-501,HOME,2933800.0,24,BORROW_60_LIQUIDATE_40,0.429,RECOMMENDED,,TRUE
syn-0990,EVENT,220.60338903973098,ML-501,,,,,,,VIEWED,TRUE
syn-0990,RECOMMENDATION,250.2,HL-101,EDUCATION,276100.0,24,BORROW_100,0.345,RECOMMENDED,,TRUE
syn-0990,EVENT,249.74698016837,HL-101,,,,,,,ACCEPTED,TRUE
syn-0991,RECOMMENDATION,350.7,BL-601,HOME,864400.0,24,LIQUIDATE_100,0.821,RECOMMENDED,,TRUE
syn-0991,EVENT,350.2482244564597,BL-601,,,,,,,VIEWED,TRUE
syn-0991,RECOMMENDATION,218.2,BL-602,EDUCATION,1474400.0,24,LIQUIDATE_100,0.672,RECOMMENDED,,TRUE
syn-0991,EVENT,217.40101623934876,BL-602,,,,,,,ACCEPTED,TRUE
syn-0994,RECOMMENDATION,112.9,VL-202,BUSINESS,5815900.0,48,LIQUIDATE_100,0.941,RECOMMENDED,,TRUE
syn-0994,EVENT,112.61648342886546,VL-202,,,,,,,DECLINED,TRUE
syn-0994,RECOMMENDATION,337.2,HL-104,MEDICAL,340500.0,120,BORROW_40_LIQUIDATE_60,0.579,RECOMMENDED,,TRUE
syn-0994,EVENT,337.16569022091187,HL-104,,,,,,,DECLINED,TRUE
syn-0996,RECOMMENDATION,340.6,HL-102,MEDICAL,546400.0,48,BORROW_40_LIQUIDATE_60,0.301,RECOMMENDED,,TRUE
syn-0996,EVENT,340.0312122322541,HL-102,,,,,,,VIEWED,TRUE
syn-0996,RECOMMENDATION,331.0,VL-202,PERSONAL,3402500.0,84,BORROW_60_LIQUIDATE_40,0.527,RECOMMENDED,,TRUE
syn-0996,EVENT,330.2942623727399,VL-202,,,,,,,DECLINED,TRUE
syn-0996,RECOMMENDATION,430.4,PL-403,HOME,718200.0,12,BORROW_40_LIQUIDATE_60,0.94,RECOMMENDED,,TRUE
syn-0996,EVENT,429.777171975518,PL-403,,,,,,,DECLINED,TRUE
syn-0996,RECOMMENDATION,496.1,EL-302,VEHICLE,1698000.0,120,BORROW_20_LIQUIDATE_80,0.869,RECOMMENDED,,TRUE
syn-0996,EVENT,495.16997374920146,EL-302,,,,,,,VIEWED,TRUE
syn-0999,RECOMMENDATION,488.2,HL-102,MEDICAL,2485700.0,36,BORROW_80_LIQUIDATE_20,0.616,RECOMMENDED,,TRUE
syn-0999,EVENT,487.47539003032625,HL-102,,,,,,,VIEWED,TRUE
syn-0999,RECOMMENDATION,435.3,VL-202,HOME,1379300.0,120,BORROW_20_LIQUIDATE_80,0.579,RECOMMENDED,,TRUE
syn-0999,EVENT,435.0252778111918,VL-202,,,,,,,ACCEPTED,TRUE
syn-0999,RECOMMENDATION,273.1,PL-403,BUSINESS,182600.0,60,LIQUIDATE_100,0.607,RECOMMENDED,,TRUE
syn-0999,EVENT,273.0305695136004,PL-403,,,,,,,VIEWED,TRUE
syn-0999,RECOMMENDATION,363.2,HL-102,PERSONAL,789900.0,12,BORROW_40_LIQUIDATE_60,0.579,RECOMMENDED,,TRUE
syn-0999,EVENT,362.7199966358298,HL-102,,,,,,,VIEWED,TRUE
syn-0999,RECOMMENDATION,410.8,PL-401,EDUCATION,2849300.0,12,BORROW_20_LIQUIDATE_80,0.549,RECOMMENDED,,TRUE
syn-0999,EVENT,410.46153223805413,PL-401,,,,,,,VIEWED,TRUE
syn-1002,RECOMMENDATION,69.6,HL-103,HOME,257200.0,84,LIQUIDATE_100,0.328,RECOMMENDED,,TRUE
syn-1002,EVENT,68.91657311979634,HL-103,,,,,,,VIEWED,TRUE
syn-1002,RECOMMENDATION,278.8,PL-401,PERSONAL,476200.0,36,LIQUIDATE_100,0.883,RECOMMENDED,,TRUE
syn-1002,EVENT,277.8095856108882,PL-401,,,,,,,DECLINED,TRUE
syn-1002,RECOMMENDATION,505.2,VL-203,EDUCATION,407900.0,24,LIQUIDATE_100,0.431,RECOMMENDED,,TRUE
syn-1002,EVENT,504.8670790484404,VL-203,,,,,,,VIEWED,TRUE
syn-1002,RECOMMENDATION,509.1,PL-401,VEHICLE,1076700.0,120,BORROW_80_LIQUIDATE_20,0.309,RECOMMENDED,,TRUE
syn-1002,EVENT,508.18044884872046,PL-401,,,,,,,VIEWED,TRUE
syn-1002,RECOMMENDATION,52.2,PL-401,PERSONAL,4150800.0,120,BORROW_20_LIQUIDATE_80,0.634,RECOMMENDED,,TRUE
syn-1002,EVENT,52.185585318760715,PL-401,,,,,,,VIEWED,TRUE
syn-1003,RECOMMENDATION,538.2,PL-401,VEHICLE,323900.0,84,LIQUIDATE_100,0.535,RECOMMENDED,,TRUE
syn-1003,EVENT,537.9499334122313,PL-401,,,,,,,ACCEPTED,TRUE
syn-1003,RECOMMENDATION,315.4,VL-201,EDUCATION,2145600.0,60,BORROW_20_LIQUIDATE_80,0.586,RECOMMENDED,,TRUE
syn-1003,EVENT,314.4963065188574,VL-201,,,,,,,DECLINED,TRUE
syn-1003,RECOMMENDATION,496.2,EL-301,PERSONAL,479000.0,84,LIQUIDATE_100,0.851,RECOMMENDED,,TRUE
syn-1003,EVENT,496.11038725366336,EL-301,,,,,,,VIEWED,TRUE
syn-1003,RECOMMENDATION,413.1,PL-403,MEDICAL,1013900.0,60,BORROW_40_LIQUIDATE_60,0.4,RECOMMENDED,,TRUE
syn-1003,EVENT,412.80740249036484,PL-403,,,,,,,ACCEPTED,TRUE
syn-1003,RECOMMENDATION,441.2,ML-501,BUSINESS,4996500.0,84,BORROW_100,0.821,RECOMMENDED,,TRUE
syn-1003,EVENT,440.9621883576557,ML-501,,,,,,,VIEWED,TRUE
syn-1004,RECOMMENDATION,335.5,PL-401,EDUCATION,124700.0,12,BORROW_60_LIQUIDATE_40,0.691,RECOMMENDED,,TRUE
syn-1004,EVENT,335.48545700954435,PL-401,,,,,,,ACCEPTED,TRUE
syn-1004,RECOMMENDATION,218.3,PL-402,BUSINESS,719700.0,36,BORROW_80_LIQUIDATE_20,0.944,RECOMMENDED,,TRUE
syn-1004,EVENT,217.3783522896259,PL-402,,,,,,,ACCEPTED,TRUE
syn-1004,RECOMMENDATION,10.6,ML-501,PERSONAL,3727300.0,120,BORROW_80_LIQUIDATE_20,0.577,RECOMMENDED,,TRUE
syn-1004,EVENT,10.297800374834061,ML-501,,,,,,,DECLINED,TRUE
syn-1004,RECOMMENDATION,468.7,PL-403,MEDICAL,1654300.0,60,BORROW_60_LIQUIDATE_40,0.773,RECOMMENDED,,TRUE
syn-1004,EVENT,468.6807046109356,PL-403,,,,,,,VIEWED,TRUE
syn-1004,RECOMMENDATION,76.0,BL-602,PERSONAL,105100.0,24,LIQUIDATE_100,0.369,RECOMMENDED,,TRUE
syn-1004,EVENT,75.53675167539713,BL-602,,,,,,,VIEWED,TRUE
syn-1011,RECOMMENDATION,340.2,PL-402,HOME,101900.0,60,LIQUIDATE_100,0.459,RECOMMENDED,,TRUE
syn-1011,EVENT,339.5382454826398,PL-402,,,,,,,VIEWED,TRUE
syn-1011,RECOMMENDATION,336.4,BL-602,HOME,109700.0,120,BORROW_40_LIQUIDATE_60,0.534,RECOMMENDED,,TRUE
syn-1011,EVENT,335.8289080956592,BL-602,,,,,,,VIEWED,TRUE
syn-1014,RECOMMENDATION,105.2,PL-401,MEDICAL,239800.0,60,BORROW_40_LIQUIDATE_60,0.945,RECOMMENDED,,TRUE
syn-1014,EVENT,104.34116475486412,PL-401,,,,,,,DECLINED,TRUE
syn-1014,RECOMMENDATION,300.2,EL-301,PERSONAL,323300.0,60,BORROW_40_LIQUIDATE_60,0.885,RECOMMENDED,,TRUE
syn-1014,EVENT,299.50140220895923,EL-301,,,,,,,DECLINED,TRUE
syn-1014,RECOMMENDATION,374.8,EL-301,EDUCATION,1722900.0,12,BORROW_80_LIQUIDATE_20,0.599,RECOMMENDED,,TRUE
syn-1014,EVENT,373.8214632684035,EL-301,,,,,,,ACCEPTED,TRUE
syn-1014,RECOMMENDATION,455.2,EL-301,HOME,462500.0,12,BORROW_60_LIQUIDATE_40,0.43,RECOMMENDED,,TRUE
syn-1014,EVENT,454.7975491608674,EL-301,,,,,,,VIEWED,TRUE
syn-1015,RECOMMENDATION,532.7,VL-201,PERSONAL,3652400.0,84,BORROW_100,0.546,RECOMMENDED,,TRUE
syn-1015,EVENT,532.1160336674228,VL-201,,,,,,,VIEWED,TRUE
syn-1016,RECOMMENDATION,232.3,HL-104,HOME,2560000.0,36,LIQUIDATE_100,0.353,RECOMMENDED,,TRUE
syn-1016,EVENT,231.64876791454748,HL-104,,,,,,,VIEWED,TRUE
syn-1016,RECOMMENDATION,299.6,PL-401,HOME,1766600.0,60,LIQUIDATE_100,0.337,RECOMMENDED,,TRUE
syn-1016,EVENT,299.19024138275,PL-401,,,,,,,VIEWED,TRUE
syn-1019,RECOMMENDATION,120.6,PL-401,HOME,348700.0,36,BORROW_100,0.948,RECOMMENDED,,TRUE
syn-1019,EVENT,120.46194851786765,PL-401,,,,,,,ACCEPTED,TRUE
syn-1019,RECOMMENDATION,525.6,HL-101,VEHICLE,3309200.0,120,LIQUIDATE_100,0.725,RECOMMENDED,,TRUE
syn-1019,EVENT,524.9861986781541,HL-101,,,,,,,VIEWED,TRUE
syn-1019,RECOMMENDATION,118.9,VL-202,PERSONAL,773500.0,36,BORROW_100,0.758,RECOMMENDED,,TRUE
syn-1019,EVENT,118.06262659056252,VL-202,,,,,,,ACCEPTED,TRUE
syn-1020,RECOMMENDATION,19.8,HL-103,VEHICLE,129500.0,24,BORROW_80_LIQUIDATE_20,0.889,RECOMMENDED,,TRUE
syn-1020,EVENT,18.893313992485663,HL-103,,,,,,,VIEWED,TRUE
syn-1020,RECOMMENDATION,301.1,HL-101,PERSONAL,2971300.0,24,BORROW_40_LIQUIDATE_60,0.707,RECOMMENDED,,TRUE
syn-1020,EVENT,300.84352969579163,HL-101,,,,,,,VIEWED,TRUE
syn-1021,RECOMMENDATION,105.9,EL-301,HOME,997200.0,12,BORROW_40_LIQUIDATE_60,0.649,RECOMMENDED,,TRUE
syn-1021,EVENT,105.85637788721223,EL-301,,,,,,,VIEWED,TRUE
syn-1021,RECOMMENDATION,102.5,VL-202,EDUCATION,1439500.0,48,BORROW_60_LIQUIDATE_40,0.545,RECOMMENDED,,TRUE
syn-1021,EVENT,102.01124273529916,VL-202,,,,,,,DECLINED,TRUE
syn-1021,RECOMMENDATION,191.6,EL-302,PERSONAL,406300.0,36,BORROW_60_LIQUIDATE_40,0.419,RECOMMENDED,,TRUE
syn-1021,EVENT,191.59409851133535,EL-302,,,,,,,DECLINED,TRUE
syn-1021,RECOMMENDATION,488.5,HL-102,MEDICAL,358300.0,12,BORROW_80_LIQUIDATE_20,0.602,RECOMMENDED,,TRUE
syn-1021,EVENT,488.1247576066615,HL-102,,,,,,,VIEWED,TRUE
syn-1022,RECOMMENDATION,5.0,PL-402,VEHICLE,937100.0,84,BORROW_40_LIQUIDATE_60,0.393,RECOMMENDED,,TRUE
syn-1022,EVENT,4.96506923894369,PL-402,,,,,,,VIEWED,TRUE
syn-1022,RECOMMENDATION,30.6,EL-302,EDUCATION,504300.0,36,BORROW_60_LIQUIDATE_40,0.395,RECOMMENDED,,TRUE
syn-1022,EVENT,30.165654496879736,EL-302,,,,,,,ACCEPTED,TRUE
syn-1022,RECOMMENDATION,344.9,PL-403,VEHICLE,186500.0,12,LIQUIDATE_100,0.531,RECOMMENDED,,TRUE
syn-1022,EVENT,344.6909515458033,PL-403,,,,,,,VIEWED,TRUE
syn-1023,RECOMMENDATION,62.8,HL-101,EDUCATION,167000.0,48,BORROW_40_LIQUIDATE_60,0.799,RECOMMENDED,,TRUE
syn-1023,EVENT,62.39008662216428,HL-101,,,,,,,DECLINED,TRUE
syn-1025,RECOMMENDATION,95.7,EL-302,VEHICLE,137300.0,36,BORROW_20_LIQUIDATE_80,0.707,RECOMMENDED,,TRUE
syn-1025,EVENT,95.16505021110366,EL-302,,,,,,,VIEWED,TRUE
syn-1025,RECOMMENDATION,96.3,EL-303,BUSINESS,1509600.0,48,BORROW_60_LIQUIDATE_40,0.625,RECOMMENDED,,TRUE
syn-1025,EVENT,95.63307547400257,EL-303,,,,,,,VIEWED,TRUE
syn-1025,RECOMMENDATION,12.6,VL-203,HOME,3949600.0,120,LIQUIDATE_100,0.892,RECOMMENDED,,TRUE
syn-1025,EVENT,11.958389265142756,VL-203,,,,,,,VIEWED,TRUE
syn-1025,RECOMMENDATION,166.2,EL-302,PERSONAL,346700.0,24,BORROW_60_LIQUIDATE_40,0.809,RECOMMENDED,,TRUE
syn-1025,EVENT,166.1710364327818,EL-302,,,,,,,VIEWED,TRUE
syn-1025,RECOMMENDATION,165.8,EL-303,MEDICAL,1869900.0,24,LIQUIDATE_100,0.37,RECOMMENDED,,TRUE
syn-1025,EVENT,165.22632297722836,EL-303,,,,,,,ACCEPTED,TRUE
syn-1026,RECOMMENDATION,443.4,HL-104,HOME,213900.0,24,BORROW_80_LIQUIDATE_20,0.818,RECOMMENDED,,TRUE
syn-1026,EVENT,442.511369607766,HL-104,,,,,,,ACCEPTED,TRUE
syn-1026,RECOMMENDATION,261.8,BL-601,BUSINESS,1286200.0,36,BORROW_100,0.897,RECOMMENDED,,TRUE
syn-1026,EVENT,261.18425111736053,BL-601,,,,,,,DECLINED,TRUE
syn-1026,RECOMMENDATION,285.1,PL-403,MEDICAL,647800.0,48,BORROW_100,0.417,RECOMMENDED,,TRUE
syn-1026,EVENT,284.84529846505535,PL-403,,,,,,,VIEWED,TRUE
syn-1026,RECOMMENDATION,466.7,VL-202,MEDICAL,3179800.0,120,BORROW_100,0.536,RECOMMENDED,,TRUE
syn-1026,EVENT,465.93964186694586,VL-202,,,,,,,VIEWED,TRUE
syn-1026,RECOMMENDATION,191.9,PL-401,HOME,600000.0,12,LIQUIDATE_100,0.575,RECOMMENDED,,TRUE
syn-1026,EVENT,191.79787697220152,PL-401,,,,,,,VIEWED,TRUE
syn-1030,RECOMMENDATION,76.4,BL-602,PERSONAL,1598500.0,120,LIQUIDATE_100,0.925,RECOMMENDED,,TRUE
syn-1030,EVENT,75.8928064893768,BL-602,,,,,,,VIEWED,TRUE
syn-1030,RECOMMENDATION,318.9,EL-302,PERSONAL,2848700.0,12,BORROW_40_LIQUIDATE_60,0.932,RECOMMENDED,,TRUE
syn-1030,EVENT,318.1269983604572,EL-302,,,,,,,DECLINED,TRUE
syn-1030,RECOMMENDATION,99.2,VL-203,HOME,3755700.0,84,BORROW_80_LIQUIDATE_20,0.399,RECOMMENDED,,TRUE
syn-1030,EVENT,98.54791454850805,VL-203,,,,,,,DECLINED,TRUE
syn-1032,RECOMMENDATION,345.8,HL-101,HOME,232000.0,84,BORROW_100,0.678,RECOMMENDED,,TRUE
syn-1032,EVENT,345.13559103629393,HL-101,,,,,,,VIEWED,TRUE
syn-1032,RECOMMENDATION,137.8,PL-401,MEDICAL,1973000.0,24,BORROW_40_LIQUIDATE_60,0.672,RECOMMENDED,,TRUE
syn-1032,EVENT,137.45408753433313,PL-401,,,,,,,VIEWED,TRUE
syn-1032,RECOMMENDATION,190.6,ML-501,BUSINESS,1837900.0,84,LIQUIDATE_100,0.347,RECOMMENDED,,TRUE
syn-1032,EVENT,190.40754019306326,ML-501,,,,,,,VIEWED,TRUE
syn-1033,RECOMMENDATION,98.5,HL-102,BUSINESS,4868800.0,84,BORROW_80_LIQUIDATE_20,0.895,RECOMMENDED,,TRUE
syn-1033,EVENT,97.79198972707425,HL-102,,,,,,,VIEWED,TRUE
syn-1033,RECOMMENDATION,281.0,EL-301,PERSONAL,170700.0,84,LIQUIDATE_100,0.429,RECOMMENDED,,TRUE
syn-1033,EVENT,280.4640429425322,EL-301,,,,,,,VIEWED,TRUE
syn-1034,RECOMMENDATION,192.0,EL-301,MEDICAL,316500.0,24,BORROW_80_LIQUIDATE_20,0.546,RECOMMENDED,,TRUE
syn-1034,EVENT,191.5152591513263,EL-301,,,,,,,DECLINED,TRUE
syn-1036,RECOMMENDATION,347.7,HL-104,PERSONAL,209500.0,60,BORROW_100,0.369,RECOMMENDED,,TRUE
syn-1036,EVENT,346.7378366849619,HL-104,,,,,,,VIEWED,TRUE
syn-1036,RECOMMENDATION,333.9,EL-303,HOME,143400.0,120,BORROW_40_LIQUIDATE_60,0.701,RECOMMENDED,,TRUE
syn-1036,EVENT,333.54851000714257,EL-303,,,,,,,ACCEPTED,TRUE
syn-1036,RECOMMENDATION,432.9,ML-501,VEHICLE,5332500.0,120,BORROW_80_LIQUIDATE_20,0.811,RECOMMENDED,,TRUE
syn-1036,EVENT,432.7097794408042,ML-501,,,,,,,VIEWED,TRUE
syn-1037,RECOMMENDATION,70.6,ML-501,BUSINESS,823300.0,120,BORROW_20_LIQUIDATE_80,0.854,RECOMMENDED,,TRUE
syn-1037,EVENT,70.37220673155284,ML-501,,,,,,,VIEWED,TRUE
syn-1037,RECOMMENDATION,95.5,BL-601,HOME,4138200.0,24,BORROW_20_LIQUIDATE_80,0.475,RECOMMENDED,,TRUE
syn-1037,EVENT,95.42296751566334,BL-601,,,,,,,DECLINED,TRUE
syn-1037,RECOMMENDATION,117.0,PL-403,PERSONAL,271000.0,48,BORROW_80_LIQUIDATE_20,0.37,RECOMMENDED,,TRUE
syn-1037,EVENT,116.18364181764926,PL-403,,,,,,,VIEWED,TRUE
syn-1038,RECOMMENDATION,402.3,VL-203,PERSONAL,1235100.0,12,BORROW_80_LIQUIDATE_20,0.874,RECOMMENDED,,TRUE
syn-1038,EVENT,401.3259680699099,VL-203,,,,,,,VIEWED,TRUE
syn-1038,RECOMMENDATION,306.7,HL-101,BUSINESS,249500.0,60,BORROW_40_LIQUIDATE_60,0.492,RECOMMENDED,,TRUE
syn-1038,EVENT,306.2777841090495,HL-101,,,,,,,VIEWED,TRUE
syn-1038,RECOMMENDATION,368.2,ML-501,EDUCATION,5759200.0,12,BORROW_80_LIQUIDATE_20,0.455,RECOMMENDED,,TRUE
syn-1038,EVENT,367.9293542300333,ML-501,,,,,,,ACCEPTED,TRUE
syn-1038,RECOMMENDATION,343.3,BL-602,PERSONAL,110400.0,12,LIQUIDATE_100,0.641,RECOMMENDED,,TRUE
syn-1038,EVENT,342.43615477212376,BL-602,,,,,,,DECLINED,TRUE
syn-1038,RECOMMENDATION,185.2,VL-202,HOME,1315700.0,36,BORROW_60_LIQUIDATE_40,0.492,RECOMMENDED,,TRUE
syn-1038,EVENT,184.8569623644257,VL-202,,,,,,,VIEWED,TRUE
syn-1041,RECOMMENDATION,188.8,PL-403,EDUCATION,156200.0,48,BORROW_100,0.837,RECOMMENDED,,TRUE
syn-1041,EVENT,187.99745071063603,PL-403,,,,,,,DECLINED,TRUE
syn-1042,RECOMMENDATION,509.9,PL-401,EDUCATION,3049800.0,36,BORROW_100,0.504,RECOMMENDED,,TRUE
syn-1042,EVENT,509.5796048423667,PL-401,,,,,,,VIEWED,TRUE
syn-1042,RECOMMENDATION,490.4,BL-601,HOME,451200.0,24,LIQUIDATE_100,0.7,RECOMMENDED,,TRUE
syn-1042,EVENT,490.12507500788394,BL-601,,,,,,,VIEWED,TRUE
syn-1042,RECOMMENDATION,381.0,PL-401,MEDICAL,787700.0,12,LIQUIDATE_100,0.604,RECOMMENDED,,TRUE
syn-1042,EVENT,380.85394218373335,PL-401,,,,,,,VIEWED,TRUE
syn-1042,RECOMMENDATION,300.6,BL-602,EDUCATION,329100.0,24,BORROW_20_LIQUIDATE_80,0.35,RECOMMENDED,,TRUE
syn-1042,EVENT,300.16349695865284,BL-602,,,,,,,ACCEPTED,TRUE
syn-1042,RECOMMENDATION,337.4,PL-403,MEDICAL,5613400.0,84,BORROW_60_LIQUIDATE_40,0.744,RECOMMENDED,,TRUE
syn-1042,EVENT,336.67969421820123,PL-403,,,,,,,ACCEPTED,TRUE
syn-1043,RECOMMENDATION,467.7,HL-102,PERSONAL,327200.0,12,BORROW_100,0.866,RECOMMENDED,,TRUE
syn-1043,EVENT,467.5975735278283,HL-102,,,,,,,DECLINED,TRUE
syn-1043,RECOMMENDATION,202.5,PL-402,BUSINESS,2979600.0,24,BORROW_80_LIQUIDATE_20,0.434,RECOMMENDED,,TRUE
syn-1043,EVENT,201.95819644462037,PL-402,,,,,,,VIEWED,TRUE
syn-1044,RECOMMENDATION,109.6,PL-402,MEDICAL,1220900.0,36,BORROW_60_LIQUIDATE_40,0.919,RECOMMENDED,,TRUE
syn-1044,EVENT,109.25089608951777,PL-402,,,,,,,DECLINED,TRUE
syn-1046,RECOMMENDATION,55.5,PL-402,MEDICAL,587900.0,24,BORROW_100,0.464,RECOMMENDED,,TRUE
syn-1046,EVENT,55.02014114212756,PL-402,,,,,,,ACCEPTED,TRUE
syn-1046,RECOMMENDATION,225.7,HL-102,MEDICAL,3422300.0,120,BORROW_100,0.581,RECOMMENDED,,TRUE
syn-1046,EVENT,225.02873593666007,HL-102,,,,,,,VIEWED,TRUE
syn-1048,RECOMMENDATION,440.3,VL-202,HOME,378600.0,84,BORROW_80_LIQUIDATE_20,0.808,RECOMMENDED,,TRUE
syn-1048,EVENT,439.75763893729805,VL-202,,,,,,,VIEWED,TRUE
syn-1048,RECOMMENDATION,13.2,BL-602,MEDICAL,800600.0,60,LIQUIDATE_100,0.84,RECOMMENDED,,TRUE
syn-1048,EVENT,12.209639853668289,BL-602,,,,,,,DECLINED,TRUE
syn-1051,RECOMMENDATION,235.7,PL-402,PERSONAL,5564400.0,12,BORROW_100,0.381,RECOMMENDED,,TRUE
syn-1051,EVENT,235.19065085816018,PL-402,,,,,,,VIEWED,TRUE
syn-1051,RECOMMENDATION,484.9,PL-402,BUSINESS,2386300.0,12,BORROW_40_LIQUIDATE_60,0.434,RECOMMENDED,,TRUE
syn-1051,EVENT,484.5470672768218,PL-402,,,,,,,ACCEPTED,TRUE
syn-1051,RECOMMENDATION,503.2,BL-601,BUSINESS,863700.0,12,BORROW_80_LIQUIDATE_20,0.729,RECOMMENDED,,TRUE
syn-1051,EVENT,502.68572429798655,BL-601,,,,,,,ACCEPTED,TRUE
syn-1051,RECOMMENDATION,367.3,VL-203,BUSINESS,5957500.0,60,LIQUIDATE_100,0.87,RECOMMENDED,,TRUE
syn-1051,EVENT,367.079179273273,VL-203,,,,,,,VIEWED,TRUE
syn-1053,RECOMMENDATION,538.6,PL-401,VEHICLE,1524000.0,24,LIQUIDATE_100,0.661,RECOMMENDED,,TRUE
syn-1053,EVENT,537.7142248088255,PL-401,,,,,,,VIEWED,TRUE
syn-1053,RECOMMENDATION,226.3,PL-401,MEDICAL,4376600.0,120,BORROW_60_LIQUIDATE_40,0.68,RECOMMENDED,,TRUE
syn-1053,EVENT,226.25077153117172,PL-401,,,,,,,VIEWED,TRUE
syn-1053,RECOMMENDATION,82.5,HL-104,HOME,1840700.0,84,BORROW_100,0.356,RECOMMENDED,,TRUE
syn-1053,EVENT,81.7748062147582,HL-104,,,,,,,VIEWED,TRUE
syn-1055,RECOMMENDATION,231.4,HL-103,HOME,5140500.0,84,BORROW_80_LIQUIDATE_20,0.486,RECOMMENDED,,TRUE
syn-1055,EVENT,231.36785079607512,HL-103,,,,,,,VIEWED,TRUE
syn-1055,RECOMMENDATION,90.8,HL-104,HOME,4839600.0,60,BORROW_20_LIQUIDATE_80,0.724,RECOMMENDED,,TRUE
syn-1055,EVENT,90.47012846969984,HL-104,,,,,,,ACCEPTED,TRUE
syn-1055,RECOMMENDATION,409.9,HL-101,EDUCATION,2184700.0,48,BORROW_60_LIQUIDATE_40,0.731,RECOMMENDED,,TRUE
syn-1055,EVENT,409.239209234916,HL-101,,,,,,,VIEWED,TRUE
syn-1055,RECOMMENDATION,399.5,VL-203,EDUCATION,323400.0,48,BORROW_100,0.765,RECOMMENDED,,TRUE
syn-1055,EVENT,399.42515090051256,VL-203,,,,,,,VIEWED,TRUE
syn-1055,RECOMMENDATION,305.5,HL-101,EDUCATION,1002300.0,36,LIQUIDATE_100,0.627,RECOMMENDED,,TRUE
syn-1055,EVENT,304.57539773427783,HL-101,,,,,,,VIEWED,TRUE
syn-1059,RECOMMENDATION,32.8,HL-104,PERSONAL,376000.0,24,BORROW_100,0.919,RECOMMENDED,,TRUE
syn-1059,EVENT,32.583800893560486,HL-104,,,,,,,ACCEPTED,TRUE
syn-1059,RECOMMENDATION,454.2,PL-401,MEDICAL,128600.0,36,BORROW_100,0.314,RECOMMENDED,,TRUE
syn-1059,EVENT,453.30924549482955,PL-401,,,,,,,ACCEPTED,TRUE
syn-1059,RECOMMENDATION,278.5,HL-103,VEHICLE,158400.0,12,BORROW_100,0.486,RECOMMENDED,,TRUE
syn-1059,EVENT,278.2512590839159,HL-103,,,,,,,VIEWED,TRUE
syn-1062,RECOMMENDATION,493.3,VL-202,MEDICAL,378300.0,84,BORROW_60_LIQUIDATE_40,0.378,RECOMMENDED,,TRUE
syn-1062,EVENT,493.2373299374916,VL-202,,,,,,,VIEWED,TRUE
syn-1062,RECOMMENDATION,403.4,BL-601,BUSINESS,208700.0,84,BORROW_80_LIQUIDATE_20,0.902,RECOMMENDED,,TRUE
syn-1062,EVENT,403.16418788306737,BL-601,,,,,,,VIEWED,TRUE
syn-1062,RECOMMENDATION,124.2,HL-103,VEHICLE,1130900.0,48,BORROW_40_LIQUIDATE_60,0.727,RECOMMENDED,,TRUE
syn-1062,EVENT,124.03558829235537,HL-103,,,,,,,VIEWED,TRUE
syn-1065,RECOMMENDATION,504.1,PL-402,BUSINESS,111800.0,48,BORROW_60_LIQUIDATE_40,0.549,RECOMMENDED,,TRUE
syn-1065,EVENT,503.96819136152635,PL-402,,,,,,,VIEWED,TRUE
syn-1067,RECOMMENDATION,253.8,HL-102,PERSONAL,629000.0,24,BORROW_40_LIQUIDATE_60,0.623,RECOMMENDED,,TRUE
syn-1067,EVENT,253.14684940345668,HL-102,,,,,,,ACCEPTED,TRUE
syn-1067,RECOMMENDATION,190.0,BL-602,VEHICLE,1414000.0,84,BORROW_80_LIQUIDATE_20,0.544,RECOMMENDED,,TRUE
syn-1067,EVENT,189.7970751419643,BL-602,,,,,,,ACCEPTED,TRUE
syn-1067,RECOMMENDATION,98.8,BL-602,PERSONAL,2830200.0,36,BORROW_60_LIQUIDATE_40,0.775,RECOMMENDED,,TRUE
syn-1067,EVENT,98.53505386514698,BL-602,,,,,,,DECLINED,TRUE
syn-1068,RECOMMENDATION,319.3,HL-104,PERSONAL,164400.0,60,BORROW_100,0.415,RECOMMENDED,,TRUE
syn-1068,EVENT,319.03196035357047,HL-104,,,,,,,VIEWED,TRUE
syn-1068,RECOMMENDATION,405.0,HL-103,VEHICLE,289200.0,12,BORROW_60_LIQUIDATE_40,0.7,RECOMMENDED,,TRUE
syn-1068,EVENT,404.57462576591655,HL-103,,,,,,,VIEWED,TRUE
syn-1068,RECOMMENDATION,482.6,EL-302,BUSINESS,153400.0,24,BORROW_60_LIQUIDATE_40,0.648,RECOMMENDED,,TRUE
syn-1068,EVENT,482.2725289814261,EL-302,,,,,,,VIEWED,TRUE
syn-1068,RECOMMENDATION,354.6,EL-301,BUSINESS,2814300.0,60,LIQUIDATE_100,0.687,RECOMMENDED,,TRUE
syn-1068,EVENT,354.570099108207,EL-301,,,,,,,VIEWED,TRUE
syn-1068,RECOMMENDATION,197.2,PL-401,MEDICAL,353000.0,24,BORROW_100,0.576,RECOMMENDED,,TRUE
syn-1068,EVENT,196.55917615492234,PL-401,,,,,,,VIEWED,TRUE
syn-1069,RECOMMENDATION,277.8,BL-601,HOME,1802200.0,48,BORROW_80_LIQUIDATE_20,0.857,RECOMMENDED,,TRUE
syn-1069,EVENT,277.0977264270147,BL-601,,,,,,,DECLINED,TRUE
syn-1069,RECOMMENDATION,370.0,VL-203,BUSINESS,1912900.0,48,BORROW_40_LIQUIDATE_60,0.667,RECOMMENDED,,TRUE
syn-1069,EVENT,369.84645020079154,VL-203,,,,,,,DECLINED,TRUE
syn-1069,RECOMMENDATION,79.6,PL-403,EDUCATION,229300.0,36,BORROW_20_LIQUIDATE_80,0.933,RECOMMENDED,,TRUE
syn-1069,EVENT,79.06871625096728,PL-403,,,,,,,DECLINED,TRUE
syn-1070,RECOMMENDATION,264.3,HL-104,BUSINESS,129200.0,36,BORROW_20_LIQUIDATE_80,0.717,RECOMMENDED,,TRUE
syn-1070,EVENT,263.4338578759889,HL-104,,,,,,,VIEWED,TRUE
syn-1070,RECOMMENDATION,442.3,VL-202,HOME,501000.0,48,BORROW_20_LIQUIDATE_80,0.779,RECOMMENDED,,TRUE
syn-1070,EVENT,441.43054268342183,VL-202,,,,,,,VIEWED,TRUE
syn-1070,RECOMMENDATION,35.6,VL-202,EDUCATION,998000.0,24,BORROW_20_LIQUIDATE_80,0.339,RECOMMENDED,,TRUE
syn-1070,EVENT,34.794407650470426,VL-202,,,,,,,ACCEPTED,TRUE
syn-1072,RECOMMENDATION,499.5,ML-501,BUSINESS,889600.0,120,BORROW_20_LIQUIDATE_80,0.692,RECOMMENDED,,TRUE
syn-1072,EVENT,498.504543995723,ML-501,,,,,,,DECLINED,TRUE
syn-1072,RECOMMENDATION,124.7,BL-602,BUSINESS,652200.0,120,LIQUIDATE_100,0.764,RECOMMENDED,,TRUE
syn-1072,EVENT,124.15011134699999,BL-602,,,,,,,VIEWED,TRUE
syn-1072,RECOMMENDATION,320.1,HL-102,BUSINESS,650800.0,36,LIQUIDATE_100,0.801,RECOMMENDED,,TRUE
syn-1072,EVENT,319.6309412606729,HL-102,,,,,,,VIEWED,TRUE
syn-1072,RECOMMENDATION,166.0,BL-601,MEDICAL,430300.0,60,BORROW_60_LIQUIDATE_40,0.366,RECOMMENDED,,TRUE
syn-1072,EVENT,165.13202256894712,BL-601,,,,,,,VIEWED,TRUE
syn-1073,RECOMMENDATION,354.1,EL-303,BUSINESS,100200.0,24,LIQUIDATE_100,0.441,RECOMMENDED,,TRUE
syn-1073,EVENT,353.8849233332179,EL-303,,,,,,,VIEWED,TRUE
syn-1073,RECOMMENDATION,364.4,PL-401,HOME,151600.0,84,BORROW_60_LIQUIDATE_40,0.805,RECOMMENDED,,TRUE
syn-1073,EVENT,363.6186788044028,PL-401,,,,,,,VIEWED,TRUE
syn-1073,RECOMMENDATION,415.2,HL-101,HOME,4631100.0,24,BORROW_40_LIQUIDATE_60,0.884,RECOMMENDED,,TRUE
syn-1073,EVENT,414.961543176946,HL-101,,,,,,,DECLINED,TRUE
syn-1074,RECOMMENDATION,221.9,EL-302,HOME,5277000.0,60,BORROW_80_LIQUIDATE_20,0.618,RECOMMENDED,,TRUE
syn-1074,EVENT,221.18626195849856,EL-302,,,,,,,VIEWED,TRUE
syn-1074,RECOMMENDATION,237.7,VL-202,PERSONAL,259300.0,120,BORROW_80_LIQUIDATE_20,0.528,RECOMMENDED,,TRUE
syn-1074,EVENT,237.01413141108387,VL-202,,,,,,,DECLINED,TRUE
syn-1077,RECOMMENDATION,207.1,HL-103,EDUCATION,764800.0,12,BORROW_60_LIQUIDATE_40,0.485,RECOMMENDED,,TRUE
syn-1077,EVENT,207.05445069120256,HL-103,,,,,,,DECLINED,TRUE
syn-1081,RECOMMENDATION,256.6,BL-602,PERSONAL,1988400.0,120,BORROW_40_LIQUIDATE_60,0.716,RECOMMENDED,,TRUE
syn-1081,EVENT,255.63747391717652,BL-602,,,,,,,VIEWED,TRUE
syn-1083,RECOMMENDATION,438.5,HL-103,PERSONAL,3818400.0,120,BORROW_100,0.647,RECOMMENDED,,TRUE
syn-1083,EVENT,438.447097153266,HL-103,,,,,,,DECLINED,TRUE
syn-1085,RECOMMENDATION,468.5,HL-101,MEDICAL,1600100.0,24,BORROW_60_LIQUIDATE_40,0.321,RECOMMENDED,,TRUE
syn-1085,EVENT,468.0989667546492,HL-101,,,,,,,VIEWED,TRUE
syn-1085,RECOMMENDATION,504.3,VL-201,PERSONAL,276900.0,60,BORROW_60_LIQUIDATE_40,0.681,RECOMMENDED,,TRUE
syn-1085,EVENT,503.5584999017905,VL-201,,,,,,,VIEWED,TRUE
syn-1088,RECOMMENDATION,66.3,VL-203,PERSONAL,1793600.0,36,BORROW_20_LIQUIDATE_80,0.416,RECOMMENDED,,TRUE
syn-1088,EVENT,65.9972067629852,VL-203,,,,,,,ACCEPTED,TRUE
syn-1088,RECOMMENDATION,165.7,VL-201,HOME,359300.0,60,BORROW_80_LIQUIDATE_20,0.65,RECOMMENDED,,TRUE
syn-1088,EVENT,164.99491321645368,VL-201,,,,,,,ACCEPTED,TRUE
syn-1089,RECOMMENDATION,515.0,VL-202,VEHICLE,100200.0,48,BORROW_80_LIQUIDATE_20,0.43,RECOMMENDED,,TRUE
syn-1089,EVENT,514.140457146636,VL-202,,,,,,,DECLINED,TRUE
syn-1098,RECOMMENDATION,135.5,HL-103,PERSONAL,891200.0,36,BORROW_20_LIQUIDATE_80,0.677,RECOMMENDED,,TRUE
syn-1098,EVENT,134.98338175353308,HL-103,,,,,,,ACCEPTED,TRUE
syn-1098,RECOMMENDATION,254.9,EL-303,HOME,300600.0,24,BORROW_100,0.326,RECOMMENDED,,TRUE
syn-1098,EVENT,254.1709576043676,EL-303,,,,,,,DECLINED,TRUE
syn-1099,RECOMMENDATION,28.4,BL-602,BUSINESS,982600.0,24,BORROW_40_LIQUIDATE_60,0.811,RECOMMENDED,,TRUE
syn-1099,EVENT,27.67492496072602,BL-602,,,,,,,DECLINED,TRUE
syn-1099,RECOMMENDATION,505.4,HL-104,MEDICAL,1067600.0,120,BORROW_60_LIQUIDATE_40,0.909,RECOMMENDED,,TRUE
syn-1099,EVENT,504.70333663473093,HL-104,,,,,,,DECLINED,TRUE
syn-1099,RECOMMENDATION,469.6,PL-403,MEDICAL,434300.0,84,BORROW_20_LIQUIDATE_80,0.577,RECOMMENDED,,TRUE
syn-1099,EVENT,468.6346702512552,PL-403,,,,,,,DECLINED,TRUE
syn-1099,RECOMMENDATION,3.0,PL-403,VEHICLE,1012200.0,48,LIQUIDATE_100,0.708,RECOMMENDED,,TRUE
syn-1099,EVENT,2.436327853229573,PL-403,,,,,,,VIEWED,TRUE
syn-1099,RECOMMENDATION,140.2,HL-104,PERSONAL,111600.0,12,LIQUIDATE_100,0.817,RECOMMENDED,,TRUE
syn-1099,EVENT,139.56563141166413,HL-104,,,,,,,VIEWED,TRUE
syn-1102,RECOMMENDATION,332.2,BL-601,BUSINESS,203100.0,60,BORROW_100,0.819,RECOMMENDED,,TRUE
syn-1102,EVENT,331.5359771358071,BL-601,,,,,,,VIEWED,TRUE
syn-1102,RECOMMENDATION,198.5,HL-103,MEDICAL,588500.0,36,BORROW_100,0.415,RECOMMENDED,,TRUE
syn-1102,EVENT,198.11711373213967,HL-103,,,,,,,VIEWED,TRUE
syn-1102,RECOMMENDATION,258.9,VL-203,BUSINESS,4066600.0,48,BORROW_100,0.755,RECOMMENDED,,TRUE
syn-1102,EVENT,258.18241097652844,VL-203,,,,,,,ACCEPTED,TRUE
syn-1102,RECOMMENDATION,170.7,HL-102,HOME,260000.0,84,BORROW_40_LIQUIDATE_60,0.512,RECOMMENDED,,TRUE
syn-1102,EVENT,170.15500456941473,HL-102,,,,,,,ACCEPTED,TRUE
syn-1103,RECOMMENDATION,186.6,VL-203,PERSONAL,265700.0,120,BORROW_40_LIQUIDATE_60,0.446,RECOMMENDED,,TRUE
syn-1103,EVENT,185.94971643529357,VL-203,,,,,,,VIEWED,TRUE
syn-1103,RECOMMENDATION,366.6,EL-301,PERSONAL,200700.0,84,BORROW_20_LIQUIDATE_80,0.551,RECOMMENDED,,TRUE
syn-1103,EVENT,365.6402748516394,EL-301,,,,,,,DECLINED,TRUE
syn-1103,RECOMMENDATION,435.8,BL-601,MEDICAL,197000.0,12,BORROW_40_LIQUIDATE_60,0.523,RECOMMENDED,,TRUE
syn-1103,EVENT,435.21339323323065,BL-601,,,,,,,VIEWED,TRUE
syn-1104,RECOMMENDATION,444.4,EL-301,MEDICAL,3036400.0,60,BORROW_20_LIQUIDATE_80,0.653,RECOMMENDED,,TRUE
syn-1104,EVENT,443.7360388631195,EL-301,,,,,,,VIEWED,TRUE
syn-1104,RECOMMENDATION,446.5,PL-401,MEDICAL,5449900.0,60,LIQUIDATE_100,0.479,RECOMMENDED,,TRUE
syn-1104,EVENT,446.1764277231959,PL-401,,,,,,,VIEWED,TRUE
syn-1105,RECOMMENDATION,271.4,ML-501,EDUCATION,538200.0,60,BORROW_60_LIQUIDATE_40,0.811,RECOMMENDED,,TRUE
syn-1105,EVENT,270.5116043483345,ML-501,,,,,,,VIEWED,TRUE
syn-1105,RECOMMENDATION,6.0,EL-302,EDUCATION,121800.0,84,BORROW_100,0.302,RECOMMENDED,,TRUE
syn-1105,EVENT,5.493658155255427,EL-302,,,,,,,VIEWED,TRUE
syn-1105,RECOMMENDATION,255.0,HL-104,BUSINESS,465700.0,48,BORROW_60_LIQUIDATE_40,0.614,RECOMMENDED,,TRUE
syn-1105,EVENT,254.31537566246828,HL-104,,,,,,,ACCEPTED,TRUE
syn-1107,RECOMMENDATION,191.5,HL-104,VEHICLE,1603700.0,60,BORROW_80_LIQUIDATE_20,0.875,RECOMMENDED,,TRUE
syn-1107,EVENT,190.97321802557113,HL-104,,,,,,,ACCEPTED,TRUE
syn-1107,RECOMMENDATION,210.2,PL-401,MEDICAL,112200.0,60,BORROW_40_LIQUIDATE_60,0.471,RECOMMENDED,,TRUE
syn-1107,EVENT,209.60777595682666,PL-401,,,,,,,VIEWED,TRUE
syn-1108,RECOMMENDATION,312.9,PL-401,EDUCATION,770000.0,24,BORROW_40_LIQUIDATE_60,0.747,RECOMMENDED,,TRUE
syn-1108,EVENT,312.6485437443522,PL-401,,,,,,,VIEWED,TRUE
syn-1108,RECOMMENDATION,506.9,PL-401,EDUCATION,953100.0,36,BORROW_60_LIQUIDATE_40,0.51,RECOMMENDED,,TRUE
syn-1108,EVENT,506.37419545725265,PL-401,,,,,,,VIEWED,TRUE
syn-1108,RECOMMENDATION,143.4,EL-303,HOME,441100.0,12,BORROW_20_LIQUIDATE_80,0.692,RECOMMENDED,,TRUE
syn-1108,EVENT,142.78423205243334,EL-303,,,,,,,VIEWED,TRUE
syn-1108,RECOMMENDATION,449.8,HL-101,BUSINESS,1504400.0,48,BORROW_100,0.789,RECOMMENDED,,TRUE
syn-1108,EVENT,448.981039760554,HL-101,,,,,,,DECLINED,TRUE
syn-1108,RECOMMENDATION,56.3,HL-104,PERSONAL,207400.0,84,BORROW_80_LIQUIDATE_20,0.464,RECOMMENDED,,TRUE
syn-1108,EVENT,55.94039110071145,HL-104,,,,,,,VIEWED,TRUE
syn-1110,RECOMMENDATION,57.7,EL-302,PERSONAL,388200.0,60,BORROW_60_LIQUIDATE_40,0.302,RECOMMENDED,,TRUE
syn-1110,EVENT,57.61683922127808,EL-302,,,,,,,VIEWED,TRUE
syn-1110,RECOMMENDATION,81.3,PL-403,HOME,3315200.0,48,BORROW_100,0.646,RECOMMENDED,,TRUE
syn-1110,EVENT,80.94968255148787,PL-403,,,,,,,VIEWED,TRUE
syn-1110,RECOMMENDATION,375.9,BL-602,BUSINESS,902800.0,120,BORROW_80_LIQUIDATE_20,0.863,RECOMMENDED,,TRUE
syn-1110,EVENT,375.84563403356015,BL-602,,,,,,,VIEWED,TRUE
syn-1110,RECOMMENDATION,386.3,VL-203,HOME,5166100.0,12,BORROW_40_LIQUIDATE_60,0.409,RECOMMENDED,,TRUE
syn-1110,EVENT,385.75687979675797,VL-203,,,,,,,VIEWED,TRUE
syn-1110,RECOMMENDATION,353.7,EL-302,EDUCATION,2012000.0,48,BORROW_80_LIQUIDATE_20,0.569,RECOMMENDED,,TRUE
syn-1110,EVENT,353.5205166633136,EL-302,,,,,,,DECLINED,TRUE
syn-1111,RECOMMENDATION,427.0,HL-103,HOME,5867000.0,36,LIQUIDATE_100,0.451,RECOMMENDED,,TRUE
syn-1111,EVENT,426.1011534727028,HL-103,,,,,,,VIEWED,TRUE
syn-1111,RECOMMENDATION,356.8,HL-102,MEDICAL,892400.0,24,BORROW_100,0.738,RECOMMENDED,,TRUE
syn-1111,EVENT,356.3982742185953,HL-102,,,,,,,DECLINED,TRUE
syn-1116,RECOMMENDATION,437.9,HL-103,MEDICAL,6178100.0,60,BORROW_60_LIQUIDATE_40,0.461,RECOMMENDED,,TRUE
syn-1116,EVENT,437.0749366789147,HL-103,,,,,,,VIEWED,TRUE
syn-1116,RECOMMENDATION,266.8,BL-602,VEHICLE,3234400.0,120,BORROW_80_LIQUIDATE_20,0.934,RECOMMENDED,,TRUE
syn-1116,EVENT,265.93124563255617,BL-602,,,,,,,ACCEPTED,TRUE
syn-1117,RECOMMENDATION,56.0,HL-104,VEHICLE,512500.0,36,BORROW_100,0.644,RECOMMENDED,,TRUE
syn-1117,EVENT,55.21578787777119,HL-104,,,,,,,DECLINED,TRUE
syn-1120,RECOMMENDATION,100.6,VL-201,PERSONAL,177000.0,48,LIQUIDATE_100,0.434,RECOMMENDED,,TRUE
syn-1120,EVENT,99.9157925675013,VL-201,,,,,,,VIEWED,TRUE
syn-1120,RECOMMENDATION,510.5,VL-202,VEHICLE,2354000.0,84,LIQUIDATE_100,0.708,RECOMMENDED,,TRUE
syn-1120,EVENT,510.23431709812064,VL-202,,,,,,,DECLINED,TRUE
syn-1120,RECOMMENDATION,152.3,EL-302,BUSINESS,3314000.0,36,BORROW_20_LIQUIDATE_80,0.947,RECOMMENDED,,TRUE
syn-1120,EVENT,151.58201342043986,EL-302,,,,,,,ACCEPTED,TRUE
syn-1120,RECOMMENDATION,29.3,PL-403,HOME,794400.0,48,BORROW_80_LIQUIDATE_20,0.423,RECOMMENDED,,TRUE
syn-1120,EVENT,29.088742072058263,PL-403,,,,,,,ACCEPTED,TRUE
syn-1120,RECOMMENDATION,483.8,PL-403,PERSONAL,1836600.0,84,BORROW_40_LIQUIDATE_60,0.67,RECOMMENDED,,TRUE
syn-1120,EVENT,483.2164447514824,PL-403,,,,,,,ACCEPTED,TRUE
syn-1122,RECOMMENDATION,41.8,PL-401,EDUCATION,637500.0,120,BORROW_80_LIQUIDATE_20,0.938,RECOMMENDED,,TRUE
syn-1122,EVENT,40.910128695012425,PL-401,,,,,,,VIEWED,TRUE
syn-1123,RECOMMENDATION,116.5,PL-402,BUSINESS,852800.0,24,BORROW_60_LIQUIDATE_40,0.734,RECOMMENDED,,TRUE
syn-1123,EVENT,115.69489468275327,PL-402,,,,,,,VIEWED,TRUE
syn-1124,RECOMMENDATION,396.8,EL-302,VEHICLE,849100.0,60,BORROW_100,0.577,RECOMMENDED,,TRUE
syn-1124,EVENT,396.1266638850786,EL-302,,,,,,,VIEWED,TRUE
syn-1124,RECOMMENDATION,159.2,EL-303,PERSONAL,484800.0,48,BORROW_20_LIQUIDATE_80,0.738,RECOMMENDED,,TRUE
syn-1124,EVENT,158.5519734638282,EL-303,,,,,,,VIEWED,TRUE
syn-1124,RECOMMENDATION,381.4,VL-203,BUSINESS,5487600.0,60,BORROW_40_LIQUIDATE_60,0.44,RECOMMENDED,,TRUE
syn-1124,EVENT,380.74224399819076,VL-203,,,,,,,VIEWED,TRUE
syn-1135,RECOMMENDATION,265.6,VL-203,PERSONAL,432600.0,60,BORROW_60_LIQUIDATE_40,0.717,RECOMMENDED,,TRUE
syn-1135,EVENT,265.17399890691456,VL-203,,,,,,,ACCEPTED,TRUE
syn-1135,RECOMMENDATION,403.7,PL-403,MEDICAL,2551800.0,60,BORROW_40_LIQUIDATE_60,0.508,RECOMMENDED,,TRUE
syn-1135,EVENT,403.2927494024333,PL-403,,,,,,,ACCEPTED,TRUE
syn-1135,RECOMMENDATION,56.0,PL-401,VEHICLE,1074300.0,36,BORROW_20_LIQUIDATE_80,0.921,RECOMMENDED,,TRUE
syn-1135,EVENT,55.87578212652828,PL-401,,,,,,,VIEWED,TRUE
syn-1137,RECOMMENDATION,6.3,ML-501,HOME,828100.0,84,BORROW_40_LIQUIDATE_60,0.647,RECOMMENDED,,TRUE
syn-1137,EVENT,5.90649200562088,ML-501,,,,,,,ACCEPTED,TRUE
syn-1137,RECOMMENDATION,43.7,HL-103,PERSONAL,225900.0,60,BORROW_80_LIQUIDATE_20,0.89,RECOMMENDED,,TRUE
syn-1137,EVENT,43.14077019549302,HL-103,,,,,,,ACCEPTED,TRUE
syn-1137,RECOMMENDATION,407.6,ML-501,MEDICAL,549900.0,84,BORROW_100,0.7,RECOMMENDED,,TRUE
syn-1137,EVENT,406.9311434428487,ML-501,,,,,,,VIEWED,TRUE
syn-1137,RECOMMENDATION,170.5,PL-402,MEDICAL,1314800.0,60,BORROW_60_LIQUIDATE_40,0.567,RECOMMENDED,,TRUE
syn-1137,EVENT,169.68178430551652,PL-402,,,,,,,VIEWED,TRUE
syn-1142,RECOMMENDATION,418.0,ML-501,HOME,2717000.0,48,BORROW_60_LIQUIDATE_40,0.688,RECOMMENDED,,TRUE
syn-1142,EVENT,417.438978698411,ML-501,,,,,,,VIEWED,TRUE
syn-1142,RECOMMENDATION,453.6,EL-301,VEHICLE,1714200.0,84,BORROW_100,0.885,RECOMMENDED,,TRUE
syn-1142,EVENT,452.9731783841257,EL-301,,,,,,,VIEWED,TRUE
syn-1142,RECOMMENDATION,148.9,PL-403,MEDICAL,719500.0,120,LIQUIDATE_100,0.485,RECOMMENDED,,TRUE
syn-1142,EVENT,147.9939860134802,PL-403,,,,,,,ACCEPTED,TRUE
syn-1142,RECOMMENDATION,402.1,VL-203,MEDICAL,101200.0,36,BORROW_80_LIQUIDATE_20,0.416,RECOMMENDED,,TRUE
syn-1142,EVENT,401.23051079866764,VL-203,,,,,,,VIEWED,TRUE
syn-1142,RECOMMENDATION,163.3,VL-201,EDUCATION,268400.0,12,BORROW_60_LIQUIDATE_40,0.778,RECOMMENDED,,TRUE
syn-1142,EVENT,162.92341474796336,VL-201,,,,,,,DECLINED,TRUE
syn-1143,RECOMMENDATION,523.8,ML-501,BUSINESS,1013200.0,84,BORROW_80_LIQUIDATE_20,0.63,RECOMMENDED,,TRUE
syn-1143,EVENT,522.857892904608,ML-501,,,,,,,VIEWED,TRUE
syn-1143,RECOMMENDATION,520.7,PL-401,EDUCATION,488400.0,36,BORROW_40_LIQUIDATE_60,0.636,RECOMMENDED,,TRUE
syn-1143,EVENT,519.932950399885,PL-401,,,,,,,VIEWED,TRUE
syn-1144,RECOMMENDATION,525.0,EL-302,BUSINESS,161900.0,48,BORROW_80_LIQUIDATE_20,0.686,RECOMMENDED,,TRUE
syn-1144,EVENT,524.1085572864301,EL-302,,,,,,,DECLINED,TRUE
syn-1144,RECOMMENDATION,95.8,PL-401,BUSINESS,1385900.0,24,BORROW_100,0.492,RECOMMENDED,,TRUE
syn-1144,EVENT,95.54095205431099,PL-401,,,,,,,DECLINED,TRUE
syn-1144,RECOMMENDATION,19.7,VL-201,BUSINESS,125100.0,48,BORROW_100,0.891,RECOMMENDED,,TRUE
syn-1144,EVENT,19.607998325442512,VL-201,,,,,,,VIEWED,TRUE
syn-1144,RECOMMENDATION,286.8,VL-203,EDUCATION,1717100.0,48,LIQUIDATE_100,0.8,RECOMMENDED,,TRUE
syn-1144,EVENT,286.3742646102601,VL-203,,,,,,,VIEWED,TRUE
syn-1144,RECOMMENDATION,411.1,VL-201,PERSONAL,551100.0,36,BORROW_80_LIQUIDATE_20,0.699,RECOMMENDED,,TRUE
syn-1144,EVENT,410.3728257252234,VL-201,,,,,,,DECLINED,TRUE
syn-1149,RECOMMENDATION,136.1,PL-402,EDUCATION,1258700.0,24,BORROW_40_LIQUIDATE_60,0.91,RECOMMENDED,,TRUE
syn-1149,EVENT,136.04976779814814,PL-402,,,,,,,VIEWED,TRUE
syn-1149,RECOMMENDATION,528.7,HL-103,EDUCATION,1956800.0,12,BORROW_40_LIQUIDATE_60,0.805,RECOMMENDED,,TRUE
syn-1149,EVENT,528.1927965334255,HL-103,,,,,,,ACCEPTED,TRUE
syn-1149,RECOMMENDATION,362.9,HL-101,MEDICAL,1075200.0,12,BORROW_20_LIQUIDATE_80,0.824,RECOMMENDED,,TRUE
syn-1149,EVENT,362.23660802466134,HL-101,,,,,,,VIEWED,TRUE
syn-1149,RECOMMENDATION,165.9,EL-302,EDUCATION,226100.0,36,BORROW_80_LIQUIDATE_20,0.73,RECOMMENDED,,TRUE
syn-1149,EVENT,165.5234267817303,EL-302,,,,,,,VIEWED,TRUE
syn-1151,RECOMMENDATION,182.2,HL-101,BUSINESS,107500.0,84,BORROW_20_LIQUIDATE_80,0.443,RECOMMENDED,,TRUE
syn-1151,EVENT,181.77830194131943,HL-101,,,,,,,VIEWED,TRUE
syn-1151,RECOMMENDATION,476.6,EL-302,VEHICLE,1156700.0,48,BORROW_40_LIQUIDATE_60,0.899,RECOMMENDED,,TRUE
syn-1151,EVENT,476.27606234286384,EL-302,,,,,,,VIEWED,TRUE
syn-1151,RECOMMENDATION,525.1,HL-104,EDUCATION,1091400.0,60,BORROW_80_LIQUIDATE_20,0.65,RECOMMENDED,,TRUE
syn-1151,EVENT,524.9729384259234,HL-104,,,,,,,DECLINED,TRUE
syn-1151,RECOMMENDATION,539.5,VL-203,EDUCATION,893200.0,12,BORROW_80_LIQUIDATE_20,0.376,RECOMMENDED,,TRUE
syn-1151,EVENT,538.8214045769603,VL-203,,,,,,,VIEWED,TRUE
syn-1151,RECOMMENDATION,330.4,PL-401,EDUCATION,340700.0,60,LIQUIDATE_100,0.75,RECOMMENDED,,TRUE
syn-1151,EVENT,330.01330810891534,PL-401,,,,,,,DECLINED,TRUE
syn-1152,RECOMMENDATION,474.3,ML-501,EDUCATION,957400.0,24,BORROW_60_LIQUIDATE_40,0.318,RECOMMENDED,,TRUE
syn-1152,EVENT,473.721042555378,ML-501,,,,,,,DECLINED,TRUE
syn-1152,RECOMMENDATION,342.0,BL-602,EDUCATION,5895000.0,36,BORROW_20_LIQUIDATE_80,0.323,RECOMMENDED,,TRUE
syn-1152,EVENT,341.26692576701686,BL-602,,,,,,,ACCEPTED,TRUE
syn-1152,RECOMMENDATION,525.5,VL-202,EDUCATION,1016800.0,48,BORROW_80_LIQUIDATE_20,0.71,RECOMMENDED,,TRUE
syn-1152,EVENT,525.3931013101799,VL-202,,,,,,,VIEWED,TRUE
syn-1154,RECOMMENDATION,256.9,HL-101,VEHICLE,177200.0,48,LIQUIDATE_100,0.632,RECOMMENDED,,TRUE
syn-1154,EVENT,256.0000966976815,HL-101,,,,,,,VIEWED,TRUE
syn-1154,RECOMMENDATION,475.8,HL-101,BUSINESS,265900.0,48,BORROW_40_LIQUIDATE_60,0.82,RECOMMENDED,,TRUE
syn-1154,EVENT,475.0538923184988,HL-101,,,,,,,ACCEPTED,TRUE
syn-1155,RECOMMENDATION,44.1,HL-102,MEDICAL,1397600.0,12,LIQUIDATE_100,0.378,RECOMMENDED,,TRUE
syn-1155,EVENT,43.484658235384856,HL-102,,,,,,,VIEWED,TRUE
syn-1155,RECOMMENDATION,421.1,HL-102,BUSINESS,133700.0,120,BORROW_80_LIQUIDATE_20,0.714,RECOMMENDED,,TRUE
syn-1155,EVENT,421.0960368957715,HL-102,,,,,,,VIEWED,TRUE
syn-1155,RECOMMENDATION,477.2,HL-102,PERSONAL,4199600.0,48,BORROW_40_LIQUIDATE_60,0.833,RECOMMENDED,,TRUE
syn-1155,EVENT,476.40827293204063,HL-102,,,,,,,VIEWED,TRUE
syn-1155,RECOMMENDATION,85.0,BL-602,VEHICLE,508200.0,60,BORROW_80_LIQUIDATE_20,0.734,RECOMMENDED,,TRUE
syn-1155,EVENT,84.42604537456707,BL-602,,,,,,,DECLINED,TRUE
syn-1156,RECOMMENDATION,104.5,VL-203,PERSONAL,178900.0,24,BORROW_40_LIQUIDATE_60,0.69,RECOMMENDED,,TRUE
syn-1156,EVENT,104.27679425841461,VL-203,,,,,,,VIEWED,TRUE
syn-1156,RECOMMENDATION,297.7,HL-102,BUSINESS,1408100.0,120,BORROW_40_LIQUIDATE_60,0.789,RECOMMENDED,,TRUE
syn-1156,EVENT,297.5463029993108,HL-102,,,,,,,DECLINED,TRUE
syn-1156,RECOMMENDATION,1.8,EL-303,BUSINESS,1585400.0,36,BORROW_80_LIQUIDATE_20,0.53,RECOMMENDED,,TRUE
syn-1156,EVENT,1.468392421173867,EL-303,,,,,,,VIEWED,TRUE
syn-1157,RECOMMENDATION,113.0,VL-202,MEDICAL,1579700.0,60,BORROW_60_LIQUIDATE_40,0.902,RECOMMENDED,,TRUE
syn-1157,EVENT,112.754621583717,VL-202,,,,,,,VIEWED,TRUE
syn-1157,RECOMMENDATION,16.8,ML-501,VEHICLE,191900.0,36,BORROW_60_LIQUIDATE_40,0.922,RECOMMENDED,,TRUE
syn-1157,EVENT,16.384834295819807,ML-501,,,,,,,ACCEPTED,TRUE
syn-1157,RECOMMENDATION,531.7,EL-301,PERSONAL,2129800.0,48,BORROW_100,0.713,RECOMMENDED,,TRUE
syn-1157,EVENT,531.3582849436799,EL-301,,,,,,,DECLINED,TRUE
syn-1157,RECOMMENDATION,212.4,BL-601,EDUCATION,164200.0,120,BORROW_60_LIQUIDATE_40,0.698,RECOMMENDED,,TRUE
syn-1157,EVENT,211.5120150552611,BL-601,,,,,,,VIEWED,TRUE
syn-1159,RECOMMENDATION,501.1,PL-402,EDUCATION,5933000.0,12,LIQUIDATE_100,0.815,RECOMMENDED,,TRUE
syn-1159,EVENT,500.91051163001646,PL-402,,,,,,,VIEWED,TRUE
syn-1159,RECOMMENDATION,214.0,VL-202,HOME,211000.0,48,BORROW_100,0.936,RECOMMENDED,,TRUE
syn-1159,EVENT,213.20710319455173,VL-202,,,,,,,ACCEPTED,TRUE
syn-1161,RECOMMENDATION,360.8,HL-102,BUSINESS,205900.0,84,BORROW_40_LIQUIDATE_60,0.875,RECOMMENDED,,TRUE
syn-1161,EVENT,360.57551109171794,HL-102,,,,,,,VIEWED,TRUE
syn-1163,RECOMMENDATION,117.5,VL-202,VEHICLE,5449800.0,120,BORROW_60_LIQUIDATE_40,0.708,RECOMMENDED,,TRUE
syn-1163,EVENT,117.30430306780798,VL-202,,,,,,,VIEWED,TRUE
syn-1163,RECOMMENDATION,97.4,VL-201,PERSONAL,1718800.0,24,LIQUIDATE_100,0.586,RECOMMENDED,,TRUE
syn-1163,EVENT,96.65567313375978,VL-201,,,,,,,DECLINED,TRUE
syn-1163,RECOMMENDATION,295.3,PL-402,EDUCATION,114000.0,84,BORROW_80_LIQUIDATE_20,0.568,RECOMMENDED,,TRUE
syn-1163,EVENT,294.4001890195336,PL-402,,,,,,,ACCEPTED,TRUE
syn-1163,RECOMMENDATION,53.1,BL-602,EDUCATION,494900.0,84,BORROW_80_LIQUIDATE_20,0.5,RECOMMENDED,,TRUE
syn-1163,EVENT,52.926505460459545,BL-602,,,,,,,VIEWED,TRUE
syn-1163,RECOMMENDATION,534.5,PL-401,MEDICAL,126000.0,48,LIQUIDATE_100,0.725,RECOMMENDED,,TRUE
syn-1163,EVENT,534.2670363458723,PL-401,,,,,,,ACCEPTED,TRUE
syn-1164,RECOMMENDATION,228.4,EL-302,PERSONAL,593400.0,24,LIQUIDATE_100,0.647,RECOMMENDED,,TRUE
syn-1164,EVENT,228.22893166339892,EL-302,,,,,,,DECLINED,TRUE
syn-1164,RECOMMENDATION,164.9,BL-601,PERSONAL,435900.0,12,BORROW_20_LIQUIDATE_80,0.359,RECOMMENDED,,TRUE
syn-1164,EVENT,164.87325626428213,BL-601,,,,,,,ACCEPTED,TRUE
syn-1164,RECOMMENDATION,278.7,HL-102,EDUCATION,248700.0,120,LIQUIDATE_100,0.743,RECOMMENDED,,TRUE
syn-1164,EVENT,277.84854683488254,HL-102,,,,,,,VIEWED,TRUE
syn-1164,RECOMMENDATION,405.8,HL-104,MEDICAL,378800.0,120,BORROW_60_LIQUIDATE_40,0.756,RECOMMENDED,,TRUE
syn-1164,EVENT,405.03157658698586,HL-104,,,,,,,VIEWED,TRUE
syn-1164,RECOMMENDATION,333.0,HL-104,EDUCATION,1059900.0,84,LIQUIDATE_100,0.852,RECOMMENDED,,TRUE
syn-1164,EVENT,332.26316806089346,HL-104,,,,,,,VIEWED,TRUE
syn-1166,RECOMMENDATION,259.3,PL-401,VEHICLE,100400.0,12,BORROW_40_LIQUIDATE_60,0.911,RECOMMENDED,,TRUE
syn-1166,EVENT,258.7036573524025,PL-401,,,,,,,VIEWED,TRUE
syn-1166,RECOMMENDATION,488.7,PL-401,BUSINESS,2355400.0,60,BORROW_80_LIQUIDATE_20,0.909,RECOMMENDED,,TRUE
syn-1166,EVENT,487.7578271075993,PL-401,,,,,,,VIEWED,TRUE
syn-1166,RECOMMENDATION,456.6,HL-104,BUSINESS,6064600.0,84,BORROW_60_LIQUIDATE_40,0.546,RECOMMENDED,,TRUE
syn-1166,EVENT,455.83728936159514,HL-104,,,,,,,DECLINED,TRUE
syn-1166,RECOMMENDATION,415.9,PL-402,EDUCATION,261800.0,120,LIQUIDATE_100,0.897,RECOMMENDED,,TRUE
syn-1166,EVENT,415.6337078073303,PL-402,,,,,,,DECLINED,TRUE
syn-1170,RECOMMENDATION,199.1,VL-202,EDUCATION,2277600.0,36,BORROW_100,0.821,RECOMMENDED,,TRUE
syn-1170,EVENT,198.3473217785532,VL-202,,,,,,,VIEWED,TRUE
syn-1170,RECOMMENDATION,424.6,EL-301,EDUCATION,200600.0,84,LIQUIDATE_100,0.453,RECOMMENDED,,TRUE
syn-1170,EVENT,423.92852581136833,EL-301,,,,,,,VIEWED,TRUE
syn-1170,RECOMMENDATION,312.8,VL-203,MEDICAL,283600.0,84,BORROW_20_LIQUIDATE_80,0.506,RECOMMENDED,,TRUE
syn-1170,EVENT,312.3524741327822,VL-203,,,,,,,VIEWED,TRUE
syn-1173,RECOMMENDATION,487.0,BL-601,MEDICAL,3896300.0,12,LIQUIDATE_100,0.465,RECOMMENDED,,TRUE
syn-1173,EVENT,486.1819853476485,BL-601,,,,,,,VIEWED,TRUE
syn-1173,RECOMMENDATION,430.6,PL-402,PERSONAL,283900.0,24,BORROW_60_LIQUIDATE_40,0.915,RECOMMENDED,,TRUE
syn-1173,EVENT,429.6600219088041,PL-402,,,,,,,VIEWED,TRUE
syn-1179,RECOMMENDATION,30.4,PL-401,VEHICLE,118600.0,24,BORROW_40_LIQUIDATE_60,0.894,RECOMMENDED,,TRUE
syn-1179,EVENT,29.468938425772034,PL-401,,,,,,,DECLINED,TRUE
syn-1179,RECOMMENDATION,407.3,VL-201,MEDICAL,3443500.0,12,BORROW_20_LIQUIDATE_80,0.331,RECOMMENDED,,TRUE
syn-1179,EVENT,406.81380270473886,VL-201,,,,,,,ACCEPTED,TRUE
syn-1179,RECOMMENDATION,55.2,BL-602,HOME,120900.0,84,BORROW_20_LIQUIDATE_80,0.867,RECOMMENDED,,TRUE
syn-1179,EVENT,54.35235267599425,BL-602,,,,,,,VIEWED,TRUE
syn-1181,RECOMMENDATION,201.6,BL-602,EDUCATION,257400.0,24,BORROW_80_LIQUIDATE_20,0.392,RECOMMENDED,,TRUE
syn-1181,EVENT,201.13059899516324,BL-602,,,,,,,VIEWED,TRUE
syn-1181,RECOMMENDATION,298.4,BL-601,BUSINESS,140600.0,24,BORROW_40_LIQUIDATE_60,0.715,RECOMMENDED,,TRUE
syn-1181,EVENT,297.94902051541413,BL-601,,,,,,,VIEWED,TRUE
syn-1186,RECOMMENDATION,368.8,HL-104,MEDICAL,4654200.0,24,BORROW_80_LIQUIDATE_20,0.462,RECOMMENDED,,TRUE
syn-1186,EVENT,367.9906320686935,HL-104,,,,,,,VIEWED,TRUE
syn-1186,RECOMMENDATION,167.0,HL-102,EDUCATION,305600.0,60,BORROW_80_LIQUIDATE_20,0.453,RECOMMENDED,,TRUE
syn-1186,EVENT,166.78274556009418,HL-102,,,,,,,VIEWED,TRUE
syn-1186,RECOMMENDATION,161.4,ML-501,VEHICLE,1089700.0,12,BORROW_80_LIQUIDATE_20,0.364,RECOMMENDED,,TRUE
syn-1186,EVENT,160.6126846410798,ML-501,,,,,,,VIEWED,TRUE
syn-1186,RECOMMENDATION,105.6,HL-103,MEDICAL,117600.0,48,BORROW_60_LIQUIDATE_40,0.604,RECOMMENDED,,TRUE
syn-1186,EVENT,105.3115512195613,HL-103,,,,,,,VIEWED,TRUE
syn-1189,RECOMMENDATION,268.4,PL-402,EDUCATION,468400.0,24,BORROW_100,0.819,RECOMMENDED,,TRUE
syn-1189,EVENT,268.2192722854273,PL-402,,,,,,,VIEWED,TRUE
syn-1189,RECOMMENDATION,95.5,HL-103,PERSONAL,1324700.0,60,BORROW_40_LIQUIDATE_60,0.791,RECOMMENDED,,TRUE
syn-1189,EVENT,94.79911446035996,HL-103,,,,,,,DECLINED,TRUE
syn-1189,RECOMMENDATION,8.2,HL-104,VEHICLE,574600.0,12,BORROW_20_LIQUIDATE_80,0.523,RECOMMENDED,,TRUE
syn-1189,EVENT,7.444838893902151,HL-104,,,,,,,ACCEPTED,TRUE
syn-1189,RECOMMENDATION,261.1,HL-102,MEDICAL,759300.0,120,BORROW_60_LIQUIDATE_40,0.735,RECOMMENDED,,TRUE
syn-1189,EVENT,260.28804254537306,HL-102,,,,,,,ACCEPTED,TRUE
syn-1189,RECOMMENDATION,445.0,EL-302,PERSONAL,537800.0,24,BORROW_40_LIQUIDATE_60,0.524,RECOMMENDED,,TRUE
syn-1189,EVENT,444.0883985115831,EL-302,,,,,,,DECLINED,TRUE
syn-1190,RECOMMENDATION,149.9,EL-303,VEHICLE,172200.0,24,BORROW_60_LIQUIDATE_40,0.822,RECOMMENDED,,TRUE
syn-1190,EVENT,149.3265477668195,EL-303,,,,,,,ACCEPTED,TRUE
syn-1190,RECOMMENDATION,149.1,EL-302,PERSONAL,1438100.0,84,LIQUIDATE_100,0.88,RECOMMENDED,,TRUE
syn-1190,EVENT,149.0792703828493,EL-302,,,,,,,VIEWED,TRUE
syn-1190,RECOMMENDATION,302.9,VL-202,PERSONAL,196100.0,36,BORROW_40_LIQUIDATE_60,0.649,RECOMMENDED,,TRUE
syn-1190,EVENT,302.68235294441615,VL-202,,,,,,,ACCEPTED,TRUE
syn-1192,RECOMMENDATION,203.0,EL-301,BUSINESS,1770600.0,48,BORROW_20_LIQUIDATE_80,0.854,RECOMMENDED,,TRUE
syn-1192,EVENT,202.92028150140996,EL-301,,,,,,,ACCEPTED,TRUE
syn-1192,RECOMMENDATION,303.3,EL-303,MEDICAL,6237600.0,36,LIQUIDATE_100,0.391,RECOMMENDED,,TRUE
syn-1192,EVENT,302.7168827353146,EL-303,,,,,,,ACCEPTED,TRUE
syn-1192,RECOMMENDATION,460.3,PL-403,MEDICAL,493200.0,12,BORROW_40_LIQUIDATE_60,0.469,RECOMMENDED,,TRUE
syn-1192,EVENT,459.3475763448596,PL-403,,,,,,,VIEWED,TRUE
syn-1193,RECOMMENDATION,467.5,VL-203,VEHICLE,177500.0,120,BORROW_100,0.714,RECOMMENDED,,TRUE
syn-1193,EVENT,467.18139980555225,VL-203,,,,,,,VIEWED,TRUE
syn-1193,RECOMMENDATION,331.0,HL-103,HOME,1035800.0,120,BORROW_100,0.606,RECOMMENDED,,TRUE
syn-1193,EVENT,330.1438988264838,HL-103,,,,,,,VIEWED,TRUE
syn-1193,RECOMMENDATION,388.0,HL-101,PERSONAL,4506400.0,12,BORROW_80_LIQUIDATE_20,0.512,RECOMMENDED,,TRUE
syn-1193,EVENT,387.794810519464,HL-101,,,,,,,DECLINED,TRUE
syn-1193,RECOMMENDATION,363.9,PL-403,PERSONAL,694200.0,36,BORROW_40_LIQUIDATE_60,0.929,RECOMMENDED,,TRUE
syn-1193,EVENT,363.1236689779442,PL-403,,,,,,,VIEWED,TRUE
syn-1193,RECOMMENDATION,448.2,HL-104,VEHICLE,3637300.0,24,BORROW_60_LIQUIDATE_40,0.303,RECOMMENDED,,TRUE
syn-1193,EVENT,447.27989926092476,HL-104,,,,,,,DECLINED,TRUE
syn-1194,RECOMMENDATION,450.3,PL-401,VEHICLE,226900.0,120,BORROW_20_LIQUIDATE_80,0.348,RECOMMENDED,,TRUE
syn-1194,EVENT,449.7516078807316,PL-401,,,,,,,ACCEPTED,TRUE
syn-1194,RECOMMENDATION,240.0,EL-302,BUSINESS,1769300.0,60,BORROW_100,0.762,RECOMMENDED,,TRUE
syn-1194,EVENT,239.0945379430327,EL-302,,,,,,,ACCEPTED,TRUE
syn-1197,RECOMMENDATION,524.3,HL-102,MEDICAL,146900.0,36,BORROW_20_LIQUIDATE_80,0.911,RECOMMENDED,,TRUE
syn-1197,EVENT,523.342639293936,HL-102,,,,,,,ACCEPTED,TRUE
syn-1197,RECOMMENDATION,5.2,VL-203,HOME,180800.0,36,BORROW_80_LIQUIDATE_20,0.861,RECOMMENDED,,TRUE
syn-1197,EVENT,5.060667947640724,VL-203,,,,,,,ACCEPTED,TRUE
syn-1197,RECOMMENDATION,271.0,VL-203,BUSINESS,174000.0,60,BORROW_100,0.489,RECOMMENDED,,TRUE
syn-1197,EVENT,270.96758515744347,VL-203,,,,,,,ACCEPTED,TRUE
syn-1197,RECOMMENDATION,227.0,PL-401,HOME,235800.0,60,LIQUIDATE_100,0.48,RECOMMENDED,,TRUE
syn-1197,EVENT,226.7508965115476,PL-401,,,,,,,VIEWED,TRUE
syn-1197,RECOMMENDATION,61.0,HL-101,BUSINESS,2460200.0,60,BORROW_40_LIQUIDATE_60,0.845,RECOMMENDED,,TRUE
syn-1197,EVENT,60.666924154543274,HL-101,,,,,,,VIEWED,TRUE
syn-1199,RECOMMENDATION,252.6,PL-401,HOME,5991800.0,84,BORROW_20_LIQUIDATE_80,0.637,RECOMMENDED,,TRUE
syn-1199,EVENT,252.40117158893793,PL-401,,,,,,,DECLINED,TRUE
syn-1199,RECOMMENDATION,346.7,PL-403,EDUCATION,1408200.0,120,BORROW_80_LIQUIDATE_20,0.918,RECOMMENDED,,TRUE
syn-1199,EVENT,345.9228911101043,PL-403,,,,,,,VIEWED,TRUE
syn-1199,RECOMMENDATION,10.3,BL-601,EDUCATION,2601100.0,12,BORROW_60_LIQUIDATE_40,0.497,RECOMMENDED,,TRUE
syn-1199,EVENT,9.438292292964887,BL-601,,,,,,,ACCEPTED,TRUE
syn-1199,RECOMMENDATION,342.3,VL-203,BUSINESS,198800.0,84,BORROW_20_LIQUIDATE_80,0.714,RECOMMENDED,,TRUE
syn-1199,EVENT,342.267828919776,VL-203,,,,,,,ACCEPTED,TRUE
syn-1199,RECOMMENDATION,163.5,HL-103,BUSINESS,1432400.0,36,BORROW_80_LIQUIDATE_20,0.879,RECOMMENDED,,TRUE
syn-1199,EVENT,163.18307215973113,HL-103,,,,,,,ACCEPTED,TRUE
