# SYNTHETIC DATA — generated by training/generate_data.py. These customers, portfolios and interactions are fabricated. Not real banking data. Loan product lender names are real Indian lenders; their rates and limits are APPROXIMATE figures near published rate cards, not quotes, and imply no offer or approval.
user_id,archetype,asset_type,current_value,invested_value,SYNTHETIC
syn-0000,cash_heavy,CASH,343200.0,253939.53,TRUE
syn-0000,cash_heavy,FIXED_DEPOSIT,218400.0,179970.92,TRUE
syn-0000,cash_heavy,MUTUAL_FUNDS,62400.0,61651.12,TRUE
syn-0001,cash_heavy,CASH,1486155.0,1630224.09,TRUE
syn-0001,cash_heavy,FIXED_DEPOSIT,945735.0,936986.37,TRUE
syn-0001,cash_heavy,MUTUAL_FUNDS,270210.0,190319.8,TRUE
syn-0002,equity_tilted,CASH,1042512.0,1162040.46,TRUE
syn-0002,equity_tilted,MUTUAL_FUNDS,4170048.0,5221685.16,TRUE
syn-0002,equity_tilted,STOCKS,6515700.0,6669959.66,TRUE
syn-0002,equity_tilted,BONDS,1303140.0,1928319.15,TRUE
syn-0003,balanced,CASH,824895.0,714900.42,TRUE
syn-0003,balanced,FIXED_DEPOSIT,1374825.0,1840101.35,TRUE
syn-0003,balanced,MUTUAL_FUNDS,1649790.0,1406619.16,TRUE
syn-0003,balanced,STOCKS,1099860.0,995864.57,TRUE
syn-0003,balanced,BONDS,549930.0,450706.89,TRUE
syn-0004,volatile_heavy,CASH,12905.0,10963.85,TRUE
syn-0004,volatile_heavy,STOCKS,141955.0,99947.79,TRUE
syn-0004,volatile_heavy,CRYPTO,103240.0,88534.42,TRUE
syn-0005,balanced,CASH,2507010.0,2331325.18,TRUE
syn-0005,balanced,FIXED_DEPOSIT,4178350.0,3391678.79,TRUE
syn-0005,balanced,MUTUAL_FUNDS,5014020.0,3484478.35,TRUE
syn-0005,balanced,STOCKS,3342680.0,3069337.25,TRUE
syn-0005,balanced,BONDS,1671340.0,1540987.51,TRUE
syn-0008,volatile_heavy,CASH,352785.0,266527.43,TRUE
syn-0008,volatile_heavy,STOCKS,3880635.0,3415774.87,TRUE
syn-0008,volatile_heavy,CRYPTO,2822280.0,4086313.1,TRUE
syn-0010,conservative_income,FIXED_DEPOSIT,1114065.0,968975.97,TRUE
syn-0010,conservative_income,BONDS,990280.0,694990.31,TRUE
syn-0010,conservative_income,CASH,371355.0,283911.84,TRUE
syn-0011,volatile_heavy,CASH,43505.0,44095.33,TRUE
syn-0011,volatile_heavy,STOCKS,478555.0,347738.91,TRUE
syn-0011,volatile_heavy,CRYPTO,348040.0,435088.18,TRUE
syn-0016,balanced,CASH,13208490.0,11400818.34,TRUE
syn-0016,balanced,FIXED_DEPOSIT,22014150.0,21243839.02,TRUE
syn-0016,balanced,MUTUAL_FUNDS,26416980.0,19345489.08,TRUE
syn-0016,balanced,STOCKS,17611320.0,24783370.18,TRUE
syn-0016,balanced,BONDS,8805660.0,6662851.99,TRUE
syn-0017,balanced,CASH,2918040.0,2374465.29,TRUE
syn-0017,balanced,FIXED_DEPOSIT,4863400.0,3523445.79,TRUE
syn-0017,balanced,MUTUAL_FUNDS,5836080.0,6857504.4,TRUE
syn-0017,balanced,STOCKS,3890720.0,4880966.35,TRUE
syn-0017,balanced,BONDS,1945360.0,1489620.44,TRUE
syn-0018,balanced,CASH,2465505.0,2736634.66,TRUE
syn-0018,balanced,FIXED_DEPOSIT,4109175.0,4942050.28,TRUE
syn-0018,balanced,MUTUAL_FUNDS,4931010.0,3628529.81,TRUE
syn-0018,balanced,STOCKS,3287340.0,4839983.99,TRUE
syn-0018,balanced,BONDS,1643670.0,1547582.12,TRUE
syn-0019,cash_heavy,CASH,15469245.0,18337977.57,TRUE
syn-0019,cash_heavy,FIXED_DEPOSIT,9844065.0,11176145.15,TRUE
syn-0019,cash_heavy,MUTUAL_FUNDS,2812590.0,2094931.73,TRUE
syn-0021,volatile_heavy,CASH,9960.0,14028.19,TRUE
syn-0021,volatile_heavy,STOCKS,109560.0,81470.41,TRUE
syn-0021,volatile_heavy,CRYPTO,79680.0,67651.77,TRUE
syn-0022,balanced,CASH,15015.0,12253.9,TRUE
syn-0022,balanced,FIXED_DEPOSIT,25025.0,17749.24,TRUE
syn-0022,balanced,MUTUAL_FUNDS,30030.0,39767.37,TRUE
syn-0022,balanced,STOCKS,20020.0,17938.04,TRUE
syn-0022,balanced,BONDS,10010.0,9139.55,TRUE
syn-0023,volatile_heavy,CASH,44105.0,32240.87,TRUE
syn-0023,volatile_heavy,STOCKS,485155.0,365930.09,TRUE
syn-0023,volatile_heavy,CRYPTO,352840.0,335794.17,TRUE
syn-0024,volatile_heavy,CASH,245600.0,182042.9,TRUE
syn-0024,volatile_heavy,STOCKS,2701600.0,3231313.56,TRUE
syn-0024,volatile_heavy,CRYPTO,1964800.0,1406146.36,TRUE
syn-0025,conservative_income,FIXED_DEPOSIT,867420.0,980451.79,TRUE
syn-0025,conservative_income,BONDS,771040.0,611722.19,TRUE
syn-0025,conservative_income,CASH,289140.0,215853.72,TRUE
syn-0026,volatile_heavy,CASH,71005.0,87409.22,TRUE
syn-0026,volatile_heavy,STOCKS,781055.0,867752.35,TRUE
syn-0026,volatile_heavy,CRYPTO,568040.0,428852.83,TRUE
syn-0027,volatile_heavy,CASH,1721965.0,2306231.73,TRUE
syn-0027,volatile_heavy,STOCKS,18941615.0,22672490.89,TRUE
syn-0027,volatile_heavy,CRYPTO,13775720.0,15595345.19,TRUE
syn-0029,equity_tilted,CASH,36168.0,27713.81,TRUE
syn-0029,equity_tilted,MUTUAL_FUNDS,144672.0,105061.28,TRUE
syn-0029,equity_tilted,STOCKS,226050.0,221061.27,TRUE
syn-0029,equity_tilted,BONDS,45210.0,42431.18,TRUE
syn-0030,equity_tilted,CASH,8144.0,6548.82,TRUE
syn-0030,equity_tilted,MUTUAL_FUNDS,32576.0,27309.51,TRUE
syn-0030,equity_tilted,STOCKS,50900.0,37499.52,TRUE
syn-0030,equity_tilted,BONDS,10180.0,8810.1,TRUE
syn-0035,cash_heavy,CASH,56485.0,39956.75,TRUE
syn-0035,cash_heavy,FIXED_DEPOSIT,35945.0,46367.8,TRUE
syn-0035,cash_heavy,MUTUAL_FUNDS,10270.0,7671.21,TRUE
syn-0036,conservative_income,FIXED_DEPOSIT,466245.0,340840.73,TRUE
syn-0036,conservative_income,BONDS,414440.0,533829.06,TRUE
syn-0036,conservative_income,CASH,155415.0,121900.42,TRUE
syn-0037,volatile_heavy,CASH,106580.0,95611.87,TRUE
syn-0037,volatile_heavy,STOCKS,1172380.0,1331147.32,TRUE
syn-0037,volatile_heavy,CRYPTO,852640.0,725915.41,TRUE
syn-0041,volatile_heavy,CASH,387955.0,358218.32,TRUE
syn-0041,volatile_heavy,STOCKS,4267505.0,3084752.4,TRUE
syn-0041,volatile_heavy,CRYPTO,3103640.0,4735013.33,TRUE
syn-0042,equity_tilted,CASH,52304.0,66676.85,TRUE
syn-0042,equity_tilted,MUTUAL_FUNDS,209216.0,208587.04,TRUE
syn-0042,equity_tilted,STOCKS,326900.0,423498.65,TRUE
syn-0042,equity_tilted,BONDS,65380.0,48668.91,TRUE
syn-0043,conservative_income,FIXED_DEPOSIT,987705.0,1238215.7,TRUE
syn-0043,conservative_income,BONDS,877960.0,1014070.16,TRUE
syn-0043,conservative_income,CASH,329235.0,391602.94,TRUE
syn-0044,conservative_income,FIXED_DEPOSIT,444465.0,360765.82,TRUE
syn-0044,conservative_income,BONDS,395080.0,286477.1,TRUE
syn-0044,conservative_income,CASH,148155.0,165773.69,TRUE
syn-0045,balanced,CASH,31305.0,22961.55,TRUE
syn-0045,balanced,FIXED_DEPOSIT,52175.0,78186.09,TRUE
syn-0045,balanced,MUTUAL_FUNDS,62610.0,95509.04,TRUE
syn-0045,balanced,STOCKS,41740.0,35436.98,TRUE
syn-0045,balanced,BONDS,20870.0,31439.34,TRUE
syn-0047,cash_heavy,CASH,80575.0,57288.17,TRUE
syn-0047,cash_heavy,FIXED_DEPOSIT,51275.0,35642.49,TRUE
syn-0047,cash_heavy,MUTUAL_FUNDS,14650.0,19614.08,TRUE
syn-0049,equity_tilted,CASH,464024.0,487753.95,TRUE
syn-0049,equity_tilted,MUTUAL_FUNDS,1856096.0,2010191.22,TRUE
syn-0049,equity_tilted,STOCKS,2900150.0,3211495.5,TRUE
syn-0049,equity_tilted,BONDS,580030.0,491420.59,TRUE
syn-0052,balanced,CASH,32865.0,24655.71,TRUE
syn-0052,balanced,FIXED_DEPOSIT,54775.0,53639.41,TRUE
syn-0052,balanced,MUTUAL_FUNDS,65730.0,75110.74,TRUE
syn-0052,balanced,STOCKS,43820.0,51449.22,TRUE
syn-0052,balanced,BONDS,21910.0,23358.91,TRUE
syn-0053,volatile_heavy,CASH,69980.0,75155.79,TRUE
syn-0053,volatile_heavy,STOCKS,769780.0,566816.09,TRUE
syn-0053,volatile_heavy,CRYPTO,559840.0,850667.16,TRUE
syn-0054,balanced,CASH,46710.0,70191.61,TRUE
syn-0054,balanced,FIXED_DEPOSIT,77850.0,63082.28,TRUE
syn-0054,balanced,MUTUAL_FUNDS,93420.0,66739.39,TRUE
syn-0054,balanced,STOCKS,62280.0,60423.48,TRUE
syn-0054,balanced,BONDS,31140.0,25750.89,TRUE
syn-0055,balanced,CASH,51585.0,40074.0,TRUE
syn-0055,balanced,FIXED_DEPOSIT,85975.0,78450.66,TRUE
syn-0055,balanced,MUTUAL_FUNDS,103170.0,115555.89,TRUE
syn-0055,balanced,STOCKS,68780.0,49068.27,TRUE
syn-0055,balanced,BONDS,34390.0,24650.34,TRUE
syn-0056,balanced,CASH,12975.0,12059.8,TRUE
syn-0056,balanced,FIXED_DEPOSIT,21625.0,23145.68,TRUE
syn-0056,balanced,MUTUAL_FUNDS,25950.0,30762.72,TRUE
syn-0056,balanced,STOCKS,17300.0,13521.66,TRUE
syn-0056,balanced,BONDS,8650.0,10967.88,TRUE
syn-0057,balanced,CASH,1048965.0,791796.43,TRUE
syn-0057,balanced,FIXED_DEPOSIT,1748275.0,2255397.75,TRUE
syn-0057,balanced,MUTUAL_FUNDS,2097930.0,1666789.42,TRUE
syn-0057,balanced,STOCKS,1398620.0,1523422.45,TRUE
syn-0057,balanced,BONDS,699310.0,558523.02,TRUE
syn-0058,volatile_heavy,CASH,177560.0,260792.66,TRUE
syn-0058,volatile_heavy,STOCKS,1953160.0,1833130.55,TRUE
syn-0058,volatile_heavy,CRYPTO,1420480.0,1158696.8,TRUE
syn-0059,equity_tilted,CASH,251968.0,311436.83,TRUE
syn-0059,equity_tilted,MUTUAL_FUNDS,1007872.0,1446798.47,TRUE
syn-0059,equity_tilted,STOCKS,1574800.0,1897302.84,TRUE
syn-0059,equity_tilted,BONDS,314960.0,361339.61,TRUE
syn-0061,conservative_income,FIXED_DEPOSIT,190485.0,227053.76,TRUE
syn-0061,conservative_income,BONDS,169320.0,222211.39,TRUE
syn-0061,conservative_income,CASH,63495.0,78118.1,TRUE
syn-0062,cash_heavy,CASH,3403070.0,3090647.84,TRUE
syn-0062,cash_heavy,FIXED_DEPOSIT,2165590.0,1704463.84,TRUE
syn-0062,cash_heavy,MUTUAL_FUNDS,618740.0,611153.3,TRUE
syn-0063,conservative_income,FIXED_DEPOSIT,227070.0,202878.14,TRUE
syn-0063,conservative_income,BONDS,201840.0,151031.97,TRUE
syn-0063,conservative_income,CASH,75690.0,64107.17,TRUE
syn-0064,cash_heavy,CASH,80685.0,65088.41,TRUE
syn-0064,cash_heavy,FIXED_DEPOSIT,51345.0,35617.29,TRUE
syn-0064,cash_heavy,MUTUAL_FUNDS,14670.0,16913.27,TRUE
syn-0065,cash_heavy,CASH,2054360.0,2485935.0,TRUE
syn-0065,cash_heavy,FIXED_DEPOSIT,1307320.0,930010.63,TRUE
syn-0065,cash_heavy,MUTUAL_FUNDS,373520.0,512957.81,TRUE
syn-0066,equity_tilted,CASH,497176.0,525284.99,TRUE
syn-0066,equity_tilted,MUTUAL_FUNDS,1988704.0,2150528.18,TRUE
syn-0066,equity_tilted,STOCKS,3107350.0,2885024.93,TRUE
syn-0066,equity_tilted,BONDS,621470.0,588718.43,TRUE
syn-0067,volatile_heavy,CASH,1007965.0,1461797.61,TRUE
syn-0067,volatile_heavy,STOCKS,11087615.0,12483856.66,TRUE
syn-0067,volatile_heavy,CRYPTO,8063720.0,7622172.86,TRUE
syn-0069,cash_heavy,CASH,209770.0,157106.53,TRUE
syn-0069,cash_heavy,FIXED_DEPOSIT,133490.0,111487.81,TRUE
syn-0069,cash_heavy,MUTUAL_FUNDS,38140.0,39867.25,TRUE
syn-0070,balanced,CASH,4123935.0,4408566.96,TRUE
syn-0070,balanced,FIXED_DEPOSIT,6873225.0,6171472.08,TRUE
syn-0070,balanced,MUTUAL_FUNDS,8247870.0,7660679.07,TRUE
syn-0070,balanced,STOCKS,5498580.0,7464976.77,TRUE
syn-0070,balanced,BONDS,2749290.0,3312609.76,TRUE
syn-0071,equity_tilted,CASH,89136.0,62538.82,TRUE
syn-0071,equity_tilted,MUTUAL_FUNDS,356544.0,452516.91,TRUE
syn-0071,equity_tilted,STOCKS,557100.0,642222.5,TRUE
syn-0071,equity_tilted,BONDS,111420.0,147778.74,TRUE
syn-0072,conservative_income,FIXED_DEPOSIT,2705535.0,2770465.99,TRUE
syn-0072,conservative_income,BONDS,2404920.0,1883616.38,TRUE
syn-0072,conservative_income,CASH,901845.0,645555.68,TRUE
syn-0074,balanced,CASH,449445.0,353621.41,TRUE
syn-0074,balanced,FIXED_DEPOSIT,749075.0,717740.56,TRUE
syn-0074,balanced,MUTUAL_FUNDS,898890.0,981420.63,TRUE
syn-0074,balanced,STOCKS,599260.0,467182.79,TRUE
syn-0074,balanced,BONDS,299630.0,216015.51,TRUE
syn-0075,balanced,CASH,110745.0,101366.87,TRUE
syn-0075,balanced,FIXED_DEPOSIT,184575.0,187314.54,TRUE
syn-0075,balanced,MUTUAL_FUNDS,221490.0,246424.81,TRUE
syn-0075,balanced,STOCKS,147660.0,109297.82,TRUE
syn-0075,balanced,BONDS,73830.0,68791.12,TRUE
syn-0078,equity_tilted,CASH,1616480.0,1525368.9,TRUE
syn-0078,equity_tilted,MUTUAL_FUNDS,6465920.0,5168249.12,TRUE
syn-0078,equity_tilted,STOCKS,10103000.0,8719615.14,TRUE
syn-0078,equity_tilted,BONDS,2020600.0,2321883.54,TRUE
syn-0079,equity_tilted,CASH,592064.0,490611.5,TRUE
syn-0079,equity_tilted,MUTUAL_FUNDS,2368256.0,1716177.37,TRUE
syn-0079,equity_tilted,STOCKS,3700400.0,4122450.81,TRUE
syn-0079,equity_tilted,BONDS,740080.0,555031.54,TRUE
syn-0080,cash_heavy,CASH,997480.0,862665.7,TRUE
syn-0080,cash_heavy,FIXED_DEPOSIT,634760.0,451135.5,TRUE
syn-0080,cash_heavy,MUTUAL_FUNDS,181360.0,136978.56,TRUE
syn-0081,balanced,CASH,139665.0,129425.64,TRUE
syn-0081,balanced,FIXED_DEPOSIT,232775.0,353623.33,TRUE
syn-0081,balanced,MUTUAL_FUNDS,279330.0,332870.66,TRUE
syn-0081,balanced,STOCKS,186220.0,262131.45,TRUE
syn-0081,balanced,BONDS,93110.0,77343.94,TRUE
syn-0082,volatile_heavy,CASH,61120.0,92477.79,TRUE
syn-0082,volatile_heavy,STOCKS,672320.0,521567.62,TRUE
syn-0082,volatile_heavy,CRYPTO,488960.0,413432.41,TRUE
syn-0083,conservative_income,FIXED_DEPOSIT,1960560.0,2720513.92,TRUE
syn-0083,conservative_income,BONDS,1742720.0,1448688.79,TRUE
syn-0083,conservative_income,CASH,653520.0,464500.59,TRUE
syn-0084,volatile_heavy,CASH,346835.0,263560.6,TRUE
syn-0084,volatile_heavy,STOCKS,3815185.0,2670943.29,TRUE
syn-0084,volatile_heavy,CRYPTO,2774680.0,2280089.99,TRUE
syn-0085,conservative_income,FIXED_DEPOSIT,102510.0,87917.6,TRUE
syn-0085,conservative_income,BONDS,91120.0,88394.24,TRUE
syn-0085,conservative_income,CASH,34170.0,43458.47,TRUE
syn-0086,volatile_heavy,CASH,100315.0,103178.57,TRUE
syn-0086,volatile_heavy,STOCKS,1103465.0,1151932.52,TRUE
syn-0086,volatile_heavy,CRYPTO,802520.0,1012663.43,TRUE
syn-0087,equity_tilted,CASH,109920.0,97693.08,TRUE
syn-0087,equity_tilted,MUTUAL_FUNDS,439680.0,586457.41,TRUE
syn-0087,equity_tilted,STOCKS,687000.0,978830.41,TRUE
syn-0087,equity_tilted,BONDS,137400.0,177319.1,TRUE
syn-0088,volatile_heavy,CASH,24195.0,35934.06,TRUE
syn-0088,volatile_heavy,STOCKS,266145.0,204755.66,TRUE
syn-0088,volatile_heavy,CRYPTO,193560.0,169975.77,TRUE
syn-0090,balanced,CASH,82410.0,57323.1,TRUE
syn-0090,balanced,FIXED_DEPOSIT,137350.0,115951.38,TRUE
syn-0090,balanced,MUTUAL_FUNDS,164820.0,192382.68,TRUE
syn-0090,balanced,STOCKS,109880.0,99364.87,TRUE
syn-0090,balanced,BONDS,54940.0,61811.37,TRUE
syn-0091,cash_heavy,CASH,2665135.0,2194802.96,TRUE
syn-0091,cash_heavy,FIXED_DEPOSIT,1695995.0,2156204.55,TRUE
syn-0091,cash_heavy,MUTUAL_FUNDS,484570.0,340152.91,TRUE
syn-0092,volatile_heavy,CASH,899130.0,915957.46,TRUE
syn-0092,volatile_heavy,STOCKS,9890430.0,9974663.18,TRUE
syn-0092,volatile_heavy,CRYPTO,7193040.0,8631361.14,TRUE
syn-0093,cash_heavy,CASH,668250.0,569756.63,TRUE
syn-0093,cash_heavy,FIXED_DEPOSIT,425250.0,310962.5,TRUE
syn-0093,cash_heavy,MUTUAL_FUNDS,121500.0,98165.18,TRUE
syn-0096,conservative_income,FIXED_DEPOSIT,270810.0,193569.88,TRUE
syn-0096,conservative_income,BONDS,240720.0,329278.53,TRUE
syn-0096,conservative_income,CASH,90270.0,67267.22,TRUE
syn-0097,cash_heavy,CASH,1849155.0,1746206.04,TRUE
syn-0097,cash_heavy,FIXED_DEPOSIT,1176735.0,933433.15,TRUE
syn-0097,cash_heavy,MUTUAL_FUNDS,336210.0,321850.62,TRUE
syn-0098,cash_heavy,CASH,330220.0,306682.15,TRUE
syn-0098,cash_heavy,FIXED_DEPOSIT,210140.0,286419.79,TRUE
syn-0098,cash_heavy,MUTUAL_FUNDS,60040.0,47122.2,TRUE
syn-0101,cash_heavy,CASH,696740.0,577873.26,TRUE
syn-0101,cash_heavy,FIXED_DEPOSIT,443380.0,419217.97,TRUE
syn-0101,cash_heavy,MUTUAL_FUNDS,126680.0,155450.98,TRUE
syn-0103,volatile_heavy,CASH,281790.0,300891.12,TRUE
syn-0103,volatile_heavy,STOCKS,3099690.0,2990922.94,TRUE
syn-0103,volatile_heavy,CRYPTO,2254320.0,1855833.5,TRUE
syn-0104,balanced,CASH,1335300.0,1417453.22,TRUE
syn-0104,balanced,FIXED_DEPOSIT,2225500.0,2405800.3,TRUE
syn-0104,balanced,MUTUAL_FUNDS,2670600.0,3393729.94,TRUE
syn-0104,balanced,STOCKS,1780400.0,2708491.57,TRUE
syn-0104,balanced,BONDS,890200.0,1083913.06,TRUE
syn-0106,balanced,CASH,63015.0,62811.24,TRUE
syn-0106,balanced,FIXED_DEPOSIT,105025.0,116598.54,TRUE
syn-0106,balanced,MUTUAL_FUNDS,126030.0,145768.7,TRUE
syn-0106,balanced,STOCKS,84020.0,91556.27,TRUE
syn-0106,balanced,BONDS,42010.0,34843.03,TRUE
syn-0107,equity_tilted,CASH,152608.0,109858.11,TRUE
syn-0107,equity_tilted,MUTUAL_FUNDS,610432.0,453157.91,TRUE
syn-0107,equity_tilted,STOCKS,953800.0,786192.21,TRUE
syn-0107,equity_tilted,BONDS,190760.0,184615.25,TRUE
syn-0108,volatile_heavy,CASH,22440.0,18412.46,TRUE
syn-0108,volatile_heavy,STOCKS,246840.0,305331.84,TRUE
syn-0108,volatile_heavy,CRYPTO,179520.0,169720.4,TRUE
syn-0110,cash_heavy,CASH,2032140.0,1539996.12,TRUE
syn-0110,cash_heavy,FIXED_DEPOSIT,1293180.0,951945.12,TRUE
syn-0110,cash_heavy,MUTUAL_FUNDS,369480.0,414586.45,TRUE
syn-0112,equity_tilted,CASH,12048.0,8867.72,TRUE
syn-0112,equity_tilted,MUTUAL_FUNDS,48192.0,39879.32,TRUE
syn-0112,equity_tilted,STOCKS,75300.0,113118.47,TRUE
syn-0112,equity_tilted,BONDS,15060.0,22947.9,TRUE
syn-0113,volatile_heavy,CASH,157610.0,115756.13,TRUE
syn-0113,volatile_heavy,STOCKS,1733710.0,1444439.86,TRUE
syn-0113,volatile_heavy,CRYPTO,1260880.0,1007592.72,TRUE
syn-0115,equity_tilted,CASH,49568.0,75518.22,TRUE
syn-0115,equity_tilted,MUTUAL_FUNDS,198272.0,158378.6,TRUE
syn-0115,equity_tilted,STOCKS,309800.0,380445.52,TRUE
syn-0115,equity_tilted,BONDS,61960.0,46069.79,TRUE
syn-0116,balanced,CASH,101760.0,116080.78,TRUE
syn-0116,balanced,FIXED_DEPOSIT,169600.0,155240.57,TRUE
syn-0116,balanced,MUTUAL_FUNDS,203520.0,218178.46,TRUE
syn-0116,balanced,STOCKS,135680.0,178385.84,TRUE
syn-0116,balanced,BONDS,67840.0,80239.55,TRUE
syn-0117,equity_tilted,CASH,2344408.0,3043539.38,TRUE
syn-0117,equity_tilted,MUTUAL_FUNDS,9377632.0,10556616.66,TRUE
syn-0117,equity_tilted,STOCKS,14652550.0,18277252.89,TRUE
syn-0117,equity_tilted,BONDS,2930510.0,4391929.84,TRUE
syn-0118,balanced,CASH,31350.0,36381.91,TRUE
syn-0118,balanced,FIXED_DEPOSIT,52250.0,69429.57,TRUE
syn-0118,balanced,MUTUAL_FUNDS,62700.0,44553.1,TRUE
syn-0118,balanced,STOCKS,41800.0,48487.37,TRUE
syn-0118,balanced,BONDS,20900.0,15080.52,TRUE
syn-0120,equity_tilted,CASH,693960.0,557494.43,TRUE
syn-0120,equity_tilted,MUTUAL_FUNDS,2775840.0,3641846.7,TRUE
syn-0120,equity_tilted,STOCKS,4337250.0,3318194.44,TRUE
syn-0120,equity_tilted,BONDS,867450.0,790020.0,TRUE
syn-0121,conservative_income,FIXED_DEPOSIT,2289870.0,2117063.65,TRUE
syn-0121,conservative_income,BONDS,2035440.0,1667302.21,TRUE
syn-0121,conservative_income,CASH,763290.0,1162087.48,TRUE
syn-0122,conservative_income,FIXED_DEPOSIT,5255910.0,4790426.21,TRUE
syn-0122,conservative_income,BONDS,4671920.0,4210375.56,TRUE
syn-0122,conservative_income,CASH,1751970.0,2087921.88,TRUE
syn-0124,conservative_income,FIXED_DEPOSIT,344025.0,277097.01,TRUE
syn-0124,conservative_income,BONDS,305800.0,219595.17,TRUE
syn-0124,conservative_income,CASH,114675.0,82512.73,TRUE
syn-0125,conservative_income,FIXED_DEPOSIT,178470.0,127348.7,TRUE
syn-0125,conservative_income,BONDS,158640.0,151805.04,TRUE
syn-0125,conservative_income,CASH,59490.0,77460.39,TRUE
syn-0126,balanced,CASH,1893015.0,1711065.54,TRUE
syn-0126,balanced,FIXED_DEPOSIT,3155025.0,2608242.65,TRUE
syn-0126,balanced,MUTUAL_FUNDS,3786030.0,4968218.43,TRUE
syn-0126,balanced,STOCKS,2524020.0,1973895.16,TRUE
syn-0126,balanced,BONDS,1262010.0,927364.66,TRUE
syn-0127,volatile_heavy,CASH,212185.0,270700.35,TRUE
syn-0127,volatile_heavy,STOCKS,2334035.0,2468454.2,TRUE
syn-0127,volatile_heavy,CRYPTO,1697480.0,1524545.01,TRUE
syn-0128,cash_heavy,CASH,17452325.0,24455232.19,TRUE
syn-0128,cash_heavy,FIXED_DEPOSIT,11106025.0,9826566.49,TRUE
syn-0128,cash_heavy,MUTUAL_FUNDS,3173150.0,3237987.2,TRUE
syn-0131,balanced,CASH,55050.0,47529.17,TRUE
syn-0131,balanced,FIXED_DEPOSIT,91750.0,129711.02,TRUE
syn-0131,balanced,MUTUAL_FUNDS,110100.0,137861.79,TRUE
syn-0131,balanced,STOCKS,73400.0,73036.31,TRUE
syn-0131,balanced,BONDS,36700.0,25789.5,TRUE
syn-0132,conservative_income,FIXED_DEPOSIT,22040505.0,18793210.54,TRUE
syn-0132,conservative_income,BONDS,19591560.0,20956185.47,TRUE
syn-0132,conservative_income,CASH,7346835.0,10460584.8,TRUE
syn-0133,volatile_heavy,CASH,14460.0,12089.21,TRUE
syn-0133,volatile_heavy,STOCKS,159060.0,191001.06,TRUE
syn-0133,volatile_heavy,CRYPTO,115680.0,126963.82,TRUE
syn-0134,cash_heavy,CASH,2103255.0,2070922.03,TRUE
syn-0134,cash_heavy,FIXED_DEPOSIT,1338435.0,1135433.24,TRUE
syn-0134,cash_heavy,MUTUAL_FUNDS,382410.0,352260.73,TRUE
syn-0135,cash_heavy,CASH,829290.0,644678.32,TRUE
syn-0135,cash_heavy,FIXED_DEPOSIT,527730.0,548288.64,TRUE
syn-0135,cash_heavy,MUTUAL_FUNDS,150780.0,113950.94,TRUE
syn-0136,equity_tilted,CASH,1379408.0,1032241.96,TRUE
syn-0136,equity_tilted,MUTUAL_FUNDS,5517632.0,6066062.74,TRUE
syn-0136,equity_tilted,STOCKS,8621300.0,10774118.61,TRUE
syn-0136,equity_tilted,BONDS,1724260.0,2083712.75,TRUE
syn-0140,conservative_income,FIXED_DEPOSIT,584055.0,472315.52,TRUE
syn-0140,conservative_income,BONDS,519160.0,376734.61,TRUE
syn-0140,conservative_income,CASH,194685.0,157867.19,TRUE
syn-0141,equity_tilted,CASH,124000.0,97661.54,TRUE
syn-0141,equity_tilted,MUTUAL_FUNDS,496000.0,483024.75,TRUE
syn-0141,equity_tilted,STOCKS,775000.0,570538.4,TRUE
syn-0141,equity_tilted,BONDS,155000.0,139979.24,TRUE
syn-0143,volatile_heavy,CASH,1744890.0,1473158.94,TRUE
syn-0143,volatile_heavy,STOCKS,19193790.0,25743670.17,TRUE
syn-0143,volatile_heavy,CRYPTO,13959120.0,9956742.75,TRUE
syn-0144,volatile_heavy,CASH,155000.0,136396.14,TRUE
syn-0144,volatile_heavy,STOCKS,1705000.0,1369597.33,TRUE
syn-0144,volatile_heavy,CRYPTO,1240000.0,889071.94,TRUE
syn-0145,balanced,CASH,328695.0,240529.02,TRUE
syn-0145,balanced,FIXED_DEPOSIT,547825.0,396666.68,TRUE
syn-0145,balanced,MUTUAL_FUNDS,657390.0,610731.39,TRUE
syn-0145,balanced,STOCKS,438260.0,548660.18,TRUE
syn-0145,balanced,BONDS,219130.0,179316.14,TRUE
syn-0146,balanced,CASH,31200.0,42340.16,TRUE
syn-0146,balanced,FIXED_DEPOSIT,52000.0,50280.18,TRUE
syn-0146,balanced,MUTUAL_FUNDS,62400.0,59680.11,TRUE
syn-0146,balanced,STOCKS,41600.0,30204.74,TRUE
syn-0146,balanced,BONDS,20800.0,19337.45,TRUE
syn-0147,volatile_heavy,CASH,9265.0,11526.85,TRUE
syn-0147,volatile_heavy,STOCKS,101915.0,138089.35,TRUE
syn-0147,volatile_heavy,CRYPTO,74120.0,76156.3,TRUE
syn-0149,cash_heavy,CASH,1664960.0,2453343.94,TRUE
syn-0149,cash_heavy,FIXED_DEPOSIT,1059520.0,1158432.35,TRUE
syn-0149,cash_heavy,MUTUAL_FUNDS,302720.0,253527.97,TRUE
syn-0150,balanced,CASH,252975.0,255106.72,TRUE
syn-0150,balanced,FIXED_DEPOSIT,421625.0,517687.83,TRUE
syn-0150,balanced,MUTUAL_FUNDS,505950.0,453535.88,TRUE
syn-0150,balanced,STOCKS,337300.0,307006.84,TRUE
syn-0150,balanced,BONDS,168650.0,229855.39,TRUE
syn-0151,volatile_heavy,CASH,118680.0,83661.31,TRUE
syn-0151,volatile_heavy,STOCKS,1305480.0,1212699.33,TRUE
syn-0151,volatile_heavy,CRYPTO,949440.0,847717.99,TRUE
syn-0152,balanced,CASH,3205140.0,2782578.21,TRUE
syn-0152,balanced,FIXED_DEPOSIT,5341900.0,4387660.6,TRUE
syn-0152,balanced,MUTUAL_FUNDS,6410280.0,6812053.54,TRUE
syn-0152,balanced,STOCKS,4273520.0,4496180.22,TRUE
syn-0152,balanced,BONDS,2136760.0,2182749.18,TRUE
syn-0154,balanced,CASH,46980.0,46800.8,TRUE
syn-0154,balanced,FIXED_DEPOSIT,78300.0,66728.4,TRUE
syn-0154,balanced,MUTUAL_FUNDS,93960.0,140992.65,TRUE
syn-0154,balanced,STOCKS,62640.0,79056.97,TRUE
syn-0154,balanced,BONDS,31320.0,22337.4,TRUE
syn-0155,equity_tilted,CASH,398944.0,540351.78,TRUE
syn-0155,equity_tilted,MUTUAL_FUNDS,1595776.0,1560254.43,TRUE
syn-0155,equity_tilted,STOCKS,2493400.0,2134942.64,TRUE
syn-0155,equity_tilted,BONDS,498680.0,494165.51,TRUE
syn-0156,cash_heavy,CASH,2305380.0,2452658.45,TRUE
syn-0156,cash_heavy,FIXED_DEPOSIT,1467060.0,1146589.23,TRUE
syn-0156,cash_heavy,MUTUAL_FUNDS,419160.0,569493.86,TRUE
syn-0158,cash_heavy,CASH,147785.0,115687.82,TRUE
syn-0158,cash_heavy,FIXED_DEPOSIT,94045.0,71286.02,TRUE
syn-0158,cash_heavy,MUTUAL_FUNDS,26870.0,33520.63,TRUE
syn-0160,equity_tilted,CASH,305088.0,381377.0,TRUE
syn-0160,equity_tilted,MUTUAL_FUNDS,1220352.0,1015923.75,TRUE
syn-0160,equity_tilted,STOCKS,1906800.0,1670255.22,TRUE
syn-0160,equity_tilted,BONDS,381360.0,265999.14,TRUE
syn-0162,equity_tilted,CASH,474536.0,383535.95,TRUE
syn-0162,equity_tilted,MUTUAL_FUNDS,1898144.0,1407514.7,TRUE
syn-0162,equity_tilted,STOCKS,2965850.0,2781919.25,TRUE
syn-0162,equity_tilted,BONDS,593170.0,533232.94,TRUE
syn-0163,balanced,CASH,99855.0,106046.93,TRUE
syn-0163,balanced,FIXED_DEPOSIT,166425.0,205042.13,TRUE
syn-0163,balanced,MUTUAL_FUNDS,199710.0,222779.14,TRUE
syn-0163,balanced,STOCKS,133140.0,184868.1,TRUE
syn-0163,balanced,BONDS,66570.0,75541.8,TRUE
syn-0164,volatile_heavy,CASH,588190.0,467517.79,TRUE
syn-0164,volatile_heavy,STOCKS,6470090.0,8610139.78,TRUE
syn-0164,volatile_heavy,CRYPTO,4705520.0,4252463.34,TRUE
syn-0165,cash_heavy,CASH,8227065.0,7869679.69,TRUE
syn-0165,cash_heavy,FIXED_DEPOSIT,5235405.0,6055746.22,TRUE
syn-0165,cash_heavy,MUTUAL_FUNDS,1495830.0,1585668.96,TRUE
syn-0166,balanced,CASH,1608690.0,1797724.05,TRUE
syn-0166,balanced,FIXED_DEPOSIT,2681150.0,2637283.46,TRUE
syn-0166,balanced,MUTUAL_FUNDS,3217380.0,3091623.68,TRUE
syn-0166,balanced,STOCKS,2144920.0,2103553.95,TRUE
syn-0166,balanced,BONDS,1072460.0,1135613.57,TRUE
syn-0168,cash_heavy,CASH,1317250.0,1141403.41,TRUE
syn-0168,cash_heavy,FIXED_DEPOSIT,838250.0,693790.35,TRUE
syn-0168,cash_heavy,MUTUAL_FUNDS,239500.0,165361.18,TRUE
syn-0169,volatile_heavy,CASH,146920.0,144062.69,TRUE
syn-0169,volatile_heavy,STOCKS,1616120.0,2247790.39,TRUE
syn-0169,volatile_heavy,CRYPTO,1175360.0,1293012.16,TRUE
syn-0170,balanced,CASH,3681075.0,3306626.38,TRUE
syn-0170,balanced,FIXED_DEPOSIT,6135125.0,6104467.35,TRUE
syn-0170,balanced,MUTUAL_FUNDS,7362150.0,5213127.6,TRUE
syn-0170,balanced,STOCKS,4908100.0,3617624.95,TRUE
syn-0170,balanced,BONDS,2454050.0,1947414.16,TRUE
syn-0171,conservative_income,FIXED_DEPOSIT,1059390.0,1118532.59,TRUE
syn-0171,conservative_income,BONDS,941680.0,675893.97,TRUE
syn-0171,conservative_income,CASH,353130.0,482344.63,TRUE
syn-0174,balanced,CASH,19290.0,24383.62,TRUE
syn-0174,balanced,FIXED_DEPOSIT,32150.0,28515.63,TRUE
syn-0174,balanced,MUTUAL_FUNDS,38580.0,29411.39,TRUE
syn-0174,balanced,STOCKS,25720.0,23906.87,TRUE
syn-0174,balanced,BONDS,12860.0,10534.05,TRUE
syn-0175,volatile_heavy,CASH,105630.0,81915.7,TRUE
syn-0175,volatile_heavy,STOCKS,1161930.0,1670488.46,TRUE
syn-0175,volatile_heavy,CRYPTO,845040.0,986089.71,TRUE
syn-0177,equity_tilted,CASH,37336.0,32037.52,TRUE
syn-0177,equity_tilted,MUTUAL_FUNDS,149344.0,139634.81,TRUE
syn-0177,equity_tilted,STOCKS,233350.0,283112.16,TRUE
syn-0177,equity_tilted,BONDS,46670.0,37410.82,TRUE
syn-0178,cash_heavy,CASH,9758485.0,9809101.72,TRUE
syn-0178,cash_heavy,FIXED_DEPOSIT,6209945.0,8478175.25,TRUE
syn-0178,cash_heavy,MUTUAL_FUNDS,1774270.0,1569146.21,TRUE
syn-0180,balanced,CASH,120885.0,85409.66,TRUE
syn-0180,balanced,FIXED_DEPOSIT,201475.0,219516.27,TRUE
syn-0180,balanced,MUTUAL_FUNDS,241770.0,167880.85,TRUE
syn-0180,balanced,STOCKS,161180.0,130029.77,TRUE
syn-0180,balanced,BONDS,80590.0,106207.3,TRUE
syn-0181,equity_tilted,CASH,2276952.0,2464007.26,TRUE
syn-0181,equity_tilted,MUTUAL_FUNDS,9107808.0,7116549.08,TRUE
syn-0181,equity_tilted,STOCKS,14230950.0,15121638.29,TRUE
syn-0181,equity_tilted,BONDS,2846190.0,2009736.05,TRUE
syn-0184,volatile_heavy,CASH,180005.0,188769.53,TRUE
syn-0184,volatile_heavy,STOCKS,1980055.0,2381101.67,TRUE
syn-0184,volatile_heavy,CRYPTO,1440040.0,1426405.23,TRUE
syn-0185,cash_heavy,CASH,43670.0,36351.75,TRUE
syn-0185,cash_heavy,FIXED_DEPOSIT,27790.0,32115.21,TRUE
syn-0185,cash_heavy,MUTUAL_FUNDS,7940.0,6823.6,TRUE
syn-0186,cash_heavy,CASH,13735480.0,11354866.2,TRUE
syn-0186,cash_heavy,FIXED_DEPOSIT,8740760.0,11895380.7,TRUE
syn-0186,cash_heavy,MUTUAL_FUNDS,2497360.0,2652043.32,TRUE
syn-0188,equity_tilted,CASH,50280.0,56761.97,TRUE
syn-0188,equity_tilted,MUTUAL_FUNDS,201120.0,271048.42,TRUE
syn-0188,equity_tilted,STOCKS,314250.0,421571.83,TRUE
syn-0188,equity_tilted,BONDS,62850.0,46339.32,TRUE
syn-0189,volatile_heavy,CASH,59800.0,45769.21,TRUE
syn-0189,volatile_heavy,STOCKS,657800.0,758126.81,TRUE
syn-0189,volatile_heavy,CRYPTO,478400.0,667664.28,TRUE
syn-0190,equity_tilted,CASH,335160.0,300851.02,TRUE
syn-0190,equity_tilted,MUTUAL_FUNDS,1340640.0,1630722.39,TRUE
syn-0190,equity_tilted,STOCKS,2094750.0,2983136.83,TRUE
syn-0190,equity_tilted,BONDS,418950.0,556724.6,TRUE
syn-0191,conservative_income,FIXED_DEPOSIT,212985.0,214971.03,TRUE
syn-0191,conservative_income,BONDS,189320.0,136466.98,TRUE
syn-0191,conservative_income,CASH,70995.0,53963.25,TRUE
syn-0192,conservative_income,FIXED_DEPOSIT,4166550.0,3492772.11,TRUE
syn-0192,conservative_income,BONDS,3703600.0,4744139.32,TRUE
syn-0192,conservative_income,CASH,1388850.0,979719.23,TRUE
syn-0193,conservative_income,FIXED_DEPOSIT,10493685.0,12130386.33,TRUE
syn-0193,conservative_income,BONDS,9327720.0,7839433.89,TRUE
syn-0193,conservative_income,CASH,3497895.0,3078596.07,TRUE
syn-0194,conservative_income,FIXED_DEPOSIT,2569455.0,2536918.35,TRUE
syn-0194,conservative_income,BONDS,2283960.0,1582848.9,TRUE
syn-0194,conservative_income,CASH,856485.0,1212833.43,TRUE
syn-0196,balanced,CASH,1789095.0,2672081.57,TRUE
syn-0196,balanced,FIXED_DEPOSIT,2981825.0,2603620.72,TRUE
syn-0196,balanced,MUTUAL_FUNDS,3578190.0,3212783.87,TRUE
syn-0196,balanced,STOCKS,2385460.0,3265290.97,TRUE
syn-0196,balanced,BONDS,1192730.0,1335164.25,TRUE
syn-0198,cash_heavy,CASH,6633880.0,8223981.96,TRUE
syn-0198,cash_heavy,FIXED_DEPOSIT,4221560.0,4025969.59,TRUE
syn-0198,cash_heavy,MUTUAL_FUNDS,1206160.0,1606997.41,TRUE
syn-0199,conservative_income,FIXED_DEPOSIT,346995.0,414992.47,TRUE
syn-0199,conservative_income,BONDS,308440.0,350369.69,TRUE
syn-0199,conservative_income,CASH,115665.0,89154.3,TRUE
syn-0200,equity_tilted,CASH,496016.0,537420.13,TRUE
syn-0200,equity_tilted,MUTUAL_FUNDS,1984064.0,1415801.75,TRUE
syn-0200,equity_tilted,STOCKS,3100100.0,2355534.45,TRUE
syn-0200,equity_tilted,BONDS,620020.0,932970.25,TRUE
syn-0201,volatile_heavy,CASH,68620.0,72681.9,TRUE
syn-0201,volatile_heavy,STOCKS,754820.0,854880.72,TRUE
syn-0201,volatile_heavy,CRYPTO,548960.0,394711.93,TRUE
syn-0202,balanced,CASH,53220.0,69446.06,TRUE
syn-0202,balanced,FIXED_DEPOSIT,88700.0,102382.55,TRUE
syn-0202,balanced,MUTUAL_FUNDS,106440.0,103097.5,TRUE
syn-0202,balanced,STOCKS,70960.0,55962.23,TRUE
syn-0202,balanced,BONDS,35480.0,34639.78,TRUE
syn-0203,balanced,CASH,75105.0,76519.0,TRUE
syn-0203,balanced,FIXED_DEPOSIT,125175.0,167259.2,TRUE
syn-0203,balanced,MUTUAL_FUNDS,150210.0,175299.66,TRUE
syn-0203,balanced,STOCKS,100140.0,117521.72,TRUE
syn-0203,balanced,BONDS,50070.0,34831.84,TRUE
syn-0204,balanced,CASH,2758275.0,2924266.62,TRUE
syn-0204,balanced,FIXED_DEPOSIT,4597125.0,4312957.22,TRUE
syn-0204,balanced,MUTUAL_FUNDS,5516550.0,7270755.17,TRUE
syn-0204,balanced,STOCKS,3677700.0,3650190.35,TRUE
syn-0204,balanced,BONDS,1838850.0,2776818.38,TRUE
syn-0205,conservative_income,FIXED_DEPOSIT,364050.0,347214.11,TRUE
syn-0205,conservative_income,BONDS,323600.0,272172.24,TRUE
syn-0205,conservative_income,CASH,121350.0,93349.62,TRUE
syn-0206,conservative_income,FIXED_DEPOSIT,10050885.0,7906441.84,TRUE
syn-0206,conservative_income,BONDS,8934120.0,7896154.73,TRUE
syn-0206,conservative_income,CASH,3350295.0,4497695.41,TRUE
syn-0207,cash_heavy,CASH,7668100.0,6285740.77,TRUE
syn-0207,cash_heavy,FIXED_DEPOSIT,4879700.0,5315846.31,TRUE
syn-0207,cash_heavy,MUTUAL_FUNDS,1394200.0,1030396.52,TRUE
syn-0208,conservative_income,FIXED_DEPOSIT,187155.0,220165.3,TRUE
syn-0208,conservative_income,BONDS,166360.0,155294.15,TRUE
syn-0208,conservative_income,CASH,62385.0,79935.69,TRUE
syn-0210,equity_tilted,CASH,71320.0,50976.68,TRUE
syn-0210,equity_tilted,MUTUAL_FUNDS,285280.0,233549.37,TRUE
syn-0210,equity_tilted,STOCKS,445750.0,347812.91,TRUE
syn-0210,equity_tilted,BONDS,89150.0,97060.95,TRUE
syn-0211,cash_heavy,CASH,2981605.0,2529211.72,TRUE
syn-0211,cash_heavy,FIXED_DEPOSIT,1897385.0,2394882.36,TRUE
syn-0211,cash_heavy,MUTUAL_FUNDS,542110.0,383700.05,TRUE
syn-0212,volatile_heavy,CASH,3933045.0,4387589.73,TRUE
syn-0212,volatile_heavy,STOCKS,43263495.0,34880084.33,TRUE
syn-0212,volatile_heavy,CRYPTO,31464360.0,48150704.8,TRUE
syn-0214,balanced,CASH,49665.0,45784.08,TRUE
syn-0214,balanced,FIXED_DEPOSIT,82775.0,79751.32,TRUE
syn-0214,balanced,MUTUAL_FUNDS,99330.0,150662.34,TRUE
syn-0214,balanced,STOCKS,66220.0,65892.88,TRUE
syn-0214,balanced,BONDS,33110.0,27409.95,TRUE
syn-0215,equity_tilted,CASH,118576.0,139640.74,TRUE
syn-0215,equity_tilted,MUTUAL_FUNDS,474304.0,400993.91,TRUE
syn-0215,equity_tilted,STOCKS,741100.0,829110.53,TRUE
syn-0215,equity_tilted,BONDS,148220.0,115951.7,TRUE
syn-0219,cash_heavy,CASH,492470.0,428508.74,TRUE
syn-0219,cash_heavy,FIXED_DEPOSIT,313390.0,277500.96,TRUE
syn-0219,cash_heavy,MUTUAL_FUNDS,89540.0,81899.39,TRUE
syn-0221,equity_tilted,CASH,17568.0,16804.3,TRUE
syn-0221,equity_tilted,MUTUAL_FUNDS,70272.0,79339.37,TRUE
syn-0221,equity_tilted,STOCKS,109800.0,90079.16,TRUE
syn-0221,equity_tilted,BONDS,21960.0,19925.99,TRUE
syn-0223,volatile_heavy,CASH,1148605.0,1285400.24,TRUE
syn-0223,volatile_heavy,STOCKS,12634655.0,9810102.81,TRUE
syn-0223,volatile_heavy,CRYPTO,9188840.0,7701288.41,TRUE
syn-0225,conservative_income,FIXED_DEPOSIT,6227820.0,9419570.43,TRUE
syn-0225,conservative_income,BONDS,5535840.0,4808440.51,TRUE
syn-0225,conservative_income,CASH,2075940.0,1720702.66,TRUE
syn-0226,conservative_income,FIXED_DEPOSIT,6759000.0,8372516.28,TRUE
syn-0226,conservative_income,BONDS,6008000.0,4402898.66,TRUE
syn-0226,conservative_income,CASH,2253000.0,1647629.54,TRUE
syn-0227,balanced,CASH,1138380.0,917881.16,TRUE
syn-0227,balanced,FIXED_DEPOSIT,1897300.0,1777910.82,TRUE
syn-0227,balanced,MUTUAL_FUNDS,2276760.0,2285979.77,TRUE
syn-0227,balanced,STOCKS,1517840.0,1202141.11,TRUE
syn-0227,balanced,BONDS,758920.0,871355.32,TRUE
syn-0228,conservative_income,FIXED_DEPOSIT,589905.0,537330.81,TRUE
syn-0228,conservative_income,BONDS,524360.0,548172.63,TRUE
syn-0228,conservative_income,CASH,196635.0,243998.9,TRUE
syn-0229,conservative_income,FIXED_DEPOSIT,520110.0,409565.79,TRUE
syn-0229,conservative_income,BONDS,462320.0,600410.48,TRUE
syn-0229,conservative_income,CASH,173370.0,127785.59,TRUE
syn-0230,conservative_income,FIXED_DEPOSIT,6121080.0,6117839.52,TRUE
syn-0230,conservative_income,BONDS,5440960.0,5226841.46,TRUE
syn-0230,conservative_income,CASH,2040360.0,2421920.58,TRUE
syn-0231,volatile_heavy,CASH,119890.0,91749.74,TRUE
syn-0231,volatile_heavy,STOCKS,1318790.0,1198625.35,TRUE
syn-0231,volatile_heavy,CRYPTO,959120.0,752233.43,TRUE
syn-0232,equity_tilted,CASH,680016.0,532460.76,TRUE
syn-0232,equity_tilted,MUTUAL_FUNDS,2720064.0,3455523.85,TRUE
syn-0232,equity_tilted,STOCKS,4250100.0,3404859.07,TRUE
syn-0232,equity_tilted,BONDS,850020.0,775121.84,TRUE
syn-0233,conservative_income,FIXED_DEPOSIT,6502950.0,6794857.07,TRUE
syn-0233,conservative_income,BONDS,5780400.0,3997202.99,TRUE
syn-0233,conservative_income,CASH,2167650.0,1904599.46,TRUE
syn-0236,balanced,CASH,409935.0,417426.28,TRUE
syn-0236,balanced,FIXED_DEPOSIT,683225.0,595868.48,TRUE
syn-0236,balanced,MUTUAL_FUNDS,819870.0,636429.42,TRUE
syn-0236,balanced,STOCKS,546580.0,412018.17,TRUE
syn-0236,balanced,BONDS,273290.0,358623.02,TRUE
syn-0237,volatile_heavy,CASH,2931325.0,3336791.74,TRUE
syn-0237,volatile_heavy,STOCKS,32244575.0,34284215.0,TRUE
syn-0237,volatile_heavy,CRYPTO,23450600.0,19549928.65,TRUE
syn-0238,equity_tilted,CASH,36616.0,26377.39,TRUE
syn-0238,equity_tilted,MUTUAL_FUNDS,146464.0,212126.93,TRUE
syn-0238,equity_tilted,STOCKS,228850.0,163580.46,TRUE
syn-0238,equity_tilted,BONDS,45770.0,45590.15,TRUE
syn-0239,volatile_heavy,CASH,14845.0,12045.86,TRUE
syn-0239,volatile_heavy,STOCKS,163295.0,122493.56,TRUE
syn-0239,volatile_heavy,CRYPTO,118760.0,140649.33,TRUE
syn-0240,conservative_income,FIXED_DEPOSIT,2818125.0,4224291.32,TRUE
syn-0240,conservative_income,BONDS,2505000.0,1885436.22,TRUE
syn-0240,conservative_income,CASH,939375.0,762205.75,TRUE
syn-0241,conservative_income,FIXED_DEPOSIT,904905.0,1122719.63,TRUE
syn-0241,conservative_income,BONDS,804360.0,575257.17,TRUE
syn-0241,conservative_income,CASH,301635.0,233027.6,TRUE
syn-0242,balanced,CASH,4956900.0,4797568.07,TRUE
syn-0242,balanced,FIXED_DEPOSIT,8261500.0,7215387.52,TRUE
syn-0242,balanced,MUTUAL_FUNDS,9913800.0,7930607.39,TRUE
syn-0242,balanced,STOCKS,6609200.0,9417746.97,TRUE
syn-0242,balanced,BONDS,3304600.0,4000532.58,TRUE
syn-0243,volatile_heavy,CASH,565405.0,401344.35,TRUE
syn-0243,volatile_heavy,STOCKS,6219455.0,5683002.61,TRUE
syn-0243,volatile_heavy,CRYPTO,4523240.0,3186761.15,TRUE
syn-0244,balanced,CASH,161640.0,215708.84,TRUE
syn-0244,balanced,FIXED_DEPOSIT,269400.0,249881.87,TRUE
syn-0244,balanced,MUTUAL_FUNDS,323280.0,274056.69,TRUE
syn-0244,balanced,STOCKS,215520.0,210238.71,TRUE
syn-0244,balanced,BONDS,107760.0,123633.48,TRUE
syn-0246,volatile_heavy,CASH,360910.0,297362.91,TRUE
syn-0246,volatile_heavy,STOCKS,3970010.0,2909091.63,TRUE
syn-0246,volatile_heavy,CRYPTO,2887280.0,3443079.97,TRUE
syn-0247,volatile_heavy,CASH,2246540.0,1720118.77,TRUE
syn-0247,volatile_heavy,STOCKS,24711940.0,26993184.13,TRUE
syn-0247,volatile_heavy,CRYPTO,17972320.0,12999291.14,TRUE
syn-0248,conservative_income,FIXED_DEPOSIT,461070.0,568290.03,TRUE
syn-0248,conservative_income,BONDS,409840.0,468570.22,TRUE
syn-0248,conservative_income,CASH,153690.0,159055.64,TRUE
syn-0250,volatile_heavy,CASH,38845.0,28863.32,TRUE
syn-0250,volatile_heavy,STOCKS,427295.0,434657.7,TRUE
syn-0250,volatile_heavy,CRYPTO,310760.0,474635.05,TRUE
syn-0252,volatile_heavy,CASH,161160.0,152638.75,TRUE
syn-0252,volatile_heavy,STOCKS,1772760.0,1460976.05,TRUE
syn-0252,volatile_heavy,CRYPTO,1289280.0,1413683.74,TRUE
syn-0254,balanced,CASH,2836650.0,2219576.99,TRUE
syn-0254,balanced,FIXED_DEPOSIT,4727750.0,6390933.39,TRUE
syn-0254,balanced,MUTUAL_FUNDS,5673300.0,5463706.02,TRUE
syn-0254,balanced,STOCKS,3782200.0,4087804.38,TRUE
syn-0254,balanced,BONDS,1891100.0,1307194.01,TRUE
syn-0255,balanced,CASH,104490.0,106885.48,TRUE
syn-0255,balanced,FIXED_DEPOSIT,174150.0,211391.49,TRUE
syn-0255,balanced,MUTUAL_FUNDS,208980.0,174600.22,TRUE
syn-0255,balanced,STOCKS,139320.0,154956.63,TRUE
syn-0255,balanced,BONDS,69660.0,62285.85,TRUE
syn-0256,equity_tilted,CASH,640928.0,913497.82,TRUE
syn-0256,equity_tilted,MUTUAL_FUNDS,2563712.0,3901180.79,TRUE
syn-0256,equity_tilted,STOCKS,4005800.0,3272145.09,TRUE
syn-0256,equity_tilted,BONDS,801160.0,645800.0,TRUE
syn-0257,conservative_income,FIXED_DEPOSIT,1577475.0,1105741.84,TRUE
syn-0257,conservative_income,BONDS,1402200.0,2031475.76,TRUE
syn-0257,conservative_income,CASH,525825.0,568849.95,TRUE
syn-0258,cash_heavy,CASH,852500.0,838261.3,TRUE
syn-0258,cash_heavy,FIXED_DEPOSIT,542500.0,441660.41,TRUE
syn-0258,cash_heavy,MUTUAL_FUNDS,155000.0,133999.67,TRUE
syn-0259,volatile_heavy,CASH,32720.0,26693.65,TRUE
syn-0259,volatile_heavy,STOCKS,359920.0,267239.66,TRUE
syn-0259,volatile_heavy,CRYPTO,261760.0,320132.82,TRUE
syn-0262,volatile_heavy,CASH,81535.0,112705.63,TRUE
syn-0262,volatile_heavy,STOCKS,896885.0,674642.75,TRUE
syn-0262,volatile_heavy,CRYPTO,652280.0,527872.06,TRUE
syn-0263,cash_heavy,CASH,859540.0,655349.98,TRUE
syn-0263,cash_heavy,FIXED_DEPOSIT,546980.0,429997.2,TRUE
syn-0263,cash_heavy,MUTUAL_FUNDS,156280.0,145657.27,TRUE
syn-0264,volatile_heavy,CASH,165345.0,154709.2,TRUE
syn-0264,volatile_heavy,STOCKS,1818795.0,1437035.38,TRUE
syn-0264,volatile_heavy,CRYPTO,1322760.0,1028303.55,TRUE
syn-0266,cash_heavy,CASH,599005.0,544417.32,TRUE
syn-0266,cash_heavy,FIXED_DEPOSIT,381185.0,395842.21,TRUE
syn-0266,cash_heavy,MUTUAL_FUNDS,108910.0,104172.77,TRUE
syn-0267,balanced,CASH,147090.0,102629.31,TRUE
syn-0267,balanced,FIXED_DEPOSIT,245150.0,180825.23,TRUE
syn-0267,balanced,MUTUAL_FUNDS,294180.0,274204.75,TRUE
syn-0267,balanced,STOCKS,196120.0,147008.33,TRUE
syn-0267,balanced,BONDS,98060.0,108388.86,TRUE
syn-0268,volatile_heavy,CASH,15660.0,14091.46,TRUE
syn-0268,volatile_heavy,STOCKS,172260.0,159327.56,TRUE
syn-0268,volatile_heavy,CRYPTO,125280.0,111369.78,TRUE
syn-0269,volatile_heavy,CASH,165420.0,126638.95,TRUE
syn-0269,volatile_heavy,STOCKS,1819620.0,1348496.53,TRUE
syn-0269,volatile_heavy,CRYPTO,1323360.0,1223957.72,TRUE
syn-0270,equity_tilted,CASH,47584.0,36783.03,TRUE
syn-0270,equity_tilted,MUTUAL_FUNDS,190336.0,134978.16,TRUE
syn-0270,equity_tilted,STOCKS,297400.0,266154.27,TRUE
syn-0270,equity_tilted,BONDS,59480.0,52760.6,TRUE
syn-0271,cash_heavy,CASH,199375.0,219267.39,TRUE
syn-0271,cash_heavy,FIXED_DEPOSIT,126875.0,173797.3,TRUE
syn-0271,cash_heavy,MUTUAL_FUNDS,36250.0,31382.02,TRUE
syn-0273,cash_heavy,CASH,570900.0,683628.93,TRUE
syn-0273,cash_heavy,FIXED_DEPOSIT,363300.0,269894.62,TRUE
syn-0273,cash_heavy,MUTUAL_FUNDS,103800.0,153131.24,TRUE
syn-0274,conservative_income,FIXED_DEPOSIT,153765.0,229441.98,TRUE
syn-0274,conservative_income,BONDS,136680.0,101437.5,TRUE
syn-0274,conservative_income,CASH,51255.0,47057.16,TRUE
syn-0275,cash_heavy,CASH,1955085.0,2343904.63,TRUE
syn-0275,cash_heavy,FIXED_DEPOSIT,1244145.0,1073080.76,TRUE
syn-0275,cash_heavy,MUTUAL_FUNDS,355470.0,270406.59,TRUE
syn-0276,volatile_heavy,CASH,74595.0,68205.57,TRUE
syn-0276,volatile_heavy,STOCKS,820545.0,765363.65,TRUE
syn-0276,volatile_heavy,CRYPTO,596760.0,466277.65,TRUE
syn-0277,equity_tilted,CASH,1862872.0,1441112.62,TRUE
syn-0277,equity_tilted,MUTUAL_FUNDS,7451488.0,6126741.8,TRUE
syn-0277,equity_tilted,STOCKS,11642950.0,10620715.63,TRUE
syn-0277,equity_tilted,BONDS,2328590.0,1664449.55,TRUE
syn-0278,volatile_heavy,CASH,541620.0,411014.34,TRUE
syn-0278,volatile_heavy,STOCKS,5957820.0,6780535.9,TRUE
syn-0278,volatile_heavy,CRYPTO,4332960.0,3925798.87,TRUE
syn-0279,conservative_income,FIXED_DEPOSIT,1469790.0,1698564.07,TRUE
syn-0279,conservative_income,BONDS,1306480.0,956090.48,TRUE
syn-0279,conservative_income,CASH,489930.0,363331.18,TRUE
syn-0280,balanced,CASH,417300.0,615692.38,TRUE
syn-0280,balanced,FIXED_DEPOSIT,695500.0,487306.4,TRUE
syn-0280,balanced,MUTUAL_FUNDS,834600.0,729731.2,TRUE
syn-0280,balanced,STOCKS,556400.0,399962.16,TRUE
syn-0280,balanced,BONDS,278200.0,246825.14,TRUE
syn-0281,balanced,CASH,124110.0,114228.91,TRUE
syn-0281,balanced,FIXED_DEPOSIT,206850.0,156138.9,TRUE
syn-0281,balanced,MUTUAL_FUNDS,248220.0,221315.17,TRUE
syn-0281,balanced,STOCKS,165480.0,126735.12,TRUE
syn-0281,balanced,BONDS,82740.0,75579.97,TRUE
syn-0282,equity_tilted,CASH,1469520.0,1689288.71,TRUE
syn-0282,equity_tilted,MUTUAL_FUNDS,5878080.0,8974286.85,TRUE
syn-0282,equity_tilted,STOCKS,9184500.0,7914952.51,TRUE
syn-0282,equity_tilted,BONDS,1836900.0,1282388.77,TRUE
syn-0284,conservative_income,FIXED_DEPOSIT,1008180.0,1098156.7,TRUE
syn-0284,conservative_income,BONDS,896160.0,1014333.63,TRUE
syn-0284,conservative_income,CASH,336060.0,296298.53,TRUE
syn-0285,balanced,CASH,656280.0,863965.34,TRUE
syn-0285,balanced,FIXED_DEPOSIT,1093800.0,1310925.67,TRUE
syn-0285,balanced,MUTUAL_FUNDS,1312560.0,1741799.93,TRUE
syn-0285,balanced,STOCKS,875040.0,839823.07,TRUE
syn-0285,balanced,BONDS,437520.0,318692.26,TRUE
syn-0286,volatile_heavy,CASH,82480.0,72299.58,TRUE
syn-0286,volatile_heavy,STOCKS,907280.0,972461.75,TRUE
syn-0286,volatile_heavy,CRYPTO,659840.0,478205.81,TRUE
syn-0288,conservative_income,FIXED_DEPOSIT,3586725.0,3487983.87,TRUE
syn-0288,conservative_income,BONDS,3188200.0,2590371.86,TRUE
syn-0288,conservative_income,CASH,1195575.0,1246643.25,TRUE
syn-0289,conservative_income,FIXED_DEPOSIT,192285.0,237702.04,TRUE
syn-0289,conservative_income,BONDS,170920.0,159759.64,TRUE
syn-0289,conservative_income,CASH,64095.0,67447.95,TRUE
syn-0290,volatile_heavy,CASH,364465.0,265289.46,TRUE
syn-0290,volatile_heavy,STOCKS,4009115.0,4274531.37,TRUE
syn-0290,volatile_heavy,CRYPTO,2915720.0,2966063.94,TRUE
syn-0291,volatile_heavy,CASH,1954765.0,1512360.5,TRUE
syn-0291,volatile_heavy,STOCKS,21502415.0,21061082.02,TRUE
syn-0291,volatile_heavy,CRYPTO,15638120.0,13828924.85,TRUE
syn-0292,balanced,CASH,929205.0,1113801.75,TRUE
syn-0292,balanced,FIXED_DEPOSIT,1548675.0,1476383.63,TRUE
syn-0292,balanced,MUTUAL_FUNDS,1858410.0,1681772.46,TRUE
syn-0292,balanced,STOCKS,1238940.0,953208.04,TRUE
syn-0292,balanced,BONDS,619470.0,927628.81,TRUE
syn-0293,balanced,CASH,1463100.0,1798687.5,TRUE
syn-0293,balanced,FIXED_DEPOSIT,2438500.0,3243334.3,TRUE
syn-0293,balanced,MUTUAL_FUNDS,2926200.0,2200867.68,TRUE
syn-0293,balanced,STOCKS,1950800.0,1814188.16,TRUE
syn-0293,balanced,BONDS,975400.0,1284288.8,TRUE
syn-0294,volatile_heavy,CASH,94290.0,74313.04,TRUE
syn-0294,volatile_heavy,STOCKS,1037190.0,911874.83,TRUE
syn-0294,volatile_heavy,CRYPTO,754320.0,946192.18,TRUE
syn-0295,cash_heavy,CASH,3950595.0,4901677.86,TRUE
syn-0295,cash_heavy,FIXED_DEPOSIT,2514015.0,1748552.34,TRUE
syn-0295,cash_heavy,MUTUAL_FUNDS,718290.0,513450.13,TRUE
syn-0296,conservative_income,FIXED_DEPOSIT,1326240.0,2023285.05,TRUE
syn-0296,conservative_income,BONDS,1178880.0,839443.0,TRUE
syn-0296,conservative_income,CASH,442080.0,374267.19,TRUE
syn-0298,cash_heavy,CASH,1710005.0,1188798.55,TRUE
syn-0298,cash_heavy,FIXED_DEPOSIT,1088185.0,773998.84,TRUE
syn-0298,cash_heavy,MUTUAL_FUNDS,310910.0,338259.66,TRUE
syn-0299,conservative_income,FIXED_DEPOSIT,390870.0,299811.73,TRUE
syn-0299,conservative_income,BONDS,347440.0,274274.35,TRUE
syn-0299,conservative_income,CASH,130290.0,141103.26,TRUE
syn-0300,equity_tilted,CASH,27512.0,21264.89,TRUE
syn-0300,equity_tilted,MUTUAL_FUNDS,110048.0,153890.93,TRUE
syn-0300,equity_tilted,STOCKS,171950.0,181760.9,TRUE
syn-0300,equity_tilted,BONDS,34390.0,24488.24,TRUE
syn-0301,cash_heavy,CASH,2387880.0,2381697.64,TRUE
syn-0301,cash_heavy,FIXED_DEPOSIT,1519560.0,1266904.24,TRUE
syn-0301,cash_heavy,MUTUAL_FUNDS,434160.0,364026.74,TRUE
syn-0303,cash_heavy,CASH,453695.0,433879.17,TRUE
syn-0303,cash_heavy,FIXED_DEPOSIT,288715.0,283117.12,TRUE
syn-0303,cash_heavy,MUTUAL_FUNDS,82490.0,84408.31,TRUE
syn-0305,volatile_heavy,CASH,437730.0,611301.9,TRUE
syn-0305,volatile_heavy,STOCKS,4815030.0,6411965.15,TRUE
syn-0305,volatile_heavy,CRYPTO,3501840.0,3390651.64,TRUE
syn-0307,conservative_income,FIXED_DEPOSIT,8084745.0,6289504.04,TRUE
syn-0307,conservative_income,BONDS,7186440.0,5488131.17,TRUE
syn-0307,conservative_income,CASH,2694915.0,2477798.54,TRUE
syn-0309,cash_heavy,CASH,73205.0,50495.86,TRUE
syn-0309,cash_heavy,FIXED_DEPOSIT,46585.0,36101.52,TRUE
syn-0309,cash_heavy,MUTUAL_FUNDS,13310.0,11397.12,TRUE
syn-0310,cash_heavy,CASH,1104125.0,954177.0,TRUE
syn-0310,cash_heavy,FIXED_DEPOSIT,702625.0,491670.0,TRUE
syn-0310,cash_heavy,MUTUAL_FUNDS,200750.0,183410.81,TRUE
syn-0312,cash_heavy,CASH,579865.0,685879.46,TRUE
syn-0312,cash_heavy,FIXED_DEPOSIT,369005.0,345735.76,TRUE
syn-0312,cash_heavy,MUTUAL_FUNDS,105430.0,76343.62,TRUE
syn-0313,conservative_income,FIXED_DEPOSIT,264465.0,242089.91,TRUE
syn-0313,conservative_income,BONDS,235080.0,314700.12,TRUE
syn-0313,conservative_income,CASH,88155.0,94364.16,TRUE
syn-0314,equity_tilted,CASH,26064.0,21660.38,TRUE
syn-0314,equity_tilted,MUTUAL_FUNDS,104256.0,93715.51,TRUE
syn-0314,equity_tilted,STOCKS,162900.0,117772.82,TRUE
syn-0314,equity_tilted,BONDS,32580.0,38297.74,TRUE
syn-0315,conservative_income,FIXED_DEPOSIT,795465.0,650267.39,TRUE
syn-0315,conservative_income,BONDS,707080.0,586987.1,TRUE
syn-0315,conservative_income,CASH,265155.0,215521.38,TRUE
syn-0316,volatile_heavy,CASH,20205.0,17026.55,TRUE
syn-0316,volatile_heavy,STOCKS,222255.0,285885.34,TRUE
syn-0316,volatile_heavy,CRYPTO,161640.0,147997.42,TRUE
syn-0319,cash_heavy,CASH,42980520.0,33396640.14,TRUE
syn-0319,cash_heavy,FIXED_DEPOSIT,27351240.0,39441503.85,TRUE
syn-0319,cash_heavy,MUTUAL_FUNDS,7814640.0,7685021.42,TRUE
syn-0320,cash_heavy,CASH,398640.0,470175.35,TRUE
syn-0320,cash_heavy,FIXED_DEPOSIT,253680.0,193368.23,TRUE
syn-0320,cash_heavy,MUTUAL_FUNDS,72480.0,62725.35,TRUE
syn-0322,volatile_heavy,CASH,200470.0,265084.5,TRUE
syn-0322,volatile_heavy,STOCKS,2205170.0,2712644.56,TRUE
syn-0322,volatile_heavy,CRYPTO,1603760.0,2286786.24,TRUE
syn-0323,cash_heavy,CASH,7807800.0,6129615.03,TRUE
syn-0323,cash_heavy,FIXED_DEPOSIT,4968600.0,4846044.06,TRUE
syn-0323,cash_heavy,MUTUAL_FUNDS,1419600.0,1280082.03,TRUE
syn-0324,conservative_income,FIXED_DEPOSIT,11559375.0,8045756.96,TRUE
syn-0324,conservative_income,BONDS,10275000.0,13405288.24,TRUE
syn-0324,conservative_income,CASH,3853125.0,4774344.85,TRUE
syn-0328,balanced,CASH,11010.0,7871.55,TRUE
syn-0328,balanced,FIXED_DEPOSIT,18350.0,13635.28,TRUE
syn-0328,balanced,MUTUAL_FUNDS,22020.0,18302.86,TRUE
syn-0328,balanced,STOCKS,14680.0,10527.13,TRUE
syn-0328,balanced,BONDS,7340.0,8232.54,TRUE
syn-0330,conservative_income,FIXED_DEPOSIT,1552635.0,1251282.26,TRUE
syn-0330,conservative_income,BONDS,1380120.0,1620968.92,TRUE
syn-0330,conservative_income,CASH,517545.0,359460.72,TRUE
syn-0331,conservative_income,FIXED_DEPOSIT,664560.0,525460.73,TRUE
syn-0331,conservative_income,BONDS,590720.0,550094.6,TRUE
syn-0331,conservative_income,CASH,221520.0,298249.38,TRUE
syn-0332,balanced,CASH,35715.0,26877.7,TRUE
syn-0332,balanced,FIXED_DEPOSIT,59525.0,66223.22,TRUE
syn-0332,balanced,MUTUAL_FUNDS,71430.0,81840.86,TRUE
syn-0332,balanced,STOCKS,47620.0,34382.68,TRUE
syn-0332,balanced,BONDS,23810.0,34649.93,TRUE
syn-0334,equity_tilted,CASH,36680.0,30199.84,TRUE
syn-0334,equity_tilted,MUTUAL_FUNDS,146720.0,169754.71,TRUE
syn-0334,equity_tilted,STOCKS,229250.0,331887.54,TRUE
syn-0334,equity_tilted,BONDS,45850.0,32703.21,TRUE
syn-0335,cash_heavy,CASH,1251195.0,1193029.39,TRUE
syn-0335,cash_heavy,FIXED_DEPOSIT,796215.0,657127.71,TRUE
syn-0335,cash_heavy,MUTUAL_FUNDS,227490.0,253215.73,TRUE
syn-0336,equity_tilted,CASH,141344.0,100977.93,TRUE
syn-0336,equity_tilted,MUTUAL_FUNDS,565376.0,543092.59,TRUE
syn-0336,equity_tilted,STOCKS,883400.0,1101838.64,TRUE
syn-0336,equity_tilted,BONDS,176680.0,152880.11,TRUE
syn-0337,conservative_income,FIXED_DEPOSIT,3386655.0,2669648.1,TRUE
syn-0337,conservative_income,BONDS,3010360.0,3624233.82,TRUE
syn-0337,conservative_income,CASH,1128885.0,932442.69,TRUE
syn-0338,volatile_heavy,CASH,355695.0,305581.09,TRUE
syn-0338,volatile_heavy,STOCKS,3912645.0,4001227.26,TRUE
syn-0338,volatile_heavy,CRYPTO,2845560.0,2074346.18,TRUE
syn-0341,cash_heavy,CASH,2758580.0,2514604.46,TRUE
syn-0341,cash_heavy,FIXED_DEPOSIT,1755460.0,1455858.74,TRUE
syn-0341,cash_heavy,MUTUAL_FUNDS,501560.0,437524.97,TRUE
syn-0342,balanced,CASH,487455.0,377139.16,TRUE
syn-0342,balanced,FIXED_DEPOSIT,812425.0,1107009.22,TRUE
syn-0342,balanced,MUTUAL_FUNDS,974910.0,1007973.94,TRUE
syn-0342,balanced,STOCKS,649940.0,506530.25,TRUE
syn-0342,balanced,BONDS,324970.0,420175.55,TRUE
syn-0343,volatile_heavy,CASH,68360.0,92438.07,TRUE
syn-0343,volatile_heavy,STOCKS,751960.0,677972.4,TRUE
syn-0343,volatile_heavy,CRYPTO,546880.0,531257.5,TRUE
syn-0344,balanced,CASH,113745.0,110536.99,TRUE
syn-0344,balanced,FIXED_DEPOSIT,189575.0,153019.59,TRUE
syn-0344,balanced,MUTUAL_FUNDS,227490.0,238338.5,TRUE
syn-0344,balanced,STOCKS,151660.0,170588.62,TRUE
syn-0344,balanced,BONDS,75830.0,66510.2,TRUE
syn-0346,cash_heavy,CASH,3692425.0,3421199.1,TRUE
syn-0346,cash_heavy,FIXED_DEPOSIT,2349725.0,3240234.57,TRUE
syn-0346,cash_heavy,MUTUAL_FUNDS,671350.0,657823.27,TRUE
syn-0349,volatile_heavy,CASH,167935.0,194332.34,TRUE
syn-0349,volatile_heavy,STOCKS,1847285.0,2335173.03,TRUE
syn-0349,volatile_heavy,CRYPTO,1343480.0,1933018.87,TRUE
syn-0350,conservative_income,FIXED_DEPOSIT,530910.0,707024.36,TRUE
syn-0350,conservative_income,BONDS,471920.0,402409.18,TRUE
syn-0350,conservative_income,CASH,176970.0,164870.65,TRUE
syn-0352,balanced,CASH,709845.0,1001854.41,TRUE
syn-0352,balanced,FIXED_DEPOSIT,1183075.0,1325943.08,TRUE
syn-0352,balanced,MUTUAL_FUNDS,1419690.0,2049403.45,TRUE
syn-0352,balanced,STOCKS,946460.0,749784.05,TRUE
syn-0352,balanced,BONDS,473230.0,360609.26,TRUE
syn-0354,cash_heavy,CASH,13658370.0,14613714.2,TRUE
syn-0354,cash_heavy,FIXED_DEPOSIT,8691690.0,6810645.96,TRUE
syn-0354,cash_heavy,MUTUAL_FUNDS,2483340.0,1863033.48,TRUE
syn-0355,balanced,CASH,1316655.0,1927459.15,TRUE
syn-0355,balanced,FIXED_DEPOSIT,2194425.0,1669920.86,TRUE
syn-0355,balanced,MUTUAL_FUNDS,2633310.0,3434488.7,TRUE
syn-0355,balanced,STOCKS,1755540.0,1347931.73,TRUE
syn-0355,balanced,BONDS,877770.0,1240715.07,TRUE
syn-0357,conservative_income,FIXED_DEPOSIT,700785.0,1027002.02,TRUE
syn-0357,conservative_income,BONDS,622920.0,459062.84,TRUE
syn-0357,conservative_income,CASH,233595.0,248740.78,TRUE
syn-0359,cash_heavy,CASH,108845.0,75222.24,TRUE
syn-0359,cash_heavy,FIXED_DEPOSIT,69265.0,48622.8,TRUE
syn-0359,cash_heavy,MUTUAL_FUNDS,19790.0,24855.0,TRUE
syn-0361,volatile_heavy,CASH,174920.0,189525.55,TRUE
syn-0361,volatile_heavy,STOCKS,1924120.0,1942432.71,TRUE
syn-0361,volatile_heavy,CRYPTO,1399360.0,1636818.27,TRUE
syn-0362,volatile_heavy,CASH,8410.0,9863.91,TRUE
syn-0362,volatile_heavy,STOCKS,92510.0,79142.16,TRUE
syn-0362,volatile_heavy,CRYPTO,67280.0,72068.96,TRUE
syn-0364,balanced,CASH,372345.0,382539.64,TRUE
syn-0364,balanced,FIXED_DEPOSIT,620575.0,444824.89,TRUE
syn-0364,balanced,MUTUAL_FUNDS,744690.0,1142904.34,TRUE
syn-0364,balanced,STOCKS,496460.0,492196.0,TRUE
syn-0364,balanced,BONDS,248230.0,291246.14,TRUE
syn-0366,cash_heavy,CASH,55428285.0,53484247.22,TRUE
syn-0366,cash_heavy,FIXED_DEPOSIT,35272545.0,41547589.75,TRUE
syn-0366,cash_heavy,MUTUAL_FUNDS,10077870.0,8213485.21,TRUE
syn-0367,balanced,CASH,936870.0,1077635.28,TRUE
syn-0367,balanced,FIXED_DEPOSIT,1561450.0,1186644.36,TRUE
syn-0367,balanced,MUTUAL_FUNDS,1873740.0,2216527.08,TRUE
syn-0367,balanced,STOCKS,1249160.0,923594.36,TRUE
syn-0367,balanced,BONDS,624580.0,539242.26,TRUE
syn-0369,volatile_heavy,CASH,998295.0,796995.66,TRUE
syn-0369,volatile_heavy,STOCKS,10981245.0,14078307.56,TRUE
syn-0369,volatile_heavy,CRYPTO,7986360.0,7587332.64,TRUE
syn-0370,conservative_income,FIXED_DEPOSIT,98955.0,143047.69,TRUE
syn-0370,conservative_income,BONDS,87960.0,71856.79,TRUE
syn-0370,conservative_income,CASH,32985.0,25340.35,TRUE
syn-0371,conservative_income,FIXED_DEPOSIT,1407735.0,1495281.06,TRUE
syn-0371,conservative_income,BONDS,1251320.0,1434664.01,TRUE
syn-0371,conservative_income,CASH,469245.0,461692.78,TRUE
syn-0374,cash_heavy,CASH,406010.0,426442.65,TRUE
syn-0374,cash_heavy,FIXED_DEPOSIT,258370.0,394995.54,TRUE
syn-0374,cash_heavy,MUTUAL_FUNDS,73820.0,61937.71,TRUE
syn-0376,balanced,CASH,3758310.0,3709286.92,TRUE
syn-0376,balanced,FIXED_DEPOSIT,6263850.0,5686855.13,TRUE
syn-0376,balanced,MUTUAL_FUNDS,7516620.0,6827249.66,TRUE
syn-0376,balanced,STOCKS,5011080.0,4581645.94,TRUE
syn-0376,balanced,BONDS,2505540.0,3139357.41,TRUE
syn-0381,volatile_heavy,CASH,297500.0,326892.67,TRUE
syn-0381,volatile_heavy,STOCKS,3272500.0,3926228.03,TRUE
syn-0381,volatile_heavy,CRYPTO,2380000.0,2696879.09,TRUE
syn-0384,conservative_income,FIXED_DEPOSIT,2966400.0,3631292.32,TRUE
syn-0384,conservative_income,BONDS,2636800.0,2395555.24,TRUE
syn-0384,conservative_income,CASH,988800.0,999070.87,TRUE
syn-0385,balanced,CASH,767865.0,908784.04,TRUE
syn-0385,balanced,FIXED_DEPOSIT,1279775.0,1692733.52,TRUE
syn-0385,balanced,MUTUAL_FUNDS,1535730.0,1287179.74,TRUE
syn-0385,balanced,STOCKS,1023820.0,1513172.69,TRUE
syn-0385,balanced,BONDS,511910.0,439766.48,TRUE
syn-0386,conservative_income,FIXED_DEPOSIT,7627500.0,5270829.7,TRUE
syn-0386,conservative_income,BONDS,6780000.0,5016877.56,TRUE
syn-0386,conservative_income,CASH,2542500.0,2039140.36,TRUE
syn-0387,balanced,CASH,120870.0,111307.4,TRUE
syn-0387,balanced,FIXED_DEPOSIT,201450.0,162144.51,TRUE
syn-0387,balanced,MUTUAL_FUNDS,241740.0,371617.5,TRUE
syn-0387,balanced,STOCKS,161160.0,155556.47,TRUE
syn-0387,balanced,BONDS,80580.0,63525.93,TRUE
syn-0388,equity_tilted,CASH,38640.0,43538.39,TRUE
syn-0388,equity_tilted,MUTUAL_FUNDS,154560.0,107908.63,TRUE
syn-0388,equity_tilted,STOCKS,241500.0,304404.86,TRUE
syn-0388,equity_tilted,BONDS,48300.0,48653.22,TRUE
syn-0389,balanced,CASH,990960.0,1052160.24,TRUE
syn-0389,balanced,FIXED_DEPOSIT,1651600.0,1661782.3,TRUE
syn-0389,balanced,MUTUAL_FUNDS,1981920.0,1454179.8,TRUE
syn-0389,balanced,STOCKS,1321280.0,955731.06,TRUE
syn-0389,balanced,BONDS,660640.0,789356.56,TRUE
syn-0390,balanced,CASH,31185.0,47703.92,TRUE
syn-0390,balanced,FIXED_DEPOSIT,51975.0,39089.96,TRUE
syn-0390,balanced,MUTUAL_FUNDS,62370.0,63878.65,TRUE
syn-0390,balanced,STOCKS,41580.0,37982.58,TRUE
syn-0390,balanced,BONDS,20790.0,17643.36,TRUE
syn-0393,conservative_income,FIXED_DEPOSIT,128790.0,186718.74,TRUE
syn-0393,conservative_income,BONDS,114480.0,173111.41,TRUE
syn-0393,conservative_income,CASH,42930.0,39629.55,TRUE
syn-0395,equity_tilted,CASH,55264.0,44489.24,TRUE
syn-0395,equity_tilted,MUTUAL_FUNDS,221056.0,324480.29,TRUE
syn-0395,equity_tilted,STOCKS,345400.0,286994.05,TRUE
syn-0395,equity_tilted,BONDS,69080.0,74298.03,TRUE
syn-0396,equity_tilted,CASH,146840.0,223346.63,TRUE
syn-0396,equity_tilted,MUTUAL_FUNDS,587360.0,407415.93,TRUE
syn-0396,equity_tilted,STOCKS,917750.0,656920.88,TRUE
syn-0396,equity_tilted,BONDS,183550.0,198670.44,TRUE
syn-0397,cash_heavy,CASH,11146630.0,16275593.48,TRUE
syn-0397,cash_heavy,FIXED_DEPOSIT,7093310.0,5594949.66,TRUE
syn-0397,cash_heavy,MUTUAL_FUNDS,2026660.0,1571152.45,TRUE
syn-0400,equity_tilted,CASH,3159320.0,3681608.46,TRUE
syn-0400,equity_tilted,MUTUAL_FUNDS,12637280.0,11075999.76,TRUE
syn-0400,equity_tilted,STOCKS,19745750.0,22917486.79,TRUE
syn-0400,equity_tilted,BONDS,3949150.0,2798041.9,TRUE
syn-0401,balanced,CASH,541125.0,409481.6,TRUE
syn-0401,balanced,FIXED_DEPOSIT,901875.0,721602.31,TRUE
syn-0401,balanced,MUTUAL_FUNDS,1082250.0,1147922.63,TRUE
syn-0401,balanced,STOCKS,721500.0,908341.56,TRUE
syn-0401,balanced,BONDS,360750.0,285275.28,TRUE
syn-0402,volatile_heavy,CASH,158625.0,120050.89,TRUE
syn-0402,volatile_heavy,STOCKS,1744875.0,1506941.79,TRUE
syn-0402,volatile_heavy,CRYPTO,1269000.0,991201.73,TRUE
syn-0403,volatile_heavy,CASH,297170.0,324502.92,TRUE
syn-0403,volatile_heavy,STOCKS,3268870.0,2608094.02,TRUE
syn-0403,volatile_heavy,CRYPTO,2377360.0,2862554.07,TRUE
syn-0406,conservative_income,FIXED_DEPOSIT,506070.0,531614.94,TRUE
syn-0406,conservative_income,BONDS,449840.0,346014.61,TRUE
syn-0406,conservative_income,CASH,168690.0,170471.76,TRUE
syn-0408,volatile_heavy,CASH,92530.0,130481.9,TRUE
syn-0408,volatile_heavy,STOCKS,1017830.0,1086496.75,TRUE
syn-0408,volatile_heavy,CRYPTO,740240.0,1029686.17,TRUE
syn-0409,balanced,CASH,6723600.0,6927731.57,TRUE
syn-0409,balanced,FIXED_DEPOSIT,11206000.0,9226640.9,TRUE
syn-0409,balanced,MUTUAL_FUNDS,13447200.0,9333410.78,TRUE
syn-0409,balanced,STOCKS,8964800.0,11442582.24,TRUE
syn-0409,balanced,BONDS,4482400.0,3101608.26,TRUE
syn-0411,cash_heavy,CASH,36178505.0,32959464.39,TRUE
syn-0411,cash_heavy,FIXED_DEPOSIT,23022685.0,16889264.98,TRUE
syn-0411,cash_heavy,MUTUAL_FUNDS,6577910.0,6408573.99,TRUE
syn-0412,conservative_income,FIXED_DEPOSIT,953370.0,1008488.04,TRUE
syn-0412,conservative_income,BONDS,847440.0,666063.69,TRUE
syn-0412,conservative_income,CASH,317790.0,240204.87,TRUE
syn-0413,cash_heavy,CASH,1327645.0,1153462.33,TRUE
syn-0413,cash_heavy,FIXED_DEPOSIT,844865.0,794283.0,TRUE
syn-0413,cash_heavy,MUTUAL_FUNDS,241390.0,220205.51,TRUE
syn-0416,balanced,CASH,6859605.0,5797400.75,TRUE
syn-0416,balanced,FIXED_DEPOSIT,11432675.0,9358732.43,TRUE
syn-0416,balanced,MUTUAL_FUNDS,13719210.0,14625671.67,TRUE
syn-0416,balanced,STOCKS,9146140.0,11893019.59,TRUE
syn-0416,balanced,BONDS,4573070.0,3289339.89,TRUE
syn-0418,volatile_heavy,CASH,77610.0,76597.56,TRUE
syn-0418,volatile_heavy,STOCKS,853710.0,709952.91,TRUE
syn-0418,volatile_heavy,CRYPTO,620880.0,563522.87,TRUE
syn-0419,conservative_income,FIXED_DEPOSIT,611460.0,892127.43,TRUE
syn-0419,conservative_income,BONDS,543520.0,501140.07,TRUE
syn-0419,conservative_income,CASH,203820.0,152121.74,TRUE
syn-0420,conservative_income,FIXED_DEPOSIT,1298025.0,1495396.54,TRUE
syn-0420,conservative_income,BONDS,1153800.0,810365.25,TRUE
syn-0420,conservative_income,CASH,432675.0,374308.76,TRUE
syn-0422,balanced,CASH,71760.0,55006.51,TRUE
syn-0422,balanced,FIXED_DEPOSIT,119600.0,125211.45,TRUE
syn-0422,balanced,MUTUAL_FUNDS,143520.0,149631.87,TRUE
syn-0422,balanced,STOCKS,95680.0,115306.03,TRUE
syn-0422,balanced,BONDS,47840.0,36600.05,TRUE
syn-0423,volatile_heavy,CASH,952720.0,841257.27,TRUE
syn-0423,volatile_heavy,STOCKS,10479920.0,9410866.46,TRUE
syn-0423,volatile_heavy,CRYPTO,7621760.0,10634492.01,TRUE
syn-0425,equity_tilted,CASH,460344.0,334550.64,TRUE
syn-0425,equity_tilted,MUTUAL_FUNDS,1841376.0,1721185.85,TRUE
syn-0425,equity_tilted,STOCKS,2877150.0,3499161.97,TRUE
syn-0425,equity_tilted,BONDS,575430.0,573966.6,TRUE
syn-0429,balanced,CASH,26835.0,21952.92,TRUE
syn-0429,balanced,FIXED_DEPOSIT,44725.0,32742.34,TRUE
syn-0429,balanced,MUTUAL_FUNDS,53670.0,43088.28,TRUE
syn-0429,balanced,STOCKS,35780.0,29963.03,TRUE
syn-0429,balanced,BONDS,17890.0,15874.32,TRUE
syn-0431,balanced,CASH,114060.0,147697.8,TRUE
syn-0431,balanced,FIXED_DEPOSIT,190100.0,175125.5,TRUE
syn-0431,balanced,MUTUAL_FUNDS,228120.0,307273.34,TRUE
syn-0431,balanced,STOCKS,152080.0,146974.24,TRUE
syn-0431,balanced,BONDS,76040.0,77937.19,TRUE
syn-0432,cash_heavy,CASH,943690.0,905691.29,TRUE
syn-0432,cash_heavy,FIXED_DEPOSIT,600530.0,426225.11,TRUE
syn-0432,cash_heavy,MUTUAL_FUNDS,171580.0,157886.1,TRUE
syn-0434,conservative_income,FIXED_DEPOSIT,455265.0,615207.09,TRUE
syn-0434,conservative_income,BONDS,404680.0,452523.47,TRUE
syn-0434,conservative_income,CASH,151755.0,212697.51,TRUE
syn-0435,volatile_heavy,CASH,77205.0,69391.62,TRUE
syn-0435,volatile_heavy,STOCKS,849255.0,822611.4,TRUE
syn-0435,volatile_heavy,CRYPTO,617640.0,576930.67,TRUE
syn-0438,conservative_income,FIXED_DEPOSIT,232515.0,181932.19,TRUE
syn-0438,conservative_income,BONDS,206680.0,212356.91,TRUE
syn-0438,conservative_income,CASH,77505.0,58547.93,TRUE
syn-0439,volatile_heavy,CASH,14160.0,17313.2,TRUE
syn-0439,volatile_heavy,STOCKS,155760.0,214363.79,TRUE
syn-0439,volatile_heavy,CRYPTO,113280.0,110731.01,TRUE
syn-0443,equity_tilted,CASH,72952.0,89299.71,TRUE
syn-0443,equity_tilted,MUTUAL_FUNDS,291808.0,342612.11,TRUE
syn-0443,equity_tilted,STOCKS,455950.0,315102.01,TRUE
syn-0443,equity_tilted,BONDS,91190.0,116147.6,TRUE
syn-0444,volatile_heavy,CASH,515255.0,397266.98,TRUE
syn-0444,volatile_heavy,STOCKS,5667805.0,4902961.06,TRUE
syn-0444,volatile_heavy,CRYPTO,4122040.0,6019542.24,TRUE
syn-0445,balanced,CASH,2112480.0,2274245.17,TRUE
syn-0445,balanced,FIXED_DEPOSIT,3520800.0,4773028.9,TRUE
syn-0445,balanced,MUTUAL_FUNDS,4224960.0,3741092.45,TRUE
syn-0445,balanced,STOCKS,2816640.0,4095351.34,TRUE
syn-0445,balanced,BONDS,1408320.0,2151518.09,TRUE
syn-0447,conservative_income,FIXED_DEPOSIT,373095.0,443249.81,TRUE
syn-0447,conservative_income,BONDS,331640.0,275538.27,TRUE
syn-0447,conservative_income,CASH,124365.0,124296.21,TRUE
syn-0448,balanced,CASH,651705.0,827782.25,TRUE
syn-0448,balanced,FIXED_DEPOSIT,1086175.0,776577.12,TRUE
syn-0448,balanced,MUTUAL_FUNDS,1303410.0,1922374.39,TRUE
syn-0448,balanced,STOCKS,868940.0,872793.36,TRUE
syn-0448,balanced,BONDS,434470.0,325995.72,TRUE
syn-0449,balanced,CASH,383940.0,515711.6,TRUE
syn-0449,balanced,FIXED_DEPOSIT,639900.0,583773.61,TRUE
syn-0449,balanced,MUTUAL_FUNDS,767880.0,1149244.86,TRUE
syn-0449,balanced,STOCKS,511920.0,430743.27,TRUE
syn-0449,balanced,BONDS,255960.0,219581.03,TRUE
syn-0450,cash_heavy,CASH,5527005.0,3895074.21,TRUE
syn-0450,cash_heavy,FIXED_DEPOSIT,3517185.0,2665411.82,TRUE
syn-0450,cash_heavy,MUTUAL_FUNDS,1004910.0,859738.46,TRUE
syn-0451,volatile_heavy,CASH,466595.0,363124.56,TRUE
syn-0451,volatile_heavy,STOCKS,5132545.0,4832231.57,TRUE
syn-0451,volatile_heavy,CRYPTO,3732760.0,4879921.56,TRUE
syn-0452,cash_heavy,CASH,18786075.0,14092916.61,TRUE
syn-0452,cash_heavy,FIXED_DEPOSIT,11954775.0,13229535.17,TRUE
syn-0452,cash_heavy,MUTUAL_FUNDS,3415650.0,5124936.63,TRUE
syn-0454,equity_tilted,CASH,111256.0,104863.9,TRUE
syn-0454,equity_tilted,MUTUAL_FUNDS,445024.0,335853.79,TRUE
syn-0454,equity_tilted,STOCKS,695350.0,928072.81,TRUE
syn-0454,equity_tilted,BONDS,139070.0,137575.2,TRUE
syn-0455,balanced,CASH,19260.0,29144.95,TRUE
syn-0455,balanced,FIXED_DEPOSIT,32100.0,32589.57,TRUE
syn-0455,balanced,MUTUAL_FUNDS,38520.0,27132.73,TRUE
syn-0455,balanced,STOCKS,25680.0,20382.28,TRUE
syn-0455,balanced,BONDS,12840.0,15980.96,TRUE
syn-0456,equity_tilted,CASH,299784.0,220483.26,TRUE
syn-0456,equity_tilted,MUTUAL_FUNDS,1199136.0,1021791.07,TRUE
syn-0456,equity_tilted,STOCKS,1873650.0,1299831.8,TRUE
syn-0456,equity_tilted,BONDS,374730.0,262692.37,TRUE
syn-0457,balanced,CASH,894645.0,659453.45,TRUE
syn-0457,balanced,FIXED_DEPOSIT,1491075.0,1340136.05,TRUE
syn-0457,balanced,MUTUAL_FUNDS,1789290.0,2627078.47,TRUE
syn-0457,balanced,STOCKS,1192860.0,1325652.38,TRUE
syn-0457,balanced,BONDS,596430.0,862672.96,TRUE
syn-0459,equity_tilted,CASH,607696.0,458841.39,TRUE
syn-0459,equity_tilted,MUTUAL_FUNDS,2430784.0,2073310.59,TRUE
syn-0459,equity_tilted,STOCKS,3798100.0,2643905.32,TRUE
syn-0459,equity_tilted,BONDS,759620.0,837131.96,TRUE
syn-0460,conservative_income,FIXED_DEPOSIT,513405.0,632966.27,TRUE
syn-0460,conservative_income,BONDS,456360.0,497399.02,TRUE
syn-0460,conservative_income,CASH,171135.0,148548.45,TRUE
syn-0461,conservative_income,FIXED_DEPOSIT,466290.0,552396.9,TRUE
syn-0461,conservative_income,BONDS,414480.0,367182.73,TRUE
syn-0461,conservative_income,CASH,155430.0,167197.1,TRUE
syn-0463,balanced,CASH,609660.0,631274.02,TRUE
syn-0463,balanced,FIXED_DEPOSIT,1016100.0,913029.97,TRUE
syn-0463,balanced,MUTUAL_FUNDS,1219320.0,1838750.54,TRUE
syn-0463,balanced,STOCKS,812880.0,696645.4,TRUE
syn-0463,balanced,BONDS,406440.0,441560.41,TRUE
syn-0464,conservative_income,FIXED_DEPOSIT,5358420.0,3875331.9,TRUE
syn-0464,conservative_income,BONDS,4763040.0,3939965.15,TRUE
syn-0464,conservative_income,CASH,1786140.0,2444125.93,TRUE
syn-0465,cash_heavy,CASH,3493710.0,4146626.05,TRUE
syn-0465,cash_heavy,FIXED_DEPOSIT,2223270.0,1949461.0,TRUE
syn-0465,cash_heavy,MUTUAL_FUNDS,635220.0,622828.28,TRUE
syn-0466,cash_heavy,CASH,739035.0,668757.64,TRUE
syn-0466,cash_heavy,FIXED_DEPOSIT,470295.0,479502.35,TRUE
syn-0466,cash_heavy,MUTUAL_FUNDS,134370.0,106752.21,TRUE
syn-0471,conservative_income,FIXED_DEPOSIT,899055.0,885361.13,TRUE
syn-0471,conservative_income,BONDS,799160.0,1165108.61,TRUE
syn-0471,conservative_income,CASH,299685.0,260919.62,TRUE
syn-0473,conservative_income,FIXED_DEPOSIT,1786230.0,2196181.09,TRUE
syn-0473,conservative_income,BONDS,1587760.0,1664154.55,TRUE
syn-0473,conservative_income,CASH,595410.0,545825.65,TRUE
syn-0474,conservative_income,FIXED_DEPOSIT,679995.0,619564.19,TRUE
syn-0474,conservative_income,BONDS,604440.0,797553.38,TRUE
syn-0474,conservative_income,CASH,226665.0,177812.67,TRUE
syn-0475,equity_tilted,CASH,2186352.0,1696245.18,TRUE
syn-0475,equity_tilted,MUTUAL_FUNDS,8745408.0,7346615.29,TRUE
syn-0475,equity_tilted,STOCKS,13664700.0,14424935.89,TRUE
syn-0475,equity_tilted,BONDS,2732940.0,1931604.96,TRUE
syn-0477,equity_tilted,CASH,278440.0,237517.78,TRUE
syn-0477,equity_tilted,MUTUAL_FUNDS,1113760.0,1007609.44,TRUE
syn-0477,equity_tilted,STOCKS,1740250.0,1945440.8,TRUE
syn-0477,equity_tilted,BONDS,348050.0,306495.37,TRUE
syn-0478,balanced,CASH,5560350.0,5288850.67,TRUE
syn-0478,balanced,FIXED_DEPOSIT,9267250.0,6595049.72,TRUE
syn-0478,balanced,MUTUAL_FUNDS,11120700.0,10500144.88,TRUE
syn-0478,balanced,STOCKS,7413800.0,6556366.05,TRUE
syn-0478,balanced,BONDS,3706900.0,3185391.12,TRUE
syn-0480,volatile_heavy,CASH,31110.0,21780.05,TRUE
syn-0480,volatile_heavy,STOCKS,342210.0,387864.55,TRUE
syn-0480,volatile_heavy,CRYPTO,248880.0,172013.52,TRUE
syn-0481,balanced,CASH,1341390.0,1764452.95,TRUE
syn-0481,balanced,FIXED_DEPOSIT,2235650.0,2143895.51,TRUE
syn-0481,balanced,MUTUAL_FUNDS,2682780.0,2273545.61,TRUE
syn-0481,balanced,STOCKS,1788520.0,1355142.06,TRUE
syn-0481,balanced,BONDS,894260.0,822912.13,TRUE
syn-0482,conservative_income,FIXED_DEPOSIT,12801510.0,11660764.35,TRUE
syn-0482,conservative_income,BONDS,11379120.0,9173011.18,TRUE
syn-0482,conservative_income,CASH,4267170.0,6239426.02,TRUE
syn-0484,balanced,CASH,58215.0,70084.18,TRUE
syn-0484,balanced,FIXED_DEPOSIT,97025.0,81398.81,TRUE
syn-0484,balanced,MUTUAL_FUNDS,116430.0,91785.34,TRUE
syn-0484,balanced,STOCKS,77620.0,73855.44,TRUE
syn-0484,balanced,BONDS,38810.0,35958.93,TRUE
syn-0485,balanced,CASH,866820.0,971421.42,TRUE
syn-0485,balanced,FIXED_DEPOSIT,1444700.0,1011700.75,TRUE
syn-0485,balanced,MUTUAL_FUNDS,1733640.0,1259328.42,TRUE
syn-0485,balanced,STOCKS,1155760.0,1052005.75,TRUE
syn-0485,balanced,BONDS,577880.0,568530.33,TRUE
syn-0486,balanced,CASH,142680.0,130427.96,TRUE
syn-0486,balanced,FIXED_DEPOSIT,237800.0,223249.24,TRUE
syn-0486,balanced,MUTUAL_FUNDS,285360.0,212682.35,TRUE
syn-0486,balanced,STOCKS,190240.0,139605.06,TRUE
syn-0486,balanced,BONDS,95120.0,84169.46,TRUE
syn-0487,cash_heavy,CASH,1831115.0,2236028.72,TRUE
syn-0487,cash_heavy,FIXED_DEPOSIT,1165255.0,815986.46,TRUE
syn-0487,cash_heavy,MUTUAL_FUNDS,332930.0,426769.0,TRUE
syn-0489,conservative_income,FIXED_DEPOSIT,6445080.0,5046453.37,TRUE
syn-0489,conservative_income,BONDS,5728960.0,3967719.9,TRUE
syn-0489,conservative_income,CASH,2148360.0,2325294.22,TRUE
syn-0490,conservative_income,FIXED_DEPOSIT,261225.0,344445.69,TRUE
syn-0490,conservative_income,BONDS,232200.0,259312.03,TRUE
syn-0490,conservative_income,CASH,87075.0,127308.1,TRUE
syn-0491,cash_heavy,CASH,4515500.0,3142578.13,TRUE
syn-0491,cash_heavy,FIXED_DEPOSIT,2873500.0,3139434.17,TRUE
syn-0491,cash_heavy,MUTUAL_FUNDS,821000.0,853084.86,TRUE
syn-0492,equity_tilted,CASH,27536.0,40912.44,TRUE
syn-0492,equity_tilted,MUTUAL_FUNDS,110144.0,122857.3,TRUE
syn-0492,equity_tilted,STOCKS,172100.0,128093.01,TRUE
syn-0492,equity_tilted,BONDS,34420.0,24866.49,TRUE
syn-0493,volatile_heavy,CASH,1713690.0,1318956.24,TRUE
syn-0493,volatile_heavy,STOCKS,18850590.0,16928977.84,TRUE
syn-0493,volatile_heavy,CRYPTO,13709520.0,12608872.78,TRUE
syn-0494,equity_tilted,CASH,5938720.0,6088331.55,TRUE
syn-0494,equity_tilted,MUTUAL_FUNDS,23754880.0,35126097.93,TRUE
syn-0494,equity_tilted,STOCKS,37117000.0,28235230.15,TRUE
syn-0494,equity_tilted,BONDS,7423400.0,5574678.14,TRUE
syn-0495,balanced,CASH,56100.0,43477.59,TRUE
syn-0495,balanced,FIXED_DEPOSIT,93500.0,112318.43,TRUE
syn-0495,balanced,MUTUAL_FUNDS,112200.0,94060.83,TRUE
syn-0495,balanced,STOCKS,74800.0,90684.05,TRUE
syn-0495,balanced,BONDS,37400.0,38162.5,TRUE
syn-0496,equity_tilted,CASH,1935096.0,1357277.97,TRUE
syn-0496,equity_tilted,MUTUAL_FUNDS,7740384.0,9861414.55,TRUE
syn-0496,equity_tilted,STOCKS,12094350.0,9293918.42,TRUE
syn-0496,equity_tilted,BONDS,2418870.0,3478383.09,TRUE
syn-0497,cash_heavy,CASH,512930.0,428670.61,TRUE
syn-0497,cash_heavy,FIXED_DEPOSIT,326410.0,394763.82,TRUE
syn-0497,cash_heavy,MUTUAL_FUNDS,93260.0,72649.98,TRUE
syn-0498,balanced,CASH,1629195.0,1831645.74,TRUE
syn-0498,balanced,FIXED_DEPOSIT,2715325.0,3013202.78,TRUE
syn-0498,balanced,MUTUAL_FUNDS,3258390.0,4813345.98,TRUE
syn-0498,balanced,STOCKS,2172260.0,2861828.82,TRUE
syn-0498,balanced,BONDS,1086130.0,1599907.95,TRUE
syn-0500,conservative_income,FIXED_DEPOSIT,180090.0,252218.81,TRUE
syn-0500,conservative_income,BONDS,160080.0,175712.85,TRUE
syn-0500,conservative_income,CASH,60030.0,58328.44,TRUE
syn-0501,balanced,CASH,222510.0,213682.04,TRUE
syn-0501,balanced,FIXED_DEPOSIT,370850.0,258747.32,TRUE
syn-0501,balanced,MUTUAL_FUNDS,445020.0,648221.69,TRUE
syn-0501,balanced,STOCKS,296680.0,373432.57,TRUE
syn-0501,balanced,BONDS,148340.0,152244.31,TRUE
syn-0502,cash_heavy,CASH,519585.0,380357.73,TRUE
syn-0502,cash_heavy,FIXED_DEPOSIT,330645.0,280930.86,TRUE
syn-0502,cash_heavy,MUTUAL_FUNDS,94470.0,95827.91,TRUE
syn-0504,volatile_heavy,CASH,236555.0,168169.92,TRUE
syn-0504,volatile_heavy,STOCKS,2602105.0,2654801.08,TRUE
syn-0504,volatile_heavy,CRYPTO,1892440.0,1437577.99,TRUE
syn-0505,volatile_heavy,CASH,2037090.0,1653306.64,TRUE
syn-0505,volatile_heavy,STOCKS,22407990.0,22815002.57,TRUE
syn-0505,volatile_heavy,CRYPTO,16296720.0,15165260.42,TRUE
syn-0507,equity_tilted,CASH,489752.0,601368.78,TRUE
syn-0507,equity_tilted,MUTUAL_FUNDS,1959008.0,1354329.71,TRUE
syn-0507,equity_tilted,STOCKS,3060950.0,3386170.27,TRUE
syn-0507,equity_tilted,BONDS,612190.0,572484.18,TRUE
syn-0509,volatile_heavy,CASH,805440.0,809660.7,TRUE
syn-0509,volatile_heavy,STOCKS,8859840.0,7356585.17,TRUE
syn-0509,volatile_heavy,CRYPTO,6443520.0,7084705.19,TRUE
syn-0510,equity_tilted,CASH,132488.0,93282.82,TRUE
syn-0510,equity_tilted,MUTUAL_FUNDS,529952.0,708253.73,TRUE
syn-0510,equity_tilted,STOCKS,828050.0,609755.68,TRUE
syn-0510,equity_tilted,BONDS,165610.0,118754.62,TRUE
syn-0511,cash_heavy,CASH,7199555.0,5790096.88,TRUE
syn-0511,cash_heavy,FIXED_DEPOSIT,4581535.0,3770015.19,TRUE
syn-0511,cash_heavy,MUTUAL_FUNDS,1309010.0,1047285.89,TRUE
syn-0514,conservative_income,FIXED_DEPOSIT,552690.0,551464.0,TRUE
syn-0514,conservative_income,BONDS,491280.0,644804.93,TRUE
syn-0514,conservative_income,CASH,184230.0,188121.88,TRUE
syn-0516,cash_heavy,CASH,925760.0,909930.73,TRUE
syn-0516,cash_heavy,FIXED_DEPOSIT,589120.0,625577.3,TRUE
syn-0516,cash_heavy,MUTUAL_FUNDS,168320.0,182168.1,TRUE
syn-0517,volatile_heavy,CASH,7330.0,7177.34,TRUE
syn-0517,volatile_heavy,STOCKS,80630.0,92522.15,TRUE
syn-0517,volatile_heavy,CRYPTO,58640.0,43984.29,TRUE
syn-0518,conservative_income,FIXED_DEPOSIT,1284705.0,940841.38,TRUE
syn-0518,conservative_income,BONDS,1141960.0,916929.75,TRUE
syn-0518,conservative_income,CASH,428235.0,345834.97,TRUE
syn-0520,balanced,CASH,955410.0,832928.06,TRUE
syn-0520,balanced,FIXED_DEPOSIT,1592350.0,1184625.36,TRUE
syn-0520,balanced,MUTUAL_FUNDS,1910820.0,1816167.52,TRUE
syn-0520,balanced,STOCKS,1273880.0,1285311.95,TRUE
syn-0520,balanced,BONDS,636940.0,449374.04,TRUE
syn-0521,equity_tilted,CASH,33272.0,48352.39,TRUE
syn-0521,equity_tilted,MUTUAL_FUNDS,133088.0,95629.4,TRUE
syn-0521,equity_tilted,STOCKS,207950.0,230112.38,TRUE
syn-0521,equity_tilted,BONDS,41590.0,43531.35,TRUE
syn-0522,volatile_heavy,CASH,1525910.0,1107370.41,TRUE
syn-0522,volatile_heavy,STOCKS,16785010.0,16549421.33,TRUE
syn-0522,volatile_heavy,CRYPTO,12207280.0,11784791.48,TRUE
syn-0523,balanced,CASH,1042620.0,1533439.45,TRUE
syn-0523,balanced,FIXED_DEPOSIT,1737700.0,1853247.07,TRUE
syn-0523,balanced,MUTUAL_FUNDS,2085240.0,2235542.34,TRUE
syn-0523,balanced,STOCKS,1390160.0,1140371.77,TRUE
syn-0523,balanced,BONDS,695080.0,837071.29,TRUE
syn-0524,cash_heavy,CASH,590095.0,413054.64,TRUE
syn-0524,cash_heavy,FIXED_DEPOSIT,375515.0,387393.44,TRUE
syn-0524,cash_heavy,MUTUAL_FUNDS,107290.0,111060.19,TRUE
syn-0525,cash_heavy,CASH,7107815.0,6659456.33,TRUE
syn-0525,cash_heavy,FIXED_DEPOSIT,4523155.0,5975878.88,TRUE
syn-0525,cash_heavy,MUTUAL_FUNDS,1292330.0,1539184.09,TRUE
syn-0526,volatile_heavy,CASH,267295.0,263738.95,TRUE
syn-0526,volatile_heavy,STOCKS,2940245.0,3520062.62,TRUE
syn-0526,volatile_heavy,CRYPTO,2138360.0,1797173.05,TRUE
syn-0527,volatile_heavy,CASH,21885.0,19261.28,TRUE
syn-0527,volatile_heavy,STOCKS,240735.0,224433.64,TRUE
syn-0527,volatile_heavy,CRYPTO,175080.0,130208.51,TRUE
syn-0528,volatile_heavy,CASH,46855.0,35410.76,TRUE
syn-0528,volatile_heavy,STOCKS,515405.0,749986.89,TRUE
syn-0528,volatile_heavy,CRYPTO,374840.0,424249.9,TRUE
syn-0530,cash_heavy,CASH,1557380.0,2230812.29,TRUE
syn-0530,cash_heavy,FIXED_DEPOSIT,991060.0,1309934.87,TRUE
syn-0530,cash_heavy,MUTUAL_FUNDS,283160.0,335351.56,TRUE
syn-0531,conservative_income,FIXED_DEPOSIT,6026985.0,5157564.12,TRUE
syn-0531,conservative_income,BONDS,5357320.0,4522485.85,TRUE
syn-0531,conservative_income,CASH,2008995.0,1397852.19,TRUE
syn-0532,volatile_heavy,CASH,38155.0,45373.62,TRUE
syn-0532,volatile_heavy,STOCKS,419705.0,332923.67,TRUE
syn-0532,volatile_heavy,CRYPTO,305240.0,235134.94,TRUE
syn-0535,balanced,CASH,268275.0,235188.22,TRUE
syn-0535,balanced,FIXED_DEPOSIT,447125.0,497121.64,TRUE
syn-0535,balanced,MUTUAL_FUNDS,536550.0,414072.97,TRUE
syn-0535,balanced,STOCKS,357700.0,249620.33,TRUE
syn-0535,balanced,BONDS,178850.0,168027.72,TRUE
syn-0540,balanced,CASH,579000.0,828335.63,TRUE
syn-0540,balanced,FIXED_DEPOSIT,965000.0,722704.8,TRUE
syn-0540,balanced,MUTUAL_FUNDS,1158000.0,808473.96,TRUE
syn-0540,balanced,STOCKS,772000.0,1107027.85,TRUE
syn-0540,balanced,BONDS,386000.0,401510.77,TRUE
syn-0541,volatile_heavy,CASH,77950.0,67325.64,TRUE
syn-0541,volatile_heavy,STOCKS,857450.0,709520.19,TRUE
syn-0541,volatile_heavy,CRYPTO,623600.0,432602.49,TRUE
syn-0542,cash_heavy,CASH,3434695.0,3786280.07,TRUE
syn-0542,cash_heavy,FIXED_DEPOSIT,2185715.0,3239113.03,TRUE
syn-0542,cash_heavy,MUTUAL_FUNDS,624490.0,803081.08,TRUE
syn-0544,equity_tilted,CASH,717088.0,506286.03,TRUE
syn-0544,equity_tilted,MUTUAL_FUNDS,2868352.0,2229911.46,TRUE
syn-0544,equity_tilted,STOCKS,4481800.0,4916811.29,TRUE
syn-0544,equity_tilted,BONDS,896360.0,669230.4,TRUE
syn-0547,cash_heavy,CASH,1687290.0,1398534.05,TRUE
syn-0547,cash_heavy,FIXED_DEPOSIT,1073730.0,855182.45,TRUE
syn-0547,cash_heavy,MUTUAL_FUNDS,306780.0,430840.17,TRUE
syn-0548,equity_tilted,CASH,17184.0,16036.27,TRUE
syn-0548,equity_tilted,MUTUAL_FUNDS,68736.0,48756.15,TRUE
syn-0548,equity_tilted,STOCKS,107400.0,80896.42,TRUE
syn-0548,equity_tilted,BONDS,21480.0,17425.25,TRUE
syn-0549,balanced,CASH,718695.0,511990.14,TRUE
syn-0549,balanced,FIXED_DEPOSIT,1197825.0,1536244.96,TRUE
syn-0549,balanced,MUTUAL_FUNDS,1437390.0,1114952.2,TRUE
syn-0549,balanced,STOCKS,958260.0,1304655.15,TRUE
syn-0549,balanced,BONDS,479130.0,554419.81,TRUE
syn-0550,volatile_heavy,CASH,24660.0,20700.43,TRUE
syn-0550,volatile_heavy,STOCKS,271260.0,239198.04,TRUE
syn-0550,volatile_heavy,CRYPTO,197280.0,144865.67,TRUE
syn-0552,volatile_heavy,CASH,546180.0,487492.36,TRUE
syn-0552,volatile_heavy,STOCKS,6007980.0,7349473.68,TRUE
syn-0552,volatile_heavy,CRYPTO,4369440.0,3074326.61,TRUE
syn-0553,balanced,CASH,422400.0,359518.62,TRUE
syn-0553,balanced,FIXED_DEPOSIT,704000.0,511588.04,TRUE
syn-0553,balanced,MUTUAL_FUNDS,844800.0,593128.14,TRUE
syn-0553,balanced,STOCKS,563200.0,458084.31,TRUE
syn-0553,balanced,BONDS,281600.0,200971.06,TRUE
syn-0555,volatile_heavy,CASH,67380.0,51224.09,TRUE
syn-0555,volatile_heavy,STOCKS,741180.0,668441.27,TRUE
syn-0555,volatile_heavy,CRYPTO,539040.0,463120.82,TRUE
syn-0557,volatile_heavy,CASH,2601700.0,2000704.69,TRUE
syn-0557,volatile_heavy,STOCKS,28618700.0,21119030.16,TRUE
syn-0557,volatile_heavy,CRYPTO,20813600.0,22953731.33,TRUE
syn-0558,volatile_heavy,CASH,1162625.0,1176232.87,TRUE
syn-0558,volatile_heavy,STOCKS,12788875.0,10196405.14,TRUE
syn-0558,volatile_heavy,CRYPTO,9301000.0,6701264.1,TRUE
syn-0559,volatile_heavy,CASH,9945.0,7377.89,TRUE
syn-0559,volatile_heavy,STOCKS,109395.0,111298.12,TRUE
syn-0559,volatile_heavy,CRYPTO,79560.0,84342.69,TRUE
syn-0560,volatile_heavy,CASH,19640.0,20909.56,TRUE
syn-0560,volatile_heavy,STOCKS,216040.0,249987.71,TRUE
syn-0560,volatile_heavy,CRYPTO,157120.0,142260.34,TRUE
syn-0561,cash_heavy,CASH,19369130.0,18922098.62,TRUE
syn-0561,cash_heavy,FIXED_DEPOSIT,12325810.0,11724505.51,TRUE
syn-0561,cash_heavy,MUTUAL_FUNDS,3521660.0,3048516.62,TRUE
syn-0563,conservative_income,FIXED_DEPOSIT,3752415.0,4006360.8,TRUE
syn-0563,conservative_income,BONDS,3335480.0,3157189.8,TRUE
syn-0563,conservative_income,CASH,1250805.0,1144816.45,TRUE
syn-0564,equity_tilted,CASH,1121984.0,917541.58,TRUE
syn-0564,equity_tilted,MUTUAL_FUNDS,4487936.0,3344734.44,TRUE
syn-0564,equity_tilted,STOCKS,7012400.0,5689295.23,TRUE
syn-0564,equity_tilted,BONDS,1402480.0,2075463.65,TRUE
syn-0566,conservative_income,FIXED_DEPOSIT,2018160.0,2239923.44,TRUE
syn-0566,conservative_income,BONDS,1793920.0,1371653.34,TRUE
syn-0566,conservative_income,CASH,672720.0,530747.48,TRUE
syn-0567,balanced,CASH,120795.0,181721.2,TRUE
syn-0567,balanced,FIXED_DEPOSIT,201325.0,274655.07,TRUE
syn-0567,balanced,MUTUAL_FUNDS,241590.0,181485.08,TRUE
syn-0567,balanced,STOCKS,161060.0,217979.25,TRUE
syn-0567,balanced,BONDS,80530.0,63357.9,TRUE
syn-0568,volatile_heavy,CASH,31370.0,38201.66,TRUE
syn-0568,volatile_heavy,STOCKS,345070.0,455337.47,TRUE
syn-0568,volatile_heavy,CRYPTO,250960.0,313251.89,TRUE
syn-0569,volatile_heavy,CASH,16275.0,15044.54,TRUE
syn-0569,volatile_heavy,STOCKS,179025.0,123601.99,TRUE
syn-0569,volatile_heavy,CRYPTO,130200.0,89869.13,TRUE
syn-0570,volatile_heavy,CASH,9155.0,13190.57,TRUE
syn-0570,volatile_heavy,STOCKS,100705.0,124878.27,TRUE
syn-0570,volatile_heavy,CRYPTO,73240.0,60028.27,TRUE
syn-0571,volatile_heavy,CASH,217320.0,178949.81,TRUE
syn-0571,volatile_heavy,STOCKS,2390520.0,1706685.83,TRUE
syn-0571,volatile_heavy,CRYPTO,1738560.0,1508162.59,TRUE
syn-0572,conservative_income,FIXED_DEPOSIT,88875.0,107681.29,TRUE
syn-0572,conservative_income,BONDS,79000.0,69009.44,TRUE
syn-0572,conservative_income,CASH,29625.0,24672.4,TRUE
syn-0574,cash_heavy,CASH,488785.0,448374.58,TRUE
syn-0574,cash_heavy,FIXED_DEPOSIT,311045.0,273092.66,TRUE
syn-0574,cash_heavy,MUTUAL_FUNDS,88870.0,112401.51,TRUE
syn-0576,conservative_income,FIXED_DEPOSIT,412290.0,337525.64,TRUE
syn-0576,conservative_income,BONDS,366480.0,322606.38,TRUE
syn-0576,conservative_income,CASH,137430.0,94994.82,TRUE
syn-0578,volatile_heavy,CASH,31800.0,39872.21,TRUE
syn-0578,volatile_heavy,STOCKS,349800.0,491389.03,TRUE
syn-0578,volatile_heavy,CRYPTO,254400.0,284448.14,TRUE
syn-0579,conservative_income,FIXED_DEPOSIT,3573810.0,3845750.34,TRUE
syn-0579,conservative_income,BONDS,3176720.0,2404581.22,TRUE
syn-0579,conservative_income,CASH,1191270.0,986002.74,TRUE
syn-0580,conservative_income,FIXED_DEPOSIT,6373125.0,6011268.67,TRUE
syn-0580,conservative_income,BONDS,5665000.0,3998586.85,TRUE
syn-0580,conservative_income,CASH,2124375.0,2744703.96,TRUE
syn-0581,volatile_heavy,CASH,1246990.0,1085509.56,TRUE
syn-0581,volatile_heavy,STOCKS,13716890.0,14873934.46,TRUE
syn-0581,volatile_heavy,CRYPTO,9975920.0,13643373.83,TRUE
syn-0583,cash_heavy,CASH,11442970.0,8026990.78,TRUE
syn-0583,cash_heavy,FIXED_DEPOSIT,7281890.0,5634989.48,TRUE
syn-0583,cash_heavy,MUTUAL_FUNDS,2080540.0,1818731.82,TRUE
syn-0585,volatile_heavy,CASH,29020.0,39109.24,TRUE
syn-0585,volatile_heavy,STOCKS,319220.0,303682.08,TRUE
syn-0585,volatile_heavy,CRYPTO,232160.0,202854.44,TRUE
syn-0587,equity_tilted,CASH,121840.0,91731.69,TRUE
syn-0587,equity_tilted,MUTUAL_FUNDS,487360.0,593449.92,TRUE
syn-0587,equity_tilted,STOCKS,761500.0,691055.92,TRUE
syn-0587,equity_tilted,BONDS,152300.0,162412.7,TRUE
syn-0589,conservative_income,FIXED_DEPOSIT,4826925.0,4691853.85,TRUE
syn-0589,conservative_income,BONDS,4290600.0,5669222.83,TRUE
syn-0589,conservative_income,CASH,1608975.0,1555059.93,TRUE
syn-0593,conservative_income,FIXED_DEPOSIT,1814760.0,1678472.7,TRUE
syn-0593,conservative_income,BONDS,1613120.0,2240271.96,TRUE
syn-0593,conservative_income,CASH,604920.0,918339.85,TRUE
syn-0596,equity_tilted,CASH,42712.0,35084.57,TRUE
syn-0596,equity_tilted,MUTUAL_FUNDS,170848.0,133154.79,TRUE
syn-0596,equity_tilted,STOCKS,266950.0,310663.82,TRUE
syn-0596,equity_tilted,BONDS,53390.0,55836.81,TRUE
syn-0599,conservative_income,FIXED_DEPOSIT,5479740.0,4045880.86,TRUE
syn-0599,conservative_income,BONDS,4870880.0,6087820.99,TRUE
syn-0599,conservative_income,CASH,1826580.0,1439565.96,TRUE
syn-0600,equity_tilted,CASH,808048.0,603580.48,TRUE
syn-0600,equity_tilted,MUTUAL_FUNDS,3232192.0,3083706.02,TRUE
syn-0600,equity_tilted,STOCKS,5050300.0,6048957.83,TRUE
syn-0600,equity_tilted,BONDS,1010060.0,713818.87,TRUE
syn-0604,volatile_heavy,CASH,737925.0,682531.62,TRUE
syn-0604,volatile_heavy,STOCKS,8117175.0,8716622.21,TRUE
syn-0604,volatile_heavy,CRYPTO,5903400.0,8655302.55,TRUE
syn-0605,balanced,CASH,72960.0,68702.0,TRUE
syn-0605,balanced,FIXED_DEPOSIT,121600.0,158684.89,TRUE
syn-0605,balanced,MUTUAL_FUNDS,145920.0,152877.36,TRUE
syn-0605,balanced,STOCKS,97280.0,77495.54,TRUE
syn-0605,balanced,BONDS,48640.0,47182.42,TRUE
syn-0606,balanced,CASH,153375.0,209167.96,TRUE
syn-0606,balanced,FIXED_DEPOSIT,255625.0,238505.09,TRUE
syn-0606,balanced,MUTUAL_FUNDS,306750.0,249507.07,TRUE
syn-0606,balanced,STOCKS,204500.0,198880.6,TRUE
syn-0606,balanced,BONDS,102250.0,91417.36,TRUE
syn-0608,volatile_heavy,CASH,1852950.0,1633186.39,TRUE
syn-0608,volatile_heavy,STOCKS,20382450.0,28251291.38,TRUE
syn-0608,volatile_heavy,CRYPTO,14823600.0,15278624.08,TRUE
syn-0611,equity_tilted,CASH,566088.0,866350.5,TRUE
syn-0611,equity_tilted,MUTUAL_FUNDS,2264352.0,3268087.09,TRUE
syn-0611,equity_tilted,STOCKS,3538050.0,3152409.61,TRUE
syn-0611,equity_tilted,BONDS,707610.0,544529.3,TRUE
syn-0612,volatile_heavy,CASH,450945.0,356075.83,TRUE
syn-0612,volatile_heavy,STOCKS,4960395.0,4261428.13,TRUE
syn-0612,volatile_heavy,CRYPTO,3607560.0,3381777.21,TRUE
syn-0617,equity_tilted,CASH,4253752.0,3804177.33,TRUE
syn-0617,equity_tilted,MUTUAL_FUNDS,17015008.0,17517235.91,TRUE
syn-0617,equity_tilted,STOCKS,26585950.0,23981913.62,TRUE
syn-0617,equity_tilted,BONDS,5317190.0,5735480.04,TRUE
syn-0618,cash_heavy,CASH,688050.0,537432.59,TRUE
syn-0618,cash_heavy,FIXED_DEPOSIT,437850.0,309936.99,TRUE
syn-0618,cash_heavy,MUTUAL_FUNDS,125100.0,104061.84,TRUE
syn-0619,cash_heavy,CASH,11279400.0,8939223.72,TRUE
syn-0619,cash_heavy,FIXED_DEPOSIT,7177800.0,9599911.91,TRUE
syn-0619,cash_heavy,MUTUAL_FUNDS,2050800.0,1452514.28,TRUE
syn-0620,volatile_heavy,CASH,253665.0,184276.99,TRUE
syn-0620,volatile_heavy,STOCKS,2790315.0,3015456.88,TRUE
syn-0620,volatile_heavy,CRYPTO,2029320.0,1739666.38,TRUE
syn-0622,equity_tilted,CASH,19512.0,14075.38,TRUE
syn-0622,equity_tilted,MUTUAL_FUNDS,78048.0,101718.66,TRUE
syn-0622,equity_tilted,STOCKS,121950.0,163888.17,TRUE
syn-0622,equity_tilted,BONDS,24390.0,31249.65,TRUE
syn-0623,volatile_heavy,CASH,195970.0,233957.72,TRUE
syn-0623,volatile_heavy,STOCKS,2155670.0,1615551.95,TRUE
syn-0623,volatile_heavy,CRYPTO,1567760.0,1139152.79,TRUE
syn-0624,volatile_heavy,CASH,73405.0,61143.36,TRUE
syn-0624,volatile_heavy,STOCKS,807455.0,861832.49,TRUE
syn-0624,volatile_heavy,CRYPTO,587240.0,479754.59,TRUE
syn-0625,balanced,CASH,608685.0,615621.9,TRUE
syn-0625,balanced,FIXED_DEPOSIT,1014475.0,930426.83,TRUE
syn-0625,balanced,MUTUAL_FUNDS,1217370.0,1073882.12,TRUE
syn-0625,balanced,STOCKS,811580.0,902793.4,TRUE
syn-0625,balanced,BONDS,405790.0,321486.03,TRUE
syn-0626,conservative_income,FIXED_DEPOSIT,37800.0,46764.77,TRUE
syn-0626,conservative_income,BONDS,33600.0,28175.48,TRUE
syn-0626,conservative_income,CASH,12600.0,14196.86,TRUE
syn-0628,equity_tilted,CASH,50112.0,36592.43,TRUE
syn-0628,equity_tilted,MUTUAL_FUNDS,200448.0,140000.77,TRUE
syn-0628,equity_tilted,STOCKS,313200.0,255466.43,TRUE
syn-0628,equity_tilted,BONDS,62640.0,88360.26,TRUE
syn-0629,balanced,CASH,28155.0,34747.18,TRUE
syn-0629,balanced,FIXED_DEPOSIT,46925.0,38140.89,TRUE
syn-0629,balanced,MUTUAL_FUNDS,56310.0,41987.99,TRUE
syn-0629,balanced,STOCKS,37540.0,44165.01,TRUE
syn-0629,balanced,BONDS,18770.0,13662.58,TRUE
syn-0630,volatile_heavy,CASH,624430.0,762246.41,TRUE
syn-0630,volatile_heavy,STOCKS,6868730.0,6372367.16,TRUE
syn-0630,volatile_heavy,CRYPTO,4995440.0,5483600.02,TRUE
syn-0632,equity_tilted,CASH,607816.0,494503.98,TRUE
syn-0632,equity_tilted,MUTUAL_FUNDS,2431264.0,2853809.88,TRUE
syn-0632,equity_tilted,STOCKS,3798850.0,3452955.37,TRUE
syn-0632,equity_tilted,BONDS,759770.0,652254.55,TRUE
syn-0633,cash_heavy,CASH,484605.0,555513.96,TRUE
syn-0633,cash_heavy,FIXED_DEPOSIT,308385.0,289008.03,TRUE
syn-0633,cash_heavy,MUTUAL_FUNDS,88110.0,71543.07,TRUE
syn-0634,equity_tilted,CASH,34448.0,26463.64,TRUE
syn-0634,equity_tilted,MUTUAL_FUNDS,137792.0,118813.79,TRUE
syn-0634,equity_tilted,STOCKS,215300.0,265530.84,TRUE
syn-0634,equity_tilted,BONDS,43060.0,57189.18,TRUE
syn-0635,equity_tilted,CASH,1609680.0,1405528.03,TRUE
syn-0635,equity_tilted,MUTUAL_FUNDS,6438720.0,5298528.3,TRUE
syn-0635,equity_tilted,STOCKS,10060500.0,13228349.42,TRUE
syn-0635,equity_tilted,BONDS,2012100.0,1639106.93,TRUE
syn-0637,balanced,CASH,143550.0,110621.38,TRUE
syn-0637,balanced,FIXED_DEPOSIT,239250.0,186936.96,TRUE
syn-0637,balanced,MUTUAL_FUNDS,287100.0,226207.14,TRUE
syn-0637,balanced,STOCKS,191400.0,166471.66,TRUE
syn-0637,balanced,BONDS,95700.0,80129.28,TRUE
syn-0640,conservative_income,FIXED_DEPOSIT,162990.0,148378.25,TRUE
syn-0640,conservative_income,BONDS,144880.0,111865.21,TRUE
syn-0640,conservative_income,CASH,54330.0,65373.3,TRUE
syn-0641,balanced,CASH,169920.0,133017.68,TRUE
syn-0641,balanced,FIXED_DEPOSIT,283200.0,208074.29,TRUE
syn-0641,balanced,MUTUAL_FUNDS,339840.0,328068.75,TRUE
syn-0641,balanced,STOCKS,226560.0,191382.38,TRUE
syn-0641,balanced,BONDS,113280.0,123968.18,TRUE
syn-0642,cash_heavy,CASH,984280.0,1465193.1,TRUE
syn-0642,cash_heavy,FIXED_DEPOSIT,626360.0,949580.38,TRUE
syn-0642,cash_heavy,MUTUAL_FUNDS,178960.0,173267.62,TRUE
syn-0643,cash_heavy,CASH,635360.0,550635.18,TRUE
syn-0643,cash_heavy,FIXED_DEPOSIT,404320.0,464922.87,TRUE
syn-0643,cash_heavy,MUTUAL_FUNDS,115520.0,130044.8,TRUE
syn-0644,cash_heavy,CASH,421575.0,605125.05,TRUE
syn-0644,cash_heavy,FIXED_DEPOSIT,268275.0,285402.82,TRUE
syn-0644,cash_heavy,MUTUAL_FUNDS,76650.0,70176.96,TRUE
syn-0645,balanced,CASH,67230.0,71339.75,TRUE
syn-0645,balanced,FIXED_DEPOSIT,112050.0,118991.17,TRUE
syn-0645,balanced,MUTUAL_FUNDS,134460.0,94296.53,TRUE
syn-0645,balanced,STOCKS,89640.0,110797.15,TRUE
syn-0645,balanced,BONDS,44820.0,62773.88,TRUE
syn-0646,volatile_heavy,CASH,72185.0,57998.68,TRUE
syn-0646,volatile_heavy,STOCKS,794035.0,1134816.17,TRUE
syn-0646,volatile_heavy,CRYPTO,577480.0,766259.19,TRUE
syn-0647,balanced,CASH,622710.0,629300.96,TRUE
syn-0647,balanced,FIXED_DEPOSIT,1037850.0,812408.28,TRUE
syn-0647,balanced,MUTUAL_FUNDS,1245420.0,1043457.87,TRUE
syn-0647,balanced,STOCKS,830280.0,970239.46,TRUE
syn-0647,balanced,BONDS,415140.0,298832.64,TRUE
syn-0650,conservative_income,FIXED_DEPOSIT,4657770.0,3782984.38,TRUE
syn-0650,conservative_income,BONDS,4140240.0,5392794.79,TRUE
syn-0650,conservative_income,CASH,1552590.0,1766714.05,TRUE
syn-0652,conservative_income,FIXED_DEPOSIT,442800.0,337563.79,TRUE
syn-0652,conservative_income,BONDS,393600.0,453672.4,TRUE
syn-0652,conservative_income,CASH,147600.0,154432.01,TRUE
syn-0654,equity_tilted,CASH,31592.0,31466.18,TRUE
syn-0654,equity_tilted,MUTUAL_FUNDS,126368.0,127211.68,TRUE
syn-0654,equity_tilted,STOCKS,197450.0,226985.74,TRUE
syn-0654,equity_tilted,BONDS,39490.0,57889.2,TRUE
syn-0655,equity_tilted,CASH,76576.0,53533.14,TRUE
syn-0655,equity_tilted,MUTUAL_FUNDS,306304.0,256340.0,TRUE
syn-0655,equity_tilted,STOCKS,478600.0,417591.72,TRUE
syn-0655,equity_tilted,BONDS,95720.0,141506.97,TRUE
syn-0656,cash_heavy,CASH,242330.0,354555.82,TRUE
syn-0656,cash_heavy,FIXED_DEPOSIT,154210.0,151503.26,TRUE
syn-0656,cash_heavy,MUTUAL_FUNDS,44060.0,47429.33,TRUE
syn-0657,conservative_income,FIXED_DEPOSIT,788805.0,742957.95,TRUE
syn-0657,conservative_income,BONDS,701160.0,494904.24,TRUE
syn-0657,conservative_income,CASH,262935.0,348241.81,TRUE
syn-0659,cash_heavy,CASH,3322275.0,3942848.24,TRUE
syn-0659,cash_heavy,FIXED_DEPOSIT,2114175.0,2548920.15,TRUE
syn-0659,cash_heavy,MUTUAL_FUNDS,604050.0,619373.02,TRUE
syn-0660,cash_heavy,CASH,202730.0,249349.3,TRUE
syn-0660,cash_heavy,FIXED_DEPOSIT,129010.0,105376.95,TRUE
syn-0660,cash_heavy,MUTUAL_FUNDS,36860.0,32711.0,TRUE
syn-0662,conservative_income,FIXED_DEPOSIT,67095.0,92993.49,TRUE
syn-0662,conservative_income,BONDS,59640.0,52477.19,TRUE
syn-0662,conservative_income,CASH,22365.0,27093.05,TRUE
syn-0664,conservative_income,FIXED_DEPOSIT,2675025.0,2234447.53,TRUE
syn-0664,conservative_income,BONDS,2377800.0,3104806.17,TRUE
syn-0664,conservative_income,CASH,891675.0,1278840.51,TRUE
syn-0668,equity_tilted,CASH,123376.0,93481.1,TRUE
syn-0668,equity_tilted,MUTUAL_FUNDS,493504.0,560621.35,TRUE
syn-0668,equity_tilted,STOCKS,771100.0,668990.05,TRUE
syn-0668,equity_tilted,BONDS,154220.0,153086.58,TRUE
syn-0670,equity_tilted,CASH,66824.0,81478.66,TRUE
syn-0670,equity_tilted,MUTUAL_FUNDS,267296.0,304575.07,TRUE
syn-0670,equity_tilted,STOCKS,417650.0,414590.76,TRUE
syn-0670,equity_tilted,BONDS,83530.0,65223.04,TRUE
syn-0671,equity_tilted,CASH,727848.0,1118624.94,TRUE
syn-0671,equity_tilted,MUTUAL_FUNDS,2911392.0,2538660.59,TRUE
syn-0671,equity_tilted,STOCKS,4549050.0,3875456.93,TRUE
syn-0671,equity_tilted,BONDS,909810.0,1396682.4,TRUE
syn-0673,volatile_heavy,CASH,319365.0,474174.84,TRUE
syn-0673,volatile_heavy,STOCKS,3513015.0,4603031.35,TRUE
syn-0673,volatile_heavy,CRYPTO,2554920.0,1892289.98,TRUE
syn-0674,cash_heavy,CASH,128040.0,93476.22,TRUE
syn-0674,cash_heavy,FIXED_DEPOSIT,81480.0,68232.8,TRUE
syn-0674,cash_heavy,MUTUAL_FUNDS,23280.0,18489.24,TRUE
syn-0675,balanced,CASH,406965.0,329214.07,TRUE
syn-0675,balanced,FIXED_DEPOSIT,678275.0,473654.82,TRUE
syn-0675,balanced,MUTUAL_FUNDS,813930.0,605570.52,TRUE
syn-0675,balanced,STOCKS,542620.0,695275.78,TRUE
syn-0675,balanced,BONDS,271310.0,252816.78,TRUE
syn-0676,conservative_income,FIXED_DEPOSIT,341010.0,241532.03,TRUE
syn-0676,conservative_income,BONDS,303120.0,270148.52,TRUE
syn-0676,conservative_income,CASH,113670.0,101463.23,TRUE
syn-0679,volatile_heavy,CASH,132430.0,116224.77,TRUE
syn-0679,volatile_heavy,STOCKS,1456730.0,1219670.2,TRUE
syn-0679,volatile_heavy,CRYPTO,1059440.0,1408187.93,TRUE
syn-0680,equity_tilted,CASH,1333720.0,1585709.74,TRUE
syn-0680,equity_tilted,MUTUAL_FUNDS,5334880.0,6378917.6,TRUE
syn-0680,equity_tilted,STOCKS,8335750.0,12137521.43,TRUE
syn-0680,equity_tilted,BONDS,1667150.0,1396159.7,TRUE
syn-0681,equity_tilted,CASH,173704.0,122176.95,TRUE
syn-0681,equity_tilted,MUTUAL_FUNDS,694816.0,627802.58,TRUE
syn-0681,equity_tilted,STOCKS,1085650.0,836905.46,TRUE
syn-0681,equity_tilted,BONDS,217130.0,235725.08,TRUE
syn-0682,volatile_heavy,CASH,686660.0,792133.8,TRUE
syn-0682,volatile_heavy,STOCKS,7553260.0,8883842.53,TRUE
syn-0682,volatile_heavy,CRYPTO,5493280.0,5560943.7,TRUE
syn-0683,cash_heavy,CASH,20271350.0,18495586.87,TRUE
syn-0683,cash_heavy,FIXED_DEPOSIT,12899950.0,15208631.14,TRUE
syn-0683,cash_heavy,MUTUAL_FUNDS,3685700.0,3480116.21,TRUE
syn-0684,volatile_heavy,CASH,368695.0,489034.13,TRUE
syn-0684,volatile_heavy,STOCKS,4055645.0,3526078.9,TRUE
syn-0684,volatile_heavy,CRYPTO,2949560.0,3771078.27,TRUE
syn-0685,balanced,CASH,31890.0,23671.33,TRUE
syn-0685,balanced,FIXED_DEPOSIT,53150.0,69031.02,TRUE
syn-0685,balanced,MUTUAL_FUNDS,63780.0,50526.84,TRUE
syn-0685,balanced,STOCKS,42520.0,39363.15,TRUE
syn-0685,balanced,BONDS,21260.0,22604.23,TRUE
syn-0686,balanced,CASH,23895.0,18281.1,TRUE
syn-0686,balanced,FIXED_DEPOSIT,39825.0,44458.54,TRUE
syn-0686,balanced,MUTUAL_FUNDS,47790.0,36099.03,TRUE
syn-0686,balanced,STOCKS,31860.0,48161.1,TRUE
syn-0686,balanced,BONDS,15930.0,20327.68,TRUE
syn-0687,equity_tilted,CASH,331248.0,230305.79,TRUE
syn-0687,equity_tilted,MUTUAL_FUNDS,1324992.0,988674.61,TRUE
syn-0687,equity_tilted,STOCKS,2070300.0,2092217.46,TRUE
syn-0687,equity_tilted,BONDS,414060.0,303087.61,TRUE
syn-0688,volatile_heavy,CASH,28475.0,34915.55,TRUE
syn-0688,volatile_heavy,STOCKS,313225.0,475908.59,TRUE
syn-0688,volatile_heavy,CRYPTO,227800.0,173443.54,TRUE
syn-0689,balanced,CASH,2192325.0,2392964.32,TRUE
syn-0689,balanced,FIXED_DEPOSIT,3653875.0,3394137.07,TRUE
syn-0689,balanced,MUTUAL_FUNDS,4384650.0,3357858.86,TRUE
syn-0689,balanced,STOCKS,2923100.0,2563561.86,TRUE
syn-0689,balanced,BONDS,1461550.0,1377171.07,TRUE
syn-0692,conservative_income,FIXED_DEPOSIT,1660140.0,1364363.44,TRUE
syn-0692,conservative_income,BONDS,1475680.0,1814029.38,TRUE
syn-0692,conservative_income,CASH,553380.0,564286.54,TRUE
syn-0693,equity_tilted,CASH,162160.0,142208.43,TRUE
syn-0693,equity_tilted,MUTUAL_FUNDS,648640.0,454975.43,TRUE
syn-0693,equity_tilted,STOCKS,1013500.0,1107407.74,TRUE
syn-0693,equity_tilted,BONDS,202700.0,217905.52,TRUE
syn-0694,equity_tilted,CASH,18904.0,27124.62,TRUE
syn-0694,equity_tilted,MUTUAL_FUNDS,75616.0,69486.01,TRUE
syn-0694,equity_tilted,STOCKS,118150.0,94524.42,TRUE
syn-0694,equity_tilted,BONDS,23630.0,19183.24,TRUE
syn-0696,cash_heavy,CASH,395010.0,527873.12,TRUE
syn-0696,cash_heavy,FIXED_DEPOSIT,251370.0,178034.83,TRUE
syn-0696,cash_heavy,MUTUAL_FUNDS,71820.0,78729.12,TRUE
syn-0698,balanced,CASH,490155.0,356595.54,TRUE
syn-0698,balanced,FIXED_DEPOSIT,816925.0,1173231.71,TRUE
syn-0698,balanced,MUTUAL_FUNDS,980310.0,1425937.19,TRUE
syn-0698,balanced,STOCKS,653540.0,455138.9,TRUE
syn-0698,balanced,BONDS,326770.0,381978.71,TRUE
syn-0699,conservative_income,FIXED_DEPOSIT,227250.0,211999.32,TRUE
syn-0699,conservative_income,BONDS,202000.0,290314.29,TRUE
syn-0699,conservative_income,CASH,75750.0,111261.33,TRUE
syn-0700,equity_tilted,CASH,78496.0,65879.64,TRUE
syn-0700,equity_tilted,MUTUAL_FUNDS,313984.0,246526.5,TRUE
syn-0700,equity_tilted,STOCKS,490600.0,444499.74,TRUE
syn-0700,equity_tilted,BONDS,98120.0,81924.44,TRUE
syn-0704,equity_tilted,CASH,1624216.0,2202196.64,TRUE
syn-0704,equity_tilted,MUTUAL_FUNDS,6496864.0,7922344.18,TRUE
syn-0704,equity_tilted,STOCKS,10151350.0,9096160.23,TRUE
syn-0704,equity_tilted,BONDS,2030270.0,2657360.1,TRUE
syn-0705,balanced,CASH,2752530.0,4025631.94,TRUE
syn-0705,balanced,FIXED_DEPOSIT,4587550.0,4334710.72,TRUE
syn-0705,balanced,MUTUAL_FUNDS,5505060.0,4923099.12,TRUE
syn-0705,balanced,STOCKS,3670040.0,2582799.71,TRUE
syn-0705,balanced,BONDS,1835020.0,1890928.64,TRUE
syn-0706,conservative_income,FIXED_DEPOSIT,577665.0,623483.54,TRUE
syn-0706,conservative_income,BONDS,513480.0,392170.97,TRUE
syn-0706,conservative_income,CASH,192555.0,182506.61,TRUE
syn-0708,balanced,CASH,2326845.0,1893374.15,TRUE
syn-0708,balanced,FIXED_DEPOSIT,3878075.0,3619319.7,TRUE
syn-0708,balanced,MUTUAL_FUNDS,4653690.0,3559677.38,TRUE
syn-0708,balanced,STOCKS,3102460.0,3115349.05,TRUE
syn-0708,balanced,BONDS,1551230.0,2094979.36,TRUE
syn-0709,balanced,CASH,1146015.0,1574513.28,TRUE
syn-0709,balanced,FIXED_DEPOSIT,1910025.0,1764283.47,TRUE
syn-0709,balanced,MUTUAL_FUNDS,2292030.0,2384912.51,TRUE
syn-0709,balanced,STOCKS,1528020.0,1342397.26,TRUE
syn-0709,balanced,BONDS,764010.0,567798.11,TRUE
syn-0710,balanced,CASH,40440.0,31667.43,TRUE
syn-0710,balanced,FIXED_DEPOSIT,67400.0,65785.4,TRUE
syn-0710,balanced,MUTUAL_FUNDS,80880.0,107416.39,TRUE
syn-0710,balanced,STOCKS,53920.0,41177.1,TRUE
syn-0710,balanced,BONDS,26960.0,26181.11,TRUE
syn-0711,cash_heavy,CASH,28604675.0,21203698.25,TRUE
syn-0711,cash_heavy,FIXED_DEPOSIT,18202975.0,26337200.54,TRUE
syn-0711,cash_heavy,MUTUAL_FUNDS,5200850.0,5892292.17,TRUE
syn-0713,volatile_heavy,CASH,1349515.0,1073455.64,TRUE
syn-0713,volatile_heavy,STOCKS,14844665.0,12206660.52,TRUE
syn-0713,volatile_heavy,CRYPTO,10796120.0,9683882.52,TRUE
syn-0721,balanced,CASH,116730.0,92975.26,TRUE
syn-0721,balanced,FIXED_DEPOSIT,194550.0,161827.75,TRUE
syn-0721,balanced,MUTUAL_FUNDS,233460.0,301001.05,TRUE
syn-0721,balanced,STOCKS,155640.0,154968.83,TRUE
syn-0721,balanced,BONDS,77820.0,74963.14,TRUE
syn-0723,equity_tilted,CASH,52152.0,39914.3,TRUE
syn-0723,equity_tilted,MUTUAL_FUNDS,208608.0,146403.65,TRUE
syn-0723,equity_tilted,STOCKS,325950.0,262736.55,TRUE
syn-0723,equity_tilted,BONDS,65190.0,79310.47,TRUE
syn-0724,cash_heavy,CASH,3102605.0,3687672.83,TRUE
syn-0724,cash_heavy,FIXED_DEPOSIT,1974385.0,2872850.98,TRUE
syn-0724,cash_heavy,MUTUAL_FUNDS,564110.0,540865.86,TRUE
syn-0725,equity_tilted,CASH,118232.0,91175.28,TRUE
syn-0725,equity_tilted,MUTUAL_FUNDS,472928.0,491217.38,TRUE
syn-0725,equity_tilted,STOCKS,738950.0,651624.65,TRUE
syn-0725,equity_tilted,BONDS,147790.0,108354.72,TRUE
syn-0726,volatile_heavy,CASH,1004565.0,950200.02,TRUE
syn-0726,volatile_heavy,STOCKS,11050215.0,13861232.92,TRUE
syn-0726,volatile_heavy,CRYPTO,8036520.0,7363064.15,TRUE
syn-0727,cash_heavy,CASH,44649385.0,33217192.18,TRUE
syn-0727,cash_heavy,FIXED_DEPOSIT,28413245.0,32610019.38,TRUE
syn-0727,cash_heavy,MUTUAL_FUNDS,8118070.0,8872412.43,TRUE
syn-0729,cash_heavy,CASH,566335.0,475297.11,TRUE
syn-0729,cash_heavy,FIXED_DEPOSIT,360395.0,533406.92,TRUE
syn-0729,cash_heavy,MUTUAL_FUNDS,102970.0,73219.97,TRUE
syn-0730,conservative_income,FIXED_DEPOSIT,320940.0,227745.8,TRUE
syn-0730,conservative_income,BONDS,285280.0,368756.78,TRUE
syn-0730,conservative_income,CASH,106980.0,103279.8,TRUE
syn-0731,equity_tilted,CASH,779360.0,849726.33,TRUE
syn-0731,equity_tilted,MUTUAL_FUNDS,3117440.0,4572598.69,TRUE
syn-0731,equity_tilted,STOCKS,4871000.0,5525119.61,TRUE
syn-0731,equity_tilted,BONDS,974200.0,746641.51,TRUE
syn-0732,balanced,CASH,38385.0,35121.51,TRUE
syn-0732,balanced,FIXED_DEPOSIT,63975.0,46487.81,TRUE
syn-0732,balanced,MUTUAL_FUNDS,76770.0,66682.58,TRUE
syn-0732,balanced,STOCKS,51180.0,39717.38,TRUE
syn-0732,balanced,BONDS,25590.0,32231.54,TRUE
syn-0736,balanced,CASH,2745120.0,3845658.64,TRUE
syn-0736,balanced,FIXED_DEPOSIT,4575200.0,3974293.93,TRUE
syn-0736,balanced,MUTUAL_FUNDS,5490240.0,4022304.76,TRUE
syn-0736,balanced,STOCKS,3660160.0,3297114.64,TRUE
syn-0736,balanced,BONDS,1830080.0,1879841.14,TRUE
syn-0737,conservative_income,FIXED_DEPOSIT,1537020.0,1962669.29,TRUE
syn-0737,conservative_income,BONDS,1366240.0,1159585.99,TRUE
syn-0737,conservative_income,CASH,512340.0,746693.59,TRUE
syn-0738,equity_tilted,CASH,817824.0,585416.69,TRUE
syn-0738,equity_tilted,MUTUAL_FUNDS,3271296.0,3735088.1,TRUE
syn-0738,equity_tilted,STOCKS,5111400.0,6259072.93,TRUE
syn-0738,equity_tilted,BONDS,1022280.0,945608.13,TRUE
syn-0739,volatile_heavy,CASH,8600.0,6891.5,TRUE
syn-0739,volatile_heavy,STOCKS,94600.0,83872.7,TRUE
syn-0739,volatile_heavy,CRYPTO,68800.0,53124.09,TRUE
syn-0740,volatile_heavy,CASH,515875.0,550451.71,TRUE
syn-0740,volatile_heavy,STOCKS,5674625.0,6685836.52,TRUE
syn-0740,volatile_heavy,CRYPTO,4127000.0,3429784.53,TRUE
syn-0741,equity_tilted,CASH,2815240.0,2202193.97,TRUE
syn-0741,equity_tilted,MUTUAL_FUNDS,11260960.0,10203392.28,TRUE
syn-0741,equity_tilted,STOCKS,17595250.0,20215483.37,TRUE
syn-0741,equity_tilted,BONDS,3519050.0,3614350.16,TRUE
syn-0742,cash_heavy,CASH,176495.0,151842.68,TRUE
syn-0742,cash_heavy,FIXED_DEPOSIT,112315.0,170429.7,TRUE
syn-0742,cash_heavy,MUTUAL_FUNDS,32090.0,28248.56,TRUE
syn-0746,cash_heavy,CASH,583770.0,467715.93,TRUE
syn-0746,cash_heavy,FIXED_DEPOSIT,371490.0,373956.49,TRUE
syn-0746,cash_heavy,MUTUAL_FUNDS,106140.0,91373.6,TRUE
syn-0747,equity_tilted,CASH,443224.0,404234.34,TRUE
syn-0747,equity_tilted,MUTUAL_FUNDS,1772896.0,2378554.46,TRUE
syn-0747,equity_tilted,STOCKS,2770150.0,2062735.2,TRUE
syn-0747,equity_tilted,BONDS,554030.0,683406.14,TRUE
syn-0748,equity_tilted,CASH,58448.0,61086.1,TRUE
syn-0748,equity_tilted,MUTUAL_FUNDS,233792.0,320639.05,TRUE
syn-0748,equity_tilted,STOCKS,365300.0,392768.43,TRUE
syn-0748,equity_tilted,BONDS,73060.0,71067.85,TRUE
syn-0749,volatile_heavy,CASH,6795.0,6480.58,TRUE
syn-0749,volatile_heavy,STOCKS,74745.0,98749.51,TRUE
syn-0749,volatile_heavy,CRYPTO,54360.0,59402.07,TRUE
syn-0751,volatile_heavy,CASH,33185.0,33657.17,TRUE
syn-0751,volatile_heavy,STOCKS,365035.0,299639.72,TRUE
syn-0751,volatile_heavy,CRYPTO,265480.0,245206.51,TRUE
syn-0752,cash_heavy,CASH,175340.0,147949.88,TRUE
syn-0752,cash_heavy,FIXED_DEPOSIT,111580.0,80432.63,TRUE
syn-0752,cash_heavy,MUTUAL_FUNDS,31880.0,25720.07,TRUE
syn-0753,volatile_heavy,CASH,40550.0,40218.43,TRUE
syn-0753,volatile_heavy,STOCKS,446050.0,370092.26,TRUE
syn-0753,volatile_heavy,CRYPTO,324400.0,244546.09,TRUE
syn-0754,conservative_income,FIXED_DEPOSIT,4728960.0,6081054.07,TRUE
syn-0754,conservative_income,BONDS,4203520.0,3176421.37,TRUE
syn-0754,conservative_income,CASH,1576320.0,1801949.64,TRUE
syn-0756,equity_tilted,CASH,35216.0,26386.28,TRUE
syn-0756,equity_tilted,MUTUAL_FUNDS,140864.0,126805.65,TRUE
syn-0756,equity_tilted,STOCKS,220100.0,316121.05,TRUE
syn-0756,equity_tilted,BONDS,44020.0,48223.96,TRUE
syn-0758,balanced,CASH,506085.0,520553.71,TRUE
syn-0758,balanced,FIXED_DEPOSIT,843475.0,619971.64,TRUE
syn-0758,balanced,MUTUAL_FUNDS,1012170.0,1217514.01,TRUE
syn-0758,balanced,STOCKS,674780.0,787759.1,TRUE
syn-0758,balanced,BONDS,337390.0,512296.81,TRUE
syn-0760,balanced,CASH,1588665.0,2006342.66,TRUE
syn-0760,balanced,FIXED_DEPOSIT,2647775.0,2851526.3,TRUE
syn-0760,balanced,MUTUAL_FUNDS,3177330.0,2639708.43,TRUE
syn-0760,balanced,STOCKS,2118220.0,2366387.79,TRUE
syn-0760,balanced,BONDS,1059110.0,1181458.2,TRUE
syn-0761,volatile_heavy,CASH,1025965.0,769163.24,TRUE
syn-0761,volatile_heavy,STOCKS,11285615.0,13888858.32,TRUE
syn-0761,volatile_heavy,CRYPTO,8207720.0,6180911.43,TRUE
syn-0762,conservative_income,FIXED_DEPOSIT,3081915.0,4358812.57,TRUE
syn-0762,conservative_income,BONDS,2739480.0,2053466.34,TRUE
syn-0762,conservative_income,CASH,1027305.0,1504402.49,TRUE
syn-0764,balanced,CASH,63510.0,45402.95,TRUE
syn-0764,balanced,FIXED_DEPOSIT,105850.0,93009.73,TRUE
syn-0764,balanced,MUTUAL_FUNDS,127020.0,96208.46,TRUE
syn-0764,balanced,STOCKS,84680.0,69303.85,TRUE
syn-0764,balanced,BONDS,42340.0,46137.99,TRUE
syn-0765,cash_heavy,CASH,1780900.0,1231122.49,TRUE
syn-0765,cash_heavy,FIXED_DEPOSIT,1133300.0,1114425.48,TRUE
syn-0765,cash_heavy,MUTUAL_FUNDS,323800.0,408348.22,TRUE
syn-0767,conservative_income,FIXED_DEPOSIT,662985.0,729491.43,TRUE
syn-0767,conservative_income,BONDS,589320.0,514253.84,TRUE
syn-0767,conservative_income,CASH,220995.0,292651.88,TRUE
syn-0768,volatile_heavy,CASH,27030.0,23844.72,TRUE
syn-0768,volatile_heavy,STOCKS,297330.0,241520.14,TRUE
syn-0768,volatile_heavy,CRYPTO,216240.0,153775.18,TRUE
syn-0769,conservative_income,FIXED_DEPOSIT,288450.0,265347.57,TRUE
syn-0769,conservative_income,BONDS,256400.0,195078.31,TRUE
syn-0769,conservative_income,CASH,96150.0,75046.53,TRUE
syn-0770,balanced,CASH,194115.0,296567.18,TRUE
syn-0770,balanced,FIXED_DEPOSIT,323525.0,354150.83,TRUE
syn-0770,balanced,MUTUAL_FUNDS,388230.0,401604.99,TRUE
syn-0770,balanced,STOCKS,258820.0,302911.46,TRUE
syn-0770,balanced,BONDS,129410.0,163920.82,TRUE
syn-0771,volatile_heavy,CASH,403920.0,356285.11,TRUE
syn-0771,volatile_heavy,STOCKS,4443120.0,3582005.98,TRUE
syn-0771,volatile_heavy,CRYPTO,3231360.0,4653743.17,TRUE
syn-0772,equity_tilted,CASH,4067624.0,3299691.68,TRUE
syn-0772,equity_tilted,MUTUAL_FUNDS,16270496.0,18781568.77,TRUE
syn-0772,equity_tilted,STOCKS,25422650.0,24219441.39,TRUE
syn-0772,equity_tilted,BONDS,5084530.0,4044963.03,TRUE
syn-0773,conservative_income,FIXED_DEPOSIT,2263905.0,2074813.78,TRUE
syn-0773,conservative_income,BONDS,2012360.0,1967959.07,TRUE
syn-0773,conservative_income,CASH,754635.0,879667.22,TRUE
syn-0774,cash_heavy,CASH,54285.0,46123.69,TRUE
syn-0774,cash_heavy,FIXED_DEPOSIT,34545.0,36524.0,TRUE
syn-0774,cash_heavy,MUTUAL_FUNDS,9870.0,12531.44,TRUE
syn-0775,volatile_heavy,CASH,33920.0,24944.34,TRUE
syn-0775,volatile_heavy,STOCKS,373120.0,462641.74,TRUE
syn-0775,volatile_heavy,CRYPTO,271360.0,400434.69,TRUE
syn-0776,balanced,CASH,175470.0,162557.56,TRUE
syn-0776,balanced,FIXED_DEPOSIT,292450.0,411965.91,TRUE
syn-0776,balanced,MUTUAL_FUNDS,350940.0,400282.01,TRUE
syn-0776,balanced,STOCKS,233960.0,194352.18,TRUE
syn-0776,balanced,BONDS,116980.0,99172.26,TRUE
syn-0777,equity_tilted,CASH,754760.0,573345.15,TRUE
syn-0777,equity_tilted,MUTUAL_FUNDS,3019040.0,2146572.71,TRUE
syn-0777,equity_tilted,STOCKS,4717250.0,7250589.94,TRUE
syn-0777,equity_tilted,BONDS,943450.0,1304987.12,TRUE
syn-0779,conservative_income,FIXED_DEPOSIT,297855.0,377306.66,TRUE
syn-0779,conservative_income,BONDS,264760.0,377491.2,TRUE
syn-0779,conservative_income,CASH,99285.0,102521.43,TRUE
syn-0781,volatile_heavy,CASH,23745.0,27563.82,TRUE
syn-0781,volatile_heavy,STOCKS,261195.0,278973.59,TRUE
syn-0781,volatile_heavy,CRYPTO,189960.0,186337.71,TRUE
syn-0782,balanced,CASH,124515.0,120062.34,TRUE
syn-0782,balanced,FIXED_DEPOSIT,207525.0,150830.19,TRUE
syn-0782,balanced,MUTUAL_FUNDS,249030.0,183647.18,TRUE
syn-0782,balanced,STOCKS,166020.0,115638.13,TRUE
syn-0782,balanced,BONDS,83010.0,97943.29,TRUE
syn-0784,equity_tilted,CASH,278240.0,193898.55,TRUE
syn-0784,equity_tilted,MUTUAL_FUNDS,1112960.0,1059464.17,TRUE
syn-0784,equity_tilted,STOCKS,1739000.0,2303813.53,TRUE
syn-0784,equity_tilted,BONDS,347800.0,362126.05,TRUE
syn-0785,cash_heavy,CASH,5818890.0,4145484.39,TRUE
syn-0785,cash_heavy,FIXED_DEPOSIT,3702930.0,3438019.03,TRUE
syn-0785,cash_heavy,MUTUAL_FUNDS,1057980.0,909837.5,TRUE
syn-0786,conservative_income,FIXED_DEPOSIT,32085.0,44455.83,TRUE
syn-0786,conservative_income,BONDS,28520.0,37774.05,TRUE
syn-0786,conservative_income,CASH,10695.0,12119.3,TRUE
syn-0788,volatile_heavy,CASH,81490.0,60649.95,TRUE
syn-0788,volatile_heavy,STOCKS,896390.0,1252545.32,TRUE
syn-0788,volatile_heavy,CRYPTO,651920.0,918625.72,TRUE
syn-0792,cash_heavy,CASH,1946725.0,1356702.17,TRUE
syn-0792,cash_heavy,FIXED_DEPOSIT,1238825.0,1508022.33,TRUE
syn-0792,cash_heavy,MUTUAL_FUNDS,353950.0,295621.03,TRUE
syn-0793,conservative_income,FIXED_DEPOSIT,8458560.0,6555899.02,TRUE
syn-0793,conservative_income,BONDS,7518720.0,6700531.57,TRUE
syn-0793,conservative_income,CASH,2819520.0,2391929.18,TRUE
syn-0794,cash_heavy,CASH,760595.0,718114.48,TRUE
syn-0794,cash_heavy,FIXED_DEPOSIT,484015.0,415187.66,TRUE
syn-0794,cash_heavy,MUTUAL_FUNDS,138290.0,187192.08,TRUE
syn-0795,equity_tilted,CASH,22136.0,21950.51,TRUE
syn-0795,equity_tilted,MUTUAL_FUNDS,88544.0,65482.4,TRUE
syn-0795,equity_tilted,STOCKS,138350.0,139510.48,TRUE
syn-0795,equity_tilted,BONDS,27670.0,31090.35,TRUE
syn-0797,volatile_heavy,CASH,12480.0,13153.86,TRUE
syn-0797,volatile_heavy,STOCKS,137280.0,168699.19,TRUE
syn-0797,volatile_heavy,CRYPTO,99840.0,70149.88,TRUE
syn-0799,conservative_income,FIXED_DEPOSIT,1115640.0,832792.79,TRUE
syn-0799,conservative_income,BONDS,991680.0,900775.57,TRUE
syn-0799,conservative_income,CASH,371880.0,424559.8,TRUE
syn-0801,conservative_income,FIXED_DEPOSIT,1646145.0,1967442.05,TRUE
syn-0801,conservative_income,BONDS,1463240.0,1064070.97,TRUE
syn-0801,conservative_income,CASH,548715.0,508711.17,TRUE
syn-0802,equity_tilted,CASH,74936.0,55020.68,TRUE
syn-0802,equity_tilted,MUTUAL_FUNDS,299744.0,227477.01,TRUE
syn-0802,equity_tilted,STOCKS,468350.0,361893.12,TRUE
syn-0802,equity_tilted,BONDS,93670.0,121000.1,TRUE
syn-0803,conservative_income,FIXED_DEPOSIT,1185165.0,1781085.32,TRUE
syn-0803,conservative_income,BONDS,1053480.0,776227.07,TRUE
syn-0803,conservative_income,CASH,395055.0,450003.55,TRUE
syn-0804,cash_heavy,CASH,19543975.0,26456617.48,TRUE
syn-0804,cash_heavy,FIXED_DEPOSIT,12437075.0,17226705.36,TRUE
syn-0804,cash_heavy,MUTUAL_FUNDS,3553450.0,4220475.7,TRUE
syn-0809,balanced,CASH,6537225.0,5321292.58,TRUE
syn-0809,balanced,FIXED_DEPOSIT,10895375.0,8254038.2,TRUE
syn-0809,balanced,MUTUAL_FUNDS,13074450.0,15618126.45,TRUE
syn-0809,balanced,STOCKS,8716300.0,9546710.08,TRUE
syn-0809,balanced,BONDS,4358150.0,3025026.41,TRUE
syn-0810,equity_tilted,CASH,258216.0,357166.7,TRUE
syn-0810,equity_tilted,MUTUAL_FUNDS,1032864.0,1195174.17,TRUE
syn-0810,equity_tilted,STOCKS,1613850.0,1427180.34,TRUE
syn-0810,equity_tilted,BONDS,322770.0,384083.98,TRUE
syn-0811,cash_heavy,CASH,162085.0,150846.62,TRUE
syn-0811,cash_heavy,FIXED_DEPOSIT,103145.0,73672.79,TRUE
syn-0811,cash_heavy,MUTUAL_FUNDS,29470.0,28087.51,TRUE
syn-0817,balanced,CASH,13170.0,16622.51,TRUE
syn-0817,balanced,FIXED_DEPOSIT,21950.0,17897.72,TRUE
syn-0817,balanced,MUTUAL_FUNDS,26340.0,24660.7,TRUE
syn-0817,balanced,STOCKS,17560.0,24856.09,TRUE
syn-0817,balanced,BONDS,8780.0,7216.84,TRUE
syn-0820,equity_tilted,CASH,399920.0,282186.79,TRUE
syn-0820,equity_tilted,MUTUAL_FUNDS,1599680.0,1633676.38,TRUE
syn-0820,equity_tilted,STOCKS,2499500.0,2702770.01,TRUE
syn-0820,equity_tilted,BONDS,499900.0,346425.44,TRUE
syn-0821,volatile_heavy,CASH,237985.0,169745.54,TRUE
syn-0821,volatile_heavy,STOCKS,2617835.0,1901083.44,TRUE
syn-0821,volatile_heavy,CRYPTO,1903880.0,1456881.87,TRUE
syn-0822,equity_tilted,CASH,30040.0,41832.0,TRUE
syn-0822,equity_tilted,MUTUAL_FUNDS,120160.0,97230.79,TRUE
syn-0822,equity_tilted,STOCKS,187750.0,216673.99,TRUE
syn-0822,equity_tilted,BONDS,37550.0,34547.25,TRUE
syn-0824,balanced,CASH,1093425.0,1265645.79,TRUE
syn-0824,balanced,FIXED_DEPOSIT,1822375.0,1471216.34,TRUE
syn-0824,balanced,MUTUAL_FUNDS,2186850.0,2409839.53,TRUE
syn-0824,balanced,STOCKS,1457900.0,1671292.62,TRUE
syn-0824,balanced,BONDS,728950.0,722976.81,TRUE
syn-0827,equity_tilted,CASH,515136.0,502252.08,TRUE
syn-0827,equity_tilted,MUTUAL_FUNDS,2060544.0,1909070.32,TRUE
syn-0827,equity_tilted,STOCKS,3219600.0,2682222.86,TRUE
syn-0827,equity_tilted,BONDS,643920.0,820593.51,TRUE
syn-0828,volatile_heavy,CASH,8245.0,9562.06,TRUE
syn-0828,volatile_heavy,STOCKS,90695.0,77261.26,TRUE
syn-0828,volatile_heavy,CRYPTO,65960.0,45762.16,TRUE
syn-0829,conservative_income,FIXED_DEPOSIT,144585.0,100257.11,TRUE
syn-0829,conservative_income,BONDS,128520.0,105318.41,TRUE
syn-0829,conservative_income,CASH,48195.0,35020.46,TRUE
syn-0830,volatile_heavy,CASH,52135.0,68132.55,TRUE
syn-0830,volatile_heavy,STOCKS,573485.0,430710.17,TRUE
syn-0830,volatile_heavy,CRYPTO,417080.0,325850.59,TRUE
syn-0831,cash_heavy,CASH,2978470.0,2448533.84,TRUE
syn-0831,cash_heavy,FIXED_DEPOSIT,1895390.0,1470637.96,TRUE
syn-0831,cash_heavy,MUTUAL_FUNDS,541540.0,674311.21,TRUE
syn-0832,conservative_income,FIXED_DEPOSIT,419715.0,340293.99,TRUE
syn-0832,conservative_income,BONDS,373080.0,401662.73,TRUE
syn-0832,conservative_income,CASH,139905.0,132044.21,TRUE
syn-0833,conservative_income,FIXED_DEPOSIT,8997660.0,10919856.78,TRUE
syn-0833,conservative_income,BONDS,7997920.0,7937984.3,TRUE
syn-0833,conservative_income,CASH,2999220.0,2409131.23,TRUE
syn-0835,equity_tilted,CASH,87192.0,103069.88,TRUE
syn-0835,equity_tilted,MUTUAL_FUNDS,348768.0,335164.44,TRUE
syn-0835,equity_tilted,STOCKS,544950.0,751229.91,TRUE
syn-0835,equity_tilted,BONDS,108990.0,104843.95,TRUE
syn-0837,cash_heavy,CASH,5710980.0,4575782.11,TRUE
syn-0837,cash_heavy,FIXED_DEPOSIT,3634260.0,3717744.06,TRUE
syn-0837,cash_heavy,MUTUAL_FUNDS,1038360.0,1001915.37,TRUE
syn-0838,cash_heavy,CASH,4609275.0,3193468.23,TRUE
syn-0838,cash_heavy,FIXED_DEPOSIT,2933175.0,2590618.9,TRUE
syn-0838,cash_heavy,MUTUAL_FUNDS,838050.0,715092.09,TRUE
syn-0840,balanced,CASH,2451705.0,3375550.49,TRUE
syn-0840,balanced,FIXED_DEPOSIT,4086175.0,3777978.21,TRUE
syn-0840,balanced,MUTUAL_FUNDS,4903410.0,4901316.0,TRUE
syn-0840,balanced,STOCKS,3268940.0,2519861.42,TRUE
syn-0840,balanced,BONDS,1634470.0,1973836.1,TRUE
syn-0842,equity_tilted,CASH,62784.0,73490.01,TRUE
syn-0842,equity_tilted,MUTUAL_FUNDS,251136.0,182411.77,TRUE
syn-0842,equity_tilted,STOCKS,392400.0,552465.34,TRUE
syn-0842,equity_tilted,BONDS,78480.0,72735.35,TRUE
syn-0843,volatile_heavy,CASH,10700.0,10852.13,TRUE
syn-0843,volatile_heavy,STOCKS,117700.0,105877.74,TRUE
syn-0843,volatile_heavy,CRYPTO,85600.0,86506.29,TRUE
syn-0844,volatile_heavy,CASH,10755.0,7996.25,TRUE
syn-0844,volatile_heavy,STOCKS,118305.0,132519.95,TRUE
syn-0844,volatile_heavy,CRYPTO,86040.0,63428.75,TRUE
syn-0846,balanced,CASH,64860.0,46905.03,TRUE
syn-0846,balanced,FIXED_DEPOSIT,108100.0,164527.68,TRUE
syn-0846,balanced,MUTUAL_FUNDS,129720.0,195608.22,TRUE
syn-0846,balanced,STOCKS,86480.0,69549.96,TRUE
syn-0846,balanced,BONDS,43240.0,42623.25,TRUE
syn-0847,volatile_heavy,CASH,3675.0,2847.32,TRUE
syn-0847,volatile_heavy,STOCKS,40425.0,44069.2,TRUE
syn-0847,volatile_heavy,CRYPTO,29400.0,20900.12,TRUE
syn-0848,cash_heavy,CASH,191895.0,203105.53,TRUE
syn-0848,cash_heavy,FIXED_DEPOSIT,122115.0,103052.24,TRUE
syn-0848,cash_heavy,MUTUAL_FUNDS,34890.0,27877.46,TRUE
syn-0851,conservative_income,FIXED_DEPOSIT,41715.0,47282.61,TRUE
syn-0851,conservative_income,BONDS,37080.0,31484.75,TRUE
syn-0851,conservative_income,CASH,13905.0,11025.81,TRUE
syn-0852,equity_tilted,CASH,124144.0,147992.84,TRUE
syn-0852,equity_tilted,MUTUAL_FUNDS,496576.0,374106.26,TRUE
syn-0852,equity_tilted,STOCKS,775900.0,558749.57,TRUE
syn-0852,equity_tilted,BONDS,155180.0,137546.8,TRUE
syn-0853,conservative_income,FIXED_DEPOSIT,400545.0,293859.78,TRUE
syn-0853,conservative_income,BONDS,356040.0,292587.07,TRUE
syn-0853,conservative_income,CASH,133515.0,163596.9,TRUE
syn-0854,equity_tilted,CASH,279320.0,196580.62,TRUE
syn-0854,equity_tilted,MUTUAL_FUNDS,1117280.0,1499849.02,TRUE
syn-0854,equity_tilted,STOCKS,1745750.0,1306707.04,TRUE
syn-0854,equity_tilted,BONDS,349150.0,286123.88,TRUE
syn-0855,balanced,CASH,1016085.0,1424333.73,TRUE
syn-0855,balanced,FIXED_DEPOSIT,1693475.0,1352464.86,TRUE
syn-0855,balanced,MUTUAL_FUNDS,2032170.0,2425199.95,TRUE
syn-0855,balanced,STOCKS,1354780.0,1248061.26,TRUE
syn-0855,balanced,BONDS,677390.0,662035.35,TRUE
syn-0858,conservative_income,FIXED_DEPOSIT,869805.0,825361.94,TRUE
syn-0858,conservative_income,BONDS,773160.0,909148.95,TRUE
syn-0858,conservative_income,CASH,289935.0,294133.59,TRUE
syn-0859,conservative_income,FIXED_DEPOSIT,93195.0,109652.35,TRUE
syn-0859,conservative_income,BONDS,82840.0,59218.86,TRUE
syn-0859,conservative_income,CASH,31065.0,24067.13,TRUE
syn-0860,conservative_income,FIXED_DEPOSIT,17279505.0,20483660.08,TRUE
syn-0860,conservative_income,BONDS,15359560.0,12535918.87,TRUE
syn-0860,conservative_income,CASH,5759835.0,8808290.96,TRUE
syn-0861,equity_tilted,CASH,35424.0,24936.47,TRUE
syn-0861,equity_tilted,MUTUAL_FUNDS,141696.0,129679.22,TRUE
syn-0861,equity_tilted,STOCKS,221400.0,319370.3,TRUE
syn-0861,equity_tilted,BONDS,44280.0,48417.13,TRUE
syn-0862,equity_tilted,CASH,265096.0,309191.8,TRUE
syn-0862,equity_tilted,MUTUAL_FUNDS,1060384.0,1061908.95,TRUE
syn-0862,equity_tilted,STOCKS,1656850.0,1437830.41,TRUE
syn-0862,equity_tilted,BONDS,331370.0,268429.08,TRUE
syn-0863,cash_heavy,CASH,11448965.0,10162045.08,TRUE
syn-0863,cash_heavy,FIXED_DEPOSIT,7285705.0,6454949.05,TRUE
syn-0863,cash_heavy,MUTUAL_FUNDS,2081630.0,1771829.24,TRUE
syn-0866,conservative_income,FIXED_DEPOSIT,18051075.0,15974799.44,TRUE
syn-0866,conservative_income,BONDS,16045400.0,12758558.48,TRUE
syn-0866,conservative_income,CASH,6017025.0,4249330.36,TRUE
syn-0867,cash_heavy,CASH,21929655.0,23651280.1,TRUE
syn-0867,cash_heavy,FIXED_DEPOSIT,13955235.0,14100211.67,TRUE
syn-0867,cash_heavy,MUTUAL_FUNDS,3987210.0,4120864.33,TRUE
syn-0868,conservative_income,FIXED_DEPOSIT,439380.0,374587.53,TRUE
syn-0868,conservative_income,BONDS,390560.0,477464.6,TRUE
syn-0868,conservative_income,CASH,146460.0,122710.39,TRUE
syn-0870,volatile_heavy,CASH,10015.0,13895.14,TRUE
syn-0870,volatile_heavy,STOCKS,110165.0,135655.08,TRUE
syn-0870,volatile_heavy,CRYPTO,80120.0,92482.51,TRUE
syn-0871,cash_heavy,CASH,1062325.0,738156.67,TRUE
syn-0871,cash_heavy,FIXED_DEPOSIT,676025.0,630184.17,TRUE
syn-0871,cash_heavy,MUTUAL_FUNDS,193150.0,179199.93,TRUE
syn-0872,cash_heavy,CASH,480315.0,415230.52,TRUE
syn-0872,cash_heavy,FIXED_DEPOSIT,305655.0,234038.55,TRUE
syn-0872,cash_heavy,MUTUAL_FUNDS,87330.0,128279.67,TRUE
syn-0875,cash_heavy,CASH,366300.0,442547.85,TRUE
syn-0875,cash_heavy,FIXED_DEPOSIT,233100.0,260402.93,TRUE
syn-0875,cash_heavy,MUTUAL_FUNDS,66600.0,84319.08,TRUE
syn-0876,equity_tilted,CASH,677968.0,717269.56,TRUE
syn-0876,equity_tilted,MUTUAL_FUNDS,2711872.0,2142892.17,TRUE
syn-0876,equity_tilted,STOCKS,4237300.0,4276371.46,TRUE
syn-0876,equity_tilted,BONDS,847460.0,755588.14,TRUE
syn-0877,conservative_income,FIXED_DEPOSIT,22931415.0,26296838.43,TRUE
syn-0877,conservative_income,BONDS,20383480.0,14578055.47,TRUE
syn-0877,conservative_income,CASH,7643805.0,7496064.04,TRUE
syn-0879,equity_tilted,CASH,48272.0,47788.98,TRUE
syn-0879,equity_tilted,MUTUAL_FUNDS,193088.0,175181.19,TRUE
syn-0879,equity_tilted,STOCKS,301700.0,217935.85,TRUE
syn-0879,equity_tilted,BONDS,60340.0,48071.37,TRUE
syn-0880,volatile_heavy,CASH,80780.0,78747.07,TRUE
syn-0880,volatile_heavy,STOCKS,888580.0,1036844.51,TRUE
syn-0880,volatile_heavy,CRYPTO,646240.0,688683.44,TRUE
syn-0881,volatile_heavy,CASH,49290.0,42365.19,TRUE
syn-0881,volatile_heavy,STOCKS,542190.0,527795.6,TRUE
syn-0881,volatile_heavy,CRYPTO,394320.0,408144.03,TRUE
syn-0882,equity_tilted,CASH,1430392.0,1089961.24,TRUE
syn-0882,equity_tilted,MUTUAL_FUNDS,5721568.0,5252435.65,TRUE
syn-0882,equity_tilted,STOCKS,8939950.0,9045822.48,TRUE
syn-0882,equity_tilted,BONDS,1787990.0,1883640.01,TRUE
syn-0883,conservative_income,FIXED_DEPOSIT,132120.0,109981.26,TRUE
syn-0883,conservative_income,BONDS,117440.0,87404.94,TRUE
syn-0883,conservative_income,CASH,44040.0,50201.88,TRUE
syn-0886,conservative_income,FIXED_DEPOSIT,32085.0,22746.16,TRUE
syn-0886,conservative_income,BONDS,28520.0,41582.59,TRUE
syn-0886,conservative_income,CASH,10695.0,12167.62,TRUE
syn-0887,cash_heavy,CASH,4303145.0,5207971.02,TRUE
syn-0887,cash_heavy,FIXED_DEPOSIT,2738365.0,2570601.68,TRUE
syn-0887,cash_heavy,MUTUAL_FUNDS,782390.0,668437.68,TRUE
syn-0888,equity_tilted,CASH,5672288.0,5050985.35,TRUE
syn-0888,equity_tilted,MUTUAL_FUNDS,22689152.0,15710731.34,TRUE
syn-0888,equity_tilted,STOCKS,35451800.0,31649689.63,TRUE
syn-0888,equity_tilted,BONDS,7090360.0,6691529.93,TRUE
syn-0889,conservative_income,FIXED_DEPOSIT,889785.0,1147322.73,TRUE
syn-0889,conservative_income,BONDS,790920.0,585037.23,TRUE
syn-0889,conservative_income,CASH,296595.0,265738.0,TRUE
syn-0892,cash_heavy,CASH,2481380.0,1941225.4,TRUE
syn-0892,cash_heavy,FIXED_DEPOSIT,1579060.0,1182370.4,TRUE
syn-0892,cash_heavy,MUTUAL_FUNDS,451160.0,356518.9,TRUE
syn-0894,volatile_heavy,CASH,55440.0,54195.2,TRUE
syn-0894,volatile_heavy,STOCKS,609840.0,661905.91,TRUE
syn-0894,volatile_heavy,CRYPTO,443520.0,370872.61,TRUE
syn-0897,cash_heavy,CASH,4829000.0,3346034.31,TRUE
syn-0897,cash_heavy,FIXED_DEPOSIT,3073000.0,2226663.44,TRUE
syn-0897,cash_heavy,MUTUAL_FUNDS,878000.0,924299.93,TRUE
syn-0900,equity_tilted,CASH,58224.0,40810.36,TRUE
syn-0900,equity_tilted,MUTUAL_FUNDS,232896.0,252830.34,TRUE
syn-0900,equity_tilted,STOCKS,363900.0,254150.32,TRUE
syn-0900,equity_tilted,BONDS,72780.0,65678.03,TRUE
syn-0901,volatile_heavy,CASH,1284485.0,1114705.46,TRUE
syn-0901,volatile_heavy,STOCKS,14129335.0,16127067.31,TRUE
syn-0901,volatile_heavy,CRYPTO,10275880.0,11423784.2,TRUE
syn-0902,cash_heavy,CASH,5678915.0,4631788.6,TRUE
syn-0902,cash_heavy,FIXED_DEPOSIT,3613855.0,3459674.45,TRUE
syn-0902,cash_heavy,MUTUAL_FUNDS,1032530.0,1208640.49,TRUE
syn-0904,cash_heavy,CASH,46420.0,41777.55,TRUE
syn-0904,cash_heavy,FIXED_DEPOSIT,29540.0,23160.6,TRUE
syn-0904,cash_heavy,MUTUAL_FUNDS,8440.0,12906.63,TRUE
syn-0905,conservative_income,FIXED_DEPOSIT,259110.0,194972.53,TRUE
syn-0905,conservative_income,BONDS,230320.0,231734.19,TRUE
syn-0905,conservative_income,CASH,86370.0,105925.75,TRUE
syn-0906,volatile_heavy,CASH,368160.0,395885.1,TRUE
syn-0906,volatile_heavy,STOCKS,4049760.0,3573652.16,TRUE
syn-0906,volatile_heavy,CRYPTO,2945280.0,3208657.19,TRUE
syn-0907,cash_heavy,CASH,3166405.0,4576859.73,TRUE
syn-0907,cash_heavy,FIXED_DEPOSIT,2014985.0,1788918.66,TRUE
syn-0907,cash_heavy,MUTUAL_FUNDS,575710.0,517181.09,TRUE
syn-0909,equity_tilted,CASH,2122592.0,2553845.83,TRUE
syn-0909,equity_tilted,MUTUAL_FUNDS,8490368.0,10025554.3,TRUE
syn-0909,equity_tilted,STOCKS,13266200.0,11848560.07,TRUE
syn-0909,equity_tilted,BONDS,2653240.0,1843448.92,TRUE
syn-0910,volatile_heavy,CASH,446740.0,365796.82,TRUE
syn-0910,volatile_heavy,STOCKS,4914140.0,5008773.3,TRUE
syn-0910,volatile_heavy,CRYPTO,3573920.0,3157242.37,TRUE
syn-0911,volatile_heavy,CASH,102610.0,107631.7,TRUE
syn-0911,volatile_heavy,STOCKS,1128710.0,982498.26,TRUE
syn-0911,volatile_heavy,CRYPTO,820880.0,1189788.91,TRUE
syn-0912,balanced,CASH,1684635.0,2006526.48,TRUE
syn-0912,balanced,FIXED_DEPOSIT,2807725.0,2696428.85,TRUE
syn-0912,balanced,MUTUAL_FUNDS,3369270.0,4261956.88,TRUE
syn-0912,balanced,STOCKS,2246180.0,1637351.14,TRUE
syn-0912,balanced,BONDS,1123090.0,1072045.65,TRUE
syn-0913,balanced,CASH,4138995.0,3263600.58,TRUE
syn-0913,balanced,FIXED_DEPOSIT,6898325.0,10296263.45,TRUE
syn-0913,balanced,MUTUAL_FUNDS,8277990.0,9598678.15,TRUE
syn-0913,balanced,STOCKS,5518660.0,4423402.77,TRUE
syn-0913,balanced,BONDS,2759330.0,3038753.19,TRUE
syn-0915,balanced,CASH,152310.0,148935.15,TRUE
syn-0915,balanced,FIXED_DEPOSIT,253850.0,183922.12,TRUE
syn-0915,balanced,MUTUAL_FUNDS,304620.0,462261.68,TRUE
syn-0915,balanced,STOCKS,203080.0,179876.53,TRUE
syn-0915,balanced,BONDS,101540.0,74453.19,TRUE
syn-0916,equity_tilted,CASH,5743512.0,5611899.38,TRUE
syn-0916,equity_tilted,MUTUAL_FUNDS,22974048.0,20489827.29,TRUE
syn-0916,equity_tilted,STOCKS,35896950.0,48644563.01,TRUE
syn-0916,equity_tilted,BONDS,7179390.0,5130223.17,TRUE
syn-0917,balanced,CASH,133200.0,140795.0,TRUE
syn-0917,balanced,FIXED_DEPOSIT,222000.0,163980.18,TRUE
syn-0917,balanced,MUTUAL_FUNDS,266400.0,383765.2,TRUE
syn-0917,balanced,STOCKS,177600.0,199478.72,TRUE
syn-0917,balanced,BONDS,88800.0,89906.38,TRUE
syn-0919,balanced,CASH,187395.0,226468.2,TRUE
syn-0919,balanced,FIXED_DEPOSIT,312325.0,318985.44,TRUE
syn-0919,balanced,MUTUAL_FUNDS,374790.0,373440.01,TRUE
syn-0919,balanced,STOCKS,249860.0,317324.33,TRUE
syn-0919,balanced,BONDS,124930.0,109856.58,TRUE
syn-0920,cash_heavy,CASH,863060.0,796353.49,TRUE
syn-0920,cash_heavy,FIXED_DEPOSIT,549220.0,830974.73,TRUE
syn-0920,cash_heavy,MUTUAL_FUNDS,156920.0,166245.72,TRUE
syn-0922,equity_tilted,CASH,180928.0,175333.98,TRUE
syn-0922,equity_tilted,MUTUAL_FUNDS,723712.0,912574.87,TRUE
syn-0922,equity_tilted,STOCKS,1130800.0,1287630.18,TRUE
syn-0922,equity_tilted,BONDS,226160.0,159289.26,TRUE
syn-0924,balanced,CASH,1954860.0,1691980.93,TRUE
syn-0924,balanced,FIXED_DEPOSIT,3258100.0,3660978.77,TRUE
syn-0924,balanced,MUTUAL_FUNDS,3909720.0,2743961.37,TRUE
syn-0924,balanced,STOCKS,2606480.0,1879943.35,TRUE
syn-0924,balanced,BONDS,1303240.0,1137113.15,TRUE
syn-0925,balanced,CASH,58275.0,41657.12,TRUE
syn-0925,balanced,FIXED_DEPOSIT,97125.0,73675.89,TRUE
syn-0925,balanced,MUTUAL_FUNDS,116550.0,81773.51,TRUE
syn-0925,balanced,STOCKS,77700.0,58735.86,TRUE
syn-0925,balanced,BONDS,38850.0,49749.36,TRUE
syn-0927,conservative_income,FIXED_DEPOSIT,33263100.0,24845559.07,TRUE
syn-0927,conservative_income,BONDS,29567200.0,33588217.88,TRUE
syn-0927,conservative_income,CASH,11087700.0,12921994.55,TRUE
syn-0930,cash_heavy,CASH,1286175.0,1705906.3,TRUE
syn-0930,cash_heavy,FIXED_DEPOSIT,818475.0,793320.29,TRUE
syn-0930,cash_heavy,MUTUAL_FUNDS,233850.0,192519.13,TRUE
syn-0931,cash_heavy,CASH,7145655.0,5210963.25,TRUE
syn-0931,cash_heavy,FIXED_DEPOSIT,4547235.0,3823250.24,TRUE
syn-0931,cash_heavy,MUTUAL_FUNDS,1299210.0,1074238.79,TRUE
syn-0932,cash_heavy,CASH,747505.0,698288.28,TRUE
syn-0932,cash_heavy,FIXED_DEPOSIT,475685.0,649051.79,TRUE
syn-0932,cash_heavy,MUTUAL_FUNDS,135910.0,99044.01,TRUE
syn-0933,equity_tilted,CASH,46720.0,54289.46,TRUE
syn-0933,equity_tilted,MUTUAL_FUNDS,186880.0,191509.74,TRUE
syn-0933,equity_tilted,STOCKS,292000.0,210461.02,TRUE
syn-0933,equity_tilted,BONDS,58400.0,63116.68,TRUE
syn-0934,conservative_income,FIXED_DEPOSIT,1988775.0,2555092.93,TRUE
syn-0934,conservative_income,BONDS,1767800.0,1419196.29,TRUE
syn-0934,conservative_income,CASH,662925.0,495388.42,TRUE
syn-0935,cash_heavy,CASH,1474770.0,2165677.43,TRUE
syn-0935,cash_heavy,FIXED_DEPOSIT,938490.0,1009889.87,TRUE
syn-0935,cash_heavy,MUTUAL_FUNDS,268140.0,228170.73,TRUE
syn-0937,conservative_income,FIXED_DEPOSIT,4098600.0,3052106.13,TRUE
syn-0937,conservative_income,BONDS,3643200.0,4726367.1,TRUE
syn-0937,conservative_income,CASH,1366200.0,1906406.43,TRUE
syn-0938,conservative_income,FIXED_DEPOSIT,737820.0,892530.49,TRUE
syn-0938,conservative_income,BONDS,655840.0,716028.23,TRUE
syn-0938,conservative_income,CASH,245940.0,375696.52,TRUE
syn-0939,volatile_heavy,CASH,22910.0,16744.67,TRUE
syn-0939,volatile_heavy,STOCKS,252010.0,249863.82,TRUE
syn-0939,volatile_heavy,CRYPTO,183280.0,169074.38,TRUE
syn-0940,balanced,CASH,94830.0,68009.91,TRUE
syn-0940,balanced,FIXED_DEPOSIT,158050.0,147671.11,TRUE
syn-0940,balanced,MUTUAL_FUNDS,189660.0,159719.57,TRUE
syn-0940,balanced,STOCKS,126440.0,117501.78,TRUE
syn-0940,balanced,BONDS,63220.0,54787.55,TRUE
syn-0941,balanced,CASH,1923705.0,2446898.58,TRUE
syn-0941,balanced,FIXED_DEPOSIT,3206175.0,3700140.27,TRUE
syn-0941,balanced,MUTUAL_FUNDS,3847410.0,2956625.56,TRUE
syn-0941,balanced,STOCKS,2564940.0,2010878.41,TRUE
syn-0941,balanced,BONDS,1282470.0,931398.48,TRUE
syn-0942,conservative_income,FIXED_DEPOSIT,18823005.0,17909170.35,TRUE
syn-0942,conservative_income,BONDS,16731560.0,17561053.56,TRUE
syn-0942,conservative_income,CASH,6274335.0,5523075.47,TRUE
syn-0943,conservative_income,FIXED_DEPOSIT,2774340.0,2197602.83,TRUE
syn-0943,conservative_income,BONDS,2466080.0,2343967.33,TRUE
syn-0943,conservative_income,CASH,924780.0,939566.84,TRUE
syn-0944,balanced,CASH,446085.0,681384.42,TRUE
syn-0944,balanced,FIXED_DEPOSIT,743475.0,617523.38,TRUE
syn-0944,balanced,MUTUAL_FUNDS,892170.0,1026626.54,TRUE
syn-0944,balanced,STOCKS,594780.0,730708.13,TRUE
syn-0944,balanced,BONDS,297390.0,318425.52,TRUE
syn-0945,volatile_heavy,CASH,471100.0,328329.22,TRUE
syn-0945,volatile_heavy,STOCKS,5182100.0,7643590.66,TRUE
syn-0945,volatile_heavy,CRYPTO,3768800.0,3991364.56,TRUE
syn-0946,balanced,CASH,71610.0,52146.21,TRUE
syn-0946,balanced,FIXED_DEPOSIT,119350.0,88190.13,TRUE
syn-0946,balanced,MUTUAL_FUNDS,143220.0,149868.14,TRUE
syn-0946,balanced,STOCKS,95480.0,118854.02,TRUE
syn-0946,balanced,BONDS,47740.0,47297.68,TRUE
syn-0947,volatile_heavy,CASH,436005.0,430277.31,TRUE
syn-0947,volatile_heavy,STOCKS,4796055.0,3627833.79,TRUE
syn-0947,volatile_heavy,CRYPTO,3488040.0,2505432.79,TRUE
syn-0948,balanced,CASH,1216545.0,1290353.99,TRUE
syn-0948,balanced,FIXED_DEPOSIT,2027575.0,2719482.86,TRUE
syn-0948,balanced,MUTUAL_FUNDS,2433090.0,2319398.28,TRUE
syn-0948,balanced,STOCKS,1622060.0,2449327.3,TRUE
syn-0948,balanced,BONDS,811030.0,567979.97,TRUE
syn-0950,cash_heavy,CASH,1379840.0,1057026.69,TRUE
syn-0950,cash_heavy,FIXED_DEPOSIT,878080.0,708227.49,TRUE
syn-0950,cash_heavy,MUTUAL_FUNDS,250880.0,329657.18,TRUE
syn-0951,cash_heavy,CASH,4781755.0,3687057.54,TRUE
syn-0951,cash_heavy,FIXED_DEPOSIT,3042935.0,2384779.73,TRUE
syn-0951,cash_heavy,MUTUAL_FUNDS,869410.0,745323.34,TRUE
syn-0952,balanced,CASH,153915.0,116015.58,TRUE
syn-0952,balanced,FIXED_DEPOSIT,256525.0,319219.45,TRUE
syn-0952,balanced,MUTUAL_FUNDS,307830.0,253384.01,TRUE
syn-0952,balanced,STOCKS,205220.0,280742.02,TRUE
syn-0952,balanced,BONDS,102610.0,99099.48,TRUE
syn-0953,volatile_heavy,CASH,448220.0,448745.66,TRUE
syn-0953,volatile_heavy,STOCKS,4930420.0,3766420.07,TRUE
syn-0953,volatile_heavy,CRYPTO,3585760.0,4094716.1,TRUE
syn-0954,balanced,CASH,8339400.0,9152080.68,TRUE
syn-0954,balanced,FIXED_DEPOSIT,13899000.0,12709280.76,TRUE
syn-0954,balanced,MUTUAL_FUNDS,16678800.0,21671883.02,TRUE
syn-0954,balanced,STOCKS,11119200.0,9383729.24,TRUE
syn-0954,balanced,BONDS,5559600.0,6898272.74,TRUE
syn-0955,equity_tilted,CASH,113256.0,83134.94,TRUE
syn-0955,equity_tilted,MUTUAL_FUNDS,453024.0,322242.45,TRUE
syn-0955,equity_tilted,STOCKS,707850.0,767568.73,TRUE
syn-0955,equity_tilted,BONDS,141570.0,108823.78,TRUE
syn-0956,volatile_heavy,CASH,93600.0,130285.46,TRUE
syn-0956,volatile_heavy,STOCKS,1029600.0,890562.32,TRUE
syn-0956,volatile_heavy,CRYPTO,748800.0,836704.45,TRUE
syn-0957,balanced,CASH,598650.0,422035.79,TRUE
syn-0957,balanced,FIXED_DEPOSIT,997750.0,832917.84,TRUE
syn-0957,balanced,MUTUAL_FUNDS,1197300.0,1255276.62,TRUE
syn-0957,balanced,STOCKS,798200.0,1083287.54,TRUE
syn-0957,balanced,BONDS,399100.0,503537.44,TRUE
syn-0958,cash_heavy,CASH,460790.0,521364.62,TRUE
syn-0958,cash_heavy,FIXED_DEPOSIT,293230.0,313087.91,TRUE
syn-0958,cash_heavy,MUTUAL_FUNDS,83780.0,121316.61,TRUE
syn-0959,equity_tilted,CASH,77640.0,97800.4,TRUE
syn-0959,equity_tilted,MUTUAL_FUNDS,310560.0,223704.39,TRUE
syn-0959,equity_tilted,STOCKS,485250.0,620485.14,TRUE
syn-0959,equity_tilted,BONDS,97050.0,70152.02,TRUE
syn-0960,volatile_heavy,CASH,177245.0,221388.76,TRUE
syn-0960,volatile_heavy,STOCKS,1949695.0,2102722.35,TRUE
syn-0960,volatile_heavy,CRYPTO,1417960.0,1172315.28,TRUE
syn-0961,conservative_income,FIXED_DEPOSIT,985365.0,1420675.81,TRUE
syn-0961,conservative_income,BONDS,875880.0,684054.25,TRUE
syn-0961,conservative_income,CASH,328455.0,242060.66,TRUE
syn-0962,equity_tilted,CASH,381016.0,490404.47,TRUE
syn-0962,equity_tilted,MUTUAL_FUNDS,1524064.0,1481795.57,TRUE
syn-0962,equity_tilted,STOCKS,2381350.0,2016014.11,TRUE
syn-0962,equity_tilted,BONDS,476270.0,420820.69,TRUE
syn-0963,balanced,CASH,3153345.0,2909500.79,TRUE
syn-0963,balanced,FIXED_DEPOSIT,5255575.0,6365415.71,TRUE
syn-0963,balanced,MUTUAL_FUNDS,6306690.0,8863045.44,TRUE
syn-0963,balanced,STOCKS,4204460.0,2925684.62,TRUE
syn-0963,balanced,BONDS,2102230.0,1621801.24,TRUE
syn-0964,balanced,CASH,4907985.0,4978507.78,TRUE
syn-0964,balanced,FIXED_DEPOSIT,8179975.0,8570777.4,TRUE
syn-0964,balanced,MUTUAL_FUNDS,9815970.0,9643841.09,TRUE
syn-0964,balanced,STOCKS,6543980.0,4872739.88,TRUE
syn-0964,balanced,BONDS,3271990.0,2398576.29,TRUE
syn-0966,volatile_heavy,CASH,58690.0,42766.05,TRUE
syn-0966,volatile_heavy,STOCKS,645590.0,545783.58,TRUE
syn-0966,volatile_heavy,CRYPTO,469520.0,336726.49,TRUE
syn-0967,conservative_income,FIXED_DEPOSIT,1323000.0,1057109.02,TRUE
syn-0967,conservative_income,BONDS,1176000.0,1742791.24,TRUE
syn-0967,conservative_income,CASH,441000.0,361567.93,TRUE
syn-0968,cash_heavy,CASH,2216390.0,1897537.92,TRUE
syn-0968,cash_heavy,FIXED_DEPOSIT,1410430.0,1256997.85,TRUE
syn-0968,cash_heavy,MUTUAL_FUNDS,402980.0,459292.15,TRUE
syn-0969,cash_heavy,CASH,1078165.0,849266.8,TRUE
syn-0969,cash_heavy,FIXED_DEPOSIT,686105.0,579181.75,TRUE
syn-0969,cash_heavy,MUTUAL_FUNDS,196030.0,234079.75,TRUE
syn-0970,equity_tilted,CASH,10152.0,12914.71,TRUE
syn-0970,equity_tilted,MUTUAL_FUNDS,40608.0,33542.56,TRUE
syn-0970,equity_tilted,STOCKS,63450.0,67804.19,TRUE
syn-0970,equity_tilted,BONDS,12690.0,9602.99,TRUE
syn-0972,conservative_income,FIXED_DEPOSIT,226845.0,179178.38,TRUE
syn-0972,conservative_income,BONDS,201640.0,139375.0,TRUE
syn-0972,conservative_income,CASH,75615.0,52437.89,TRUE
syn-0973,volatile_heavy,CASH,14745.0,13300.75,TRUE
syn-0973,volatile_heavy,STOCKS,162195.0,114639.86,TRUE
syn-0973,volatile_heavy,CRYPTO,117960.0,150453.7,TRUE
syn-0975,equity_tilted,CASH,183856.0,186697.72,TRUE
syn-0975,equity_tilted,MUTUAL_FUNDS,735424.0,1084547.3,TRUE
syn-0975,equity_tilted,STOCKS,1149100.0,1435008.38,TRUE
syn-0975,equity_tilted,BONDS,229820.0,252049.17,TRUE
syn-0978,balanced,CASH,67485.0,97647.05,TRUE
syn-0978,balanced,FIXED_DEPOSIT,112475.0,100735.02,TRUE
syn-0978,balanced,MUTUAL_FUNDS,134970.0,150066.42,TRUE
syn-0978,balanced,STOCKS,89980.0,86295.81,TRUE
syn-0978,balanced,BONDS,44990.0,60818.34,TRUE
syn-0979,balanced,CASH,860490.0,818426.95,TRUE
syn-0979,balanced,FIXED_DEPOSIT,1434150.0,1045019.0,TRUE
syn-0979,balanced,MUTUAL_FUNDS,1720980.0,2629048.92,TRUE
syn-0979,balanced,STOCKS,1147320.0,1481263.06,TRUE
syn-0979,balanced,BONDS,573660.0,435496.6,TRUE
syn-0980,volatile_heavy,CASH,96410.0,74828.65,TRUE
syn-0980,volatile_heavy,STOCKS,1060510.0,1001268.77,TRUE
syn-0980,volatile_heavy,CRYPTO,771280.0,546901.39,TRUE
syn-0981,balanced,CASH,287490.0,221499.63,TRUE
syn-0981,balanced,FIXED_DEPOSIT,479150.0,468493.2,TRUE
syn-0981,balanced,MUTUAL_FUNDS,574980.0,585661.96,TRUE
syn-0981,balanced,STOCKS,383320.0,429106.01,TRUE
syn-0981,balanced,BONDS,191660.0,165053.31,TRUE
syn-0982,balanced,CASH,73545.0,59129.0,TRUE
syn-0982,balanced,FIXED_DEPOSIT,122575.0,93322.76,TRUE
syn-0982,balanced,MUTUAL_FUNDS,147090.0,107774.72,TRUE
syn-0982,balanced,STOCKS,98060.0,114722.79,TRUE
syn-0982,balanced,BONDS,49030.0,50389.28,TRUE
syn-0983,equity_tilted,CASH,1077136.0,909137.99,TRUE
syn-0983,equity_tilted,MUTUAL_FUNDS,4308544.0,3428692.4,TRUE
syn-0983,equity_tilted,STOCKS,6732100.0,5391479.82,TRUE
syn-0983,equity_tilted,BONDS,1346420.0,1786197.28,TRUE
syn-0984,volatile_heavy,CASH,610110.0,503825.66,TRUE
syn-0984,volatile_heavy,STOCKS,6711210.0,6620645.58,TRUE
syn-0984,volatile_heavy,CRYPTO,4880880.0,3773023.98,TRUE
syn-0985,balanced,CASH,291930.0,409371.31,TRUE
syn-0985,balanced,FIXED_DEPOSIT,486550.0,729951.34,TRUE
syn-0985,balanced,MUTUAL_FUNDS,583860.0,895943.85,TRUE
syn-0985,balanced,STOCKS,389240.0,309068.73,TRUE
syn-0985,balanced,BONDS,194620.0,276020.56,TRUE
syn-0990,conservative_income,FIXED_DEPOSIT,3353355.0,2520383.95,TRUE
syn-0990,conservative_income,BONDS,2980760.0,3072940.98,TRUE
syn-0990,conservative_income,CASH,1117785.0,1063885.95,TRUE
syn-0992,equity_tilted,CASH,655752.0,584307.16,TRUE
syn-0992,equity_tilted,MUTUAL_FUNDS,2623008.0,3476310.89,TRUE
syn-0992,equity_tilted,STOCKS,4098450.0,3129725.93,TRUE
syn-0992,equity_tilted,BONDS,819690.0,617827.36,TRUE
syn-0993,balanced,CASH,299955.0,302713.61,TRUE
syn-0993,balanced,FIXED_DEPOSIT,499925.0,544919.59,TRUE
syn-0993,balanced,MUTUAL_FUNDS,599910.0,509563.68,TRUE
syn-0993,balanced,STOCKS,399940.0,373952.85,TRUE
syn-0993,balanced,BONDS,199970.0,247797.4,TRUE
syn-0994,conservative_income,FIXED_DEPOSIT,178650.0,182823.05,TRUE
syn-0994,conservative_income,BONDS,158800.0,116521.94,TRUE
syn-0994,conservative_income,CASH,59550.0,45282.78,TRUE
syn-0995,volatile_heavy,CASH,325475.0,271728.4,TRUE
syn-0995,volatile_heavy,STOCKS,3580225.0,3044497.48,TRUE
syn-0995,volatile_heavy,CRYPTO,2603800.0,3597655.16,TRUE
syn-0997,conservative_income,FIXED_DEPOSIT,133155.0,186569.71,TRUE
syn-0997,conservative_income,BONDS,118360.0,144220.0,TRUE
syn-0997,conservative_income,CASH,44385.0,49430.57,TRUE
syn-0998,equity_tilted,CASH,31928.0,28283.19,TRUE
syn-0998,equity_tilted,MUTUAL_FUNDS,127712.0,138984.8,TRUE
syn-0998,equity_tilted,STOCKS,199550.0,299427.94,TRUE
syn-0998,equity_tilted,BONDS,39910.0,52972.61,TRUE
syn-0999,conservative_income,FIXED_DEPOSIT,2279880.0,2119531.37,TRUE
syn-0999,conservative_income,BONDS,2026560.0,2566483.52,TRUE
syn-0999,conservative_income,CASH,759960.0,528243.82,TRUE
syn-1000,conservative_income,FIXED_DEPOSIT,16912710.0,17963269.97,TRUE
syn-1000,conservative_income,BONDS,15033520.0,16939451.65,TRUE
syn-1000,conservative_income,CASH,5637570.0,3947391.39,TRUE
syn-1001,conservative_income,FIXED_DEPOSIT,3650445.0,3295910.34,TRUE
syn-1001,conservative_income,BONDS,3244840.0,3597541.36,TRUE
syn-1001,conservative_income,CASH,1216815.0,1135405.42,TRUE
syn-1003,balanced,CASH,3888735.0,4482013.32,TRUE
syn-1003,balanced,FIXED_DEPOSIT,6481225.0,5284157.61,TRUE
syn-1003,balanced,MUTUAL_FUNDS,7777470.0,11223801.85,TRUE
syn-1003,balanced,STOCKS,5184980.0,5487579.95,TRUE
syn-1003,balanced,BONDS,2592490.0,1869502.84,TRUE
syn-1006,conservative_income,FIXED_DEPOSIT,111645.0,91372.69,TRUE
syn-1006,conservative_income,BONDS,99240.0,71450.79,TRUE
syn-1006,conservative_income,CASH,37215.0,29351.0,TRUE
syn-1007,balanced,CASH,1508565.0,1048261.77,TRUE
syn-1007,balanced,FIXED_DEPOSIT,2514275.0,3434878.09,TRUE
syn-1007,balanced,MUTUAL_FUNDS,3017130.0,3663983.56,TRUE
syn-1007,balanced,STOCKS,2011420.0,2904004.93,TRUE
syn-1007,balanced,BONDS,1005710.0,910104.96,TRUE
syn-1009,conservative_income,FIXED_DEPOSIT,2369835.0,1740191.19,TRUE
syn-1009,conservative_income,BONDS,2106520.0,1828092.2,TRUE
syn-1009,conservative_income,CASH,789945.0,675415.58,TRUE
syn-1011,conservative_income,FIXED_DEPOSIT,64620.0,89867.55,TRUE
syn-1011,conservative_income,BONDS,57440.0,47547.72,TRUE
syn-1011,conservative_income,CASH,21540.0,15233.32,TRUE
syn-1013,volatile_heavy,CASH,40705.0,37044.93,TRUE
syn-1013,volatile_heavy,STOCKS,447755.0,391226.22,TRUE
syn-1013,volatile_heavy,CRYPTO,325640.0,229689.48,TRUE
syn-1014,volatile_heavy,CASH,41810.0,47509.01,TRUE
syn-1014,volatile_heavy,STOCKS,459910.0,322466.51,TRUE
syn-1014,volatile_heavy,CRYPTO,334480.0,251149.26,TRUE
syn-1015,balanced,CASH,640680.0,703978.19,TRUE
syn-1015,balanced,FIXED_DEPOSIT,1067800.0,1213154.96,TRUE
syn-1015,balanced,MUTUAL_FUNDS,1281360.0,885219.79,TRUE
syn-1015,balanced,STOCKS,854240.0,1036993.77,TRUE
syn-1015,balanced,BONDS,427120.0,314586.16,TRUE
syn-1017,conservative_income,FIXED_DEPOSIT,2528730.0,2896118.72,TRUE
syn-1017,conservative_income,BONDS,2247760.0,2254809.81,TRUE
syn-1017,conservative_income,CASH,842910.0,634596.61,TRUE
syn-1018,balanced,CASH,64140.0,52164.29,TRUE
syn-1018,balanced,FIXED_DEPOSIT,106900.0,102062.92,TRUE
syn-1018,balanced,MUTUAL_FUNDS,128280.0,184106.05,TRUE
syn-1018,balanced,STOCKS,85520.0,127272.41,TRUE
syn-1018,balanced,BONDS,42760.0,45278.92,TRUE
syn-1019,cash_heavy,CASH,1078055.0,1620214.63,TRUE
syn-1019,cash_heavy,FIXED_DEPOSIT,686035.0,883416.29,TRUE
syn-1019,cash_heavy,MUTUAL_FUNDS,196010.0,181793.62,TRUE
syn-1021,volatile_heavy,CASH,169470.0,160597.23,TRUE
syn-1021,volatile_heavy,STOCKS,1864170.0,1438883.72,TRUE
syn-1021,volatile_heavy,CRYPTO,1355760.0,1412948.74,TRUE
syn-1022,conservative_income,FIXED_DEPOSIT,17653815.0,17170908.02,TRUE
syn-1022,conservative_income,BONDS,15692280.0,11463831.97,TRUE
syn-1022,conservative_income,CASH,5884605.0,6579569.87,TRUE
syn-1023,balanced,CASH,1443675.0,1046671.23,TRUE
syn-1023,balanced,FIXED_DEPOSIT,2406125.0,2558655.62,TRUE
syn-1023,balanced,MUTUAL_FUNDS,2887350.0,3494846.49,TRUE
syn-1023,balanced,STOCKS,1924900.0,1723155.32,TRUE
syn-1023,balanced,BONDS,962450.0,1301933.4,TRUE
syn-1024,conservative_income,FIXED_DEPOSIT,2296530.0,1909111.03,TRUE
syn-1024,conservative_income,BONDS,2041360.0,1451721.29,TRUE
syn-1024,conservative_income,CASH,765510.0,552371.8,TRUE
syn-1025,balanced,CASH,33690.0,43456.14,TRUE
syn-1025,balanced,FIXED_DEPOSIT,56150.0,58559.49,TRUE
syn-1025,balanced,MUTUAL_FUNDS,67380.0,77525.77,TRUE
syn-1025,balanced,STOCKS,44920.0,54315.22,TRUE
syn-1025,balanced,BONDS,22460.0,29252.18,TRUE
syn-1026,equity_tilted,CASH,9030552.0,9144814.95,TRUE
syn-1026,equity_tilted,MUTUAL_FUNDS,36122208.0,48656864.51,TRUE
syn-1026,equity_tilted,STOCKS,56440950.0,56751760.99,TRUE
syn-1026,equity_tilted,BONDS,11288190.0,14154725.86,TRUE
syn-1027,balanced,CASH,51585.0,52839.44,TRUE
syn-1027,balanced,FIXED_DEPOSIT,85975.0,111399.13,TRUE
syn-1027,balanced,MUTUAL_FUNDS,103170.0,79733.5,TRUE
syn-1027,balanced,STOCKS,68780.0,60352.54,TRUE
syn-1027,balanced,BONDS,34390.0,30452.76,TRUE
syn-1029,balanced,CASH,4523445.0,4154039.73,TRUE
syn-1029,balanced,FIXED_DEPOSIT,7539075.0,5566721.4,TRUE
syn-1029,balanced,MUTUAL_FUNDS,9046890.0,9471877.7,TRUE
syn-1029,balanced,STOCKS,6031260.0,8337976.15,TRUE
syn-1029,balanced,BONDS,3015630.0,2417577.29,TRUE
syn-1030,balanced,CASH,134130.0,97792.46,TRUE
syn-1030,balanced,FIXED_DEPOSIT,223550.0,168087.73,TRUE
syn-1030,balanced,MUTUAL_FUNDS,268260.0,310614.68,TRUE
syn-1030,balanced,STOCKS,178840.0,261588.52,TRUE
syn-1030,balanced,BONDS,89420.0,70827.09,TRUE
syn-1031,conservative_income,FIXED_DEPOSIT,3809700.0,4765315.46,TRUE
syn-1031,conservative_income,BONDS,3386400.0,2577316.89,TRUE
syn-1031,conservative_income,CASH,1269900.0,1034770.57,TRUE
syn-1035,cash_heavy,CASH,3940750.0,3654350.08,TRUE
syn-1035,cash_heavy,FIXED_DEPOSIT,2507750.0,2780198.21,TRUE
syn-1035,cash_heavy,MUTUAL_FUNDS,716500.0,578799.42,TRUE
syn-1037,conservative_income,FIXED_DEPOSIT,1335690.0,964220.69,TRUE
syn-1037,conservative_income,BONDS,1187280.0,837716.05,TRUE
syn-1037,conservative_income,CASH,445230.0,438123.9,TRUE
syn-1038,conservative_income,FIXED_DEPOSIT,33390.0,40133.57,TRUE
syn-1038,conservative_income,BONDS,29680.0,24740.85,TRUE
syn-1038,conservative_income,CASH,11130.0,15024.79,TRUE
syn-1039,conservative_income,FIXED_DEPOSIT,937350.0,750114.48,TRUE
syn-1039,conservative_income,BONDS,833200.0,929523.98,TRUE
syn-1039,conservative_income,CASH,312450.0,329351.7,TRUE
syn-1040,cash_heavy,CASH,25462855.0,24138064.93,TRUE
syn-1040,cash_heavy,FIXED_DEPOSIT,16203635.0,23644909.34,TRUE
syn-1040,cash_heavy,MUTUAL_FUNDS,4629610.0,4443992.28,TRUE
syn-1042,cash_heavy,CASH,444730.0,633991.37,TRUE
syn-1042,cash_heavy,FIXED_DEPOSIT,283010.0,250542.08,TRUE
syn-1042,cash_heavy,MUTUAL_FUNDS,80860.0,75126.93,TRUE
syn-1044,equity_tilted,CASH,260568.0,246574.87,TRUE
syn-1044,equity_tilted,MUTUAL_FUNDS,1042272.0,1531305.43,TRUE
syn-1044,equity_tilted,STOCKS,1628550.0,1500673.15,TRUE
syn-1044,equity_tilted,BONDS,325710.0,235745.04,TRUE
syn-1045,cash_heavy,CASH,6487910.0,9554279.27,TRUE
syn-1045,cash_heavy,FIXED_DEPOSIT,4128670.0,5345758.2,TRUE
syn-1045,cash_heavy,MUTUAL_FUNDS,1179620.0,1169240.24,TRUE
syn-1046,equity_tilted,CASH,327448.0,408494.59,TRUE
syn-1046,equity_tilted,MUTUAL_FUNDS,1309792.0,923004.82,TRUE
syn-1046,equity_tilted,STOCKS,2046550.0,1492369.36,TRUE
syn-1046,equity_tilted,BONDS,409310.0,485383.58,TRUE
syn-1048,equity_tilted,CASH,19288.0,24303.55,TRUE
syn-1048,equity_tilted,MUTUAL_FUNDS,77152.0,78062.93,TRUE
syn-1048,equity_tilted,STOCKS,120550.0,172389.04,TRUE
syn-1048,equity_tilted,BONDS,24110.0,33084.44,TRUE
syn-1049,balanced,CASH,792435.0,1029867.14,TRUE
syn-1049,balanced,FIXED_DEPOSIT,1320725.0,1340950.96,TRUE
syn-1049,balanced,MUTUAL_FUNDS,1584870.0,1122493.11,TRUE
syn-1049,balanced,STOCKS,1056580.0,797862.46,TRUE
syn-1049,balanced,BONDS,528290.0,382717.5,TRUE
syn-1050,volatile_heavy,CASH,5250.0,4172.46,TRUE
syn-1050,volatile_heavy,STOCKS,57750.0,44657.25,TRUE
syn-1050,volatile_heavy,CRYPTO,42000.0,35542.9,TRUE
syn-1051,cash_heavy,CASH,22408925.0,15985980.05,TRUE
syn-1051,cash_heavy,FIXED_DEPOSIT,14260225.0,10915745.54,TRUE
syn-1051,cash_heavy,MUTUAL_FUNDS,4074350.0,2832774.52,TRUE
syn-1053,balanced,CASH,113325.0,97095.13,TRUE
syn-1053,balanced,FIXED_DEPOSIT,188875.0,250942.29,TRUE
syn-1053,balanced,MUTUAL_FUNDS,226650.0,231170.78,TRUE
syn-1053,balanced,STOCKS,151100.0,133293.78,TRUE
syn-1053,balanced,BONDS,75550.0,75740.87,TRUE
syn-1054,conservative_income,FIXED_DEPOSIT,590355.0,495784.39,TRUE
syn-1054,conservative_income,BONDS,524760.0,514241.99,TRUE
syn-1054,conservative_income,CASH,196785.0,234004.46,TRUE
syn-1056,equity_tilted,CASH,393824.0,344450.12,TRUE
syn-1056,equity_tilted,MUTUAL_FUNDS,1575296.0,2266702.33,TRUE
syn-1056,equity_tilted,STOCKS,2461400.0,3065537.88,TRUE
syn-1056,equity_tilted,BONDS,492280.0,447960.63,TRUE
syn-1058,volatile_heavy,CASH,743955.0,619776.87,TRUE
syn-1058,volatile_heavy,STOCKS,8183505.0,7638540.63,TRUE
syn-1058,volatile_heavy,CRYPTO,5951640.0,5437433.4,TRUE
syn-1059,cash_heavy,CASH,1380830.0,1890075.19,TRUE
syn-1059,cash_heavy,FIXED_DEPOSIT,878710.0,784010.56,TRUE
syn-1059,cash_heavy,MUTUAL_FUNDS,251060.0,286417.58,TRUE
syn-1061,cash_heavy,CASH,19099905.0,14839897.11,TRUE
syn-1061,cash_heavy,FIXED_DEPOSIT,12154485.0,17161277.83,TRUE
syn-1061,cash_heavy,MUTUAL_FUNDS,3472710.0,2733997.72,TRUE
syn-1063,cash_heavy,CASH,891990.0,641168.2,TRUE
syn-1063,cash_heavy,FIXED_DEPOSIT,567630.0,630882.98,TRUE
syn-1063,cash_heavy,MUTUAL_FUNDS,162180.0,206550.92,TRUE
syn-1065,equity_tilted,CASH,27472.0,19822.91,TRUE
syn-1065,equity_tilted,MUTUAL_FUNDS,109888.0,79673.53,TRUE
syn-1065,equity_tilted,STOCKS,171700.0,177153.61,TRUE
syn-1065,equity_tilted,BONDS,34340.0,39707.28,TRUE
syn-1066,balanced,CASH,331200.0,287017.72,TRUE
syn-1066,balanced,FIXED_DEPOSIT,552000.0,503988.43,TRUE
syn-1066,balanced,MUTUAL_FUNDS,662400.0,479021.47,TRUE
syn-1066,balanced,STOCKS,441600.0,460830.27,TRUE
syn-1066,balanced,BONDS,220800.0,198420.99,TRUE
syn-1067,balanced,CASH,5654955.0,5419504.6,TRUE
syn-1067,balanced,FIXED_DEPOSIT,9424925.0,6598338.15,TRUE
syn-1067,balanced,MUTUAL_FUNDS,11309910.0,12312449.65,TRUE
syn-1067,balanced,STOCKS,7539940.0,5513290.2,TRUE
syn-1067,balanced,BONDS,3769970.0,2892025.93,TRUE
syn-1068,balanced,CASH,4026510.0,2938543.27,TRUE
syn-1068,balanced,FIXED_DEPOSIT,6710850.0,5709842.99,TRUE
syn-1068,balanced,MUTUAL_FUNDS,8053020.0,7478658.19,TRUE
syn-1068,balanced,STOCKS,5368680.0,4041745.44,TRUE
syn-1068,balanced,BONDS,2684340.0,3290080.74,TRUE
syn-1069,balanced,CASH,16110.0,11576.56,TRUE
syn-1069,balanced,FIXED_DEPOSIT,26850.0,33511.57,TRUE
syn-1069,balanced,MUTUAL_FUNDS,32220.0,37161.99,TRUE
syn-1069,balanced,STOCKS,21480.0,19242.63,TRUE
syn-1069,balanced,BONDS,10740.0,7636.16,TRUE
syn-1070,conservative_income,FIXED_DEPOSIT,589725.0,578867.03,TRUE
syn-1070,conservative_income,BONDS,524200.0,755190.33,TRUE
syn-1070,conservative_income,CASH,196575.0,152469.82,TRUE
syn-1074,conservative_income,FIXED_DEPOSIT,41715.0,50472.03,TRUE
syn-1074,conservative_income,BONDS,37080.0,39663.14,TRUE
syn-1074,conservative_income,CASH,13905.0,18198.93,TRUE
syn-1076,balanced,CASH,624795.0,459928.37,TRUE
syn-1076,balanced,FIXED_DEPOSIT,1041325.0,1176882.53,TRUE
syn-1076,balanced,MUTUAL_FUNDS,1249590.0,1568943.65,TRUE
syn-1076,balanced,STOCKS,833060.0,653960.22,TRUE
syn-1076,balanced,BONDS,416530.0,587271.73,TRUE
syn-1078,balanced,CASH,470220.0,386487.46,TRUE
syn-1078,balanced,FIXED_DEPOSIT,783700.0,572419.84,TRUE
syn-1078,balanced,MUTUAL_FUNDS,940440.0,1363335.31,TRUE
syn-1078,balanced,STOCKS,626960.0,858028.91,TRUE
syn-1078,balanced,BONDS,313480.0,358630.41,TRUE
syn-1079,conservative_income,FIXED_DEPOSIT,12962070.0,12382922.3,TRUE
syn-1079,conservative_income,BONDS,11521840.0,9399636.71,TRUE
syn-1079,conservative_income,CASH,4320690.0,3020970.98,TRUE
syn-1080,balanced,CASH,1914375.0,1358197.47,TRUE
syn-1080,balanced,FIXED_DEPOSIT,3190625.0,3253856.97,TRUE
syn-1080,balanced,MUTUAL_FUNDS,3828750.0,5730031.76,TRUE
syn-1080,balanced,STOCKS,2552500.0,3764556.92,TRUE
syn-1080,balanced,BONDS,1276250.0,1528160.56,TRUE
syn-1081,equity_tilted,CASH,44744.0,39412.14,TRUE
syn-1081,equity_tilted,MUTUAL_FUNDS,178976.0,177492.1,TRUE
syn-1081,equity_tilted,STOCKS,279650.0,421879.21,TRUE
syn-1081,equity_tilted,BONDS,55930.0,46146.96,TRUE
syn-1082,volatile_heavy,CASH,19355.0,18099.76,TRUE
syn-1082,volatile_heavy,STOCKS,212905.0,264426.73,TRUE
syn-1082,volatile_heavy,CRYPTO,154840.0,205869.29,TRUE
syn-1084,balanced,CASH,78870.0,62346.52,TRUE
syn-1084,balanced,FIXED_DEPOSIT,131450.0,155503.93,TRUE
syn-1084,balanced,MUTUAL_FUNDS,157740.0,110914.04,TRUE
syn-1084,balanced,STOCKS,105160.0,113735.58,TRUE
syn-1084,balanced,BONDS,52580.0,77184.15,TRUE
syn-1087,cash_heavy,CASH,13686530.0,20149889.65,TRUE
syn-1087,cash_heavy,FIXED_DEPOSIT,8709610.0,6086617.0,TRUE
syn-1087,cash_heavy,MUTUAL_FUNDS,2488460.0,3566860.59,TRUE
syn-1088,balanced,CASH,49965.0,66962.48,TRUE
syn-1088,balanced,FIXED_DEPOSIT,83275.0,65445.74,TRUE
syn-1088,balanced,MUTUAL_FUNDS,99930.0,77288.35,TRUE
syn-1088,balanced,STOCKS,66620.0,47679.98,TRUE
syn-1088,balanced,BONDS,33310.0,40592.41,TRUE
syn-1089,conservative_income,FIXED_DEPOSIT,1397610.0,1339290.85,TRUE
syn-1089,conservative_income,BONDS,1242320.0,1233060.44,TRUE
syn-1089,conservative_income,CASH,465870.0,448680.85,TRUE
syn-1090,conservative_income,FIXED_DEPOSIT,1336185.0,986558.46,TRUE
syn-1090,conservative_income,BONDS,1187720.0,1019573.97,TRUE
syn-1090,conservative_income,CASH,445395.0,366731.77,TRUE
syn-1091,conservative_income,FIXED_DEPOSIT,788985.0,641677.63,TRUE
syn-1091,conservative_income,BONDS,701320.0,562520.61,TRUE
syn-1091,conservative_income,CASH,262995.0,337956.01,TRUE
syn-1093,equity_tilted,CASH,22264.0,32223.33,TRUE
syn-1093,equity_tilted,MUTUAL_FUNDS,89056.0,69357.21,TRUE
syn-1093,equity_tilted,STOCKS,139150.0,114099.13,TRUE
syn-1093,equity_tilted,BONDS,27830.0,37285.93,TRUE
syn-1094,balanced,CASH,55125.0,40010.58,TRUE
syn-1094,balanced,FIXED_DEPOSIT,91875.0,75969.29,TRUE
syn-1094,balanced,MUTUAL_FUNDS,110250.0,141813.05,TRUE
syn-1094,balanced,STOCKS,73500.0,72118.35,TRUE
syn-1094,balanced,BONDS,36750.0,38427.59,TRUE
syn-1095,balanced,CASH,11771490.0,9059875.69,TRUE
syn-1095,balanced,FIXED_DEPOSIT,19619150.0,14614291.61,TRUE
syn-1095,balanced,MUTUAL_FUNDS,23542980.0,33589838.39,TRUE
syn-1095,balanced,STOCKS,15695320.0,11552749.84,TRUE
syn-1095,balanced,BONDS,7847660.0,9087142.77,TRUE
syn-1097,volatile_heavy,CASH,39630.0,44477.3,TRUE
syn-1097,volatile_heavy,STOCKS,435930.0,381116.11,TRUE
syn-1097,volatile_heavy,CRYPTO,317040.0,432598.04,TRUE
syn-1098,equity_tilted,CASH,6576.0,5884.09,TRUE
syn-1098,equity_tilted,MUTUAL_FUNDS,26304.0,18730.56,TRUE
syn-1098,equity_tilted,STOCKS,41100.0,35134.51,TRUE
syn-1098,equity_tilted,BONDS,8220.0,7460.3,TRUE
syn-1101,balanced,CASH,707685.0,900258.66,TRUE
syn-1101,balanced,FIXED_DEPOSIT,1179475.0,1217171.87,TRUE
syn-1101,balanced,MUTUAL_FUNDS,1415370.0,1979437.04,TRUE
syn-1101,balanced,STOCKS,943580.0,909327.54,TRUE
syn-1101,balanced,BONDS,471790.0,346542.55,TRUE
syn-1102,equity_tilted,CASH,16656.0,13530.57,TRUE
syn-1102,equity_tilted,MUTUAL_FUNDS,66624.0,59092.1,TRUE
syn-1102,equity_tilted,STOCKS,104100.0,74488.61,TRUE
syn-1102,equity_tilted,BONDS,20820.0,21498.44,TRUE
syn-1103,equity_tilted,CASH,25312.0,17478.4,TRUE
syn-1103,equity_tilted,MUTUAL_FUNDS,101248.0,93873.48,TRUE
syn-1103,equity_tilted,STOCKS,158200.0,208290.51,TRUE
syn-1103,equity_tilted,BONDS,31640.0,24184.33,TRUE
syn-1105,volatile_heavy,CASH,585305.0,431174.68,TRUE
syn-1105,volatile_heavy,STOCKS,6438355.0,9689460.38,TRUE
syn-1105,volatile_heavy,CRYPTO,4682440.0,6007815.7,TRUE
syn-1107,balanced,CASH,9106140.0,8795034.21,TRUE
syn-1107,balanced,FIXED_DEPOSIT,15176900.0,14462060.74,TRUE
syn-1107,balanced,MUTUAL_FUNDS,18212280.0,21289011.97,TRUE
syn-1107,balanced,STOCKS,12141520.0,16270174.77,TRUE
syn-1107,balanced,BONDS,6070760.0,5052542.25,TRUE
syn-1108,balanced,CASH,90030.0,114802.42,TRUE
syn-1108,balanced,FIXED_DEPOSIT,150050.0,114946.46,TRUE
syn-1108,balanced,MUTUAL_FUNDS,180060.0,232892.23,TRUE
syn-1108,balanced,STOCKS,120040.0,111597.53,TRUE
syn-1108,balanced,BONDS,60020.0,53493.83,TRUE
syn-1110,equity_tilted,CASH,27592.0,40912.84,TRUE
syn-1110,equity_tilted,MUTUAL_FUNDS,110368.0,83670.42,TRUE
syn-1110,equity_tilted,STOCKS,172450.0,250981.44,TRUE
syn-1110,equity_tilted,BONDS,34490.0,43252.19,TRUE
syn-1112,volatile_heavy,CASH,28940.0,27542.75,TRUE
syn-1112,volatile_heavy,STOCKS,318340.0,233852.44,TRUE
syn-1112,volatile_heavy,CRYPTO,231520.0,237431.01,TRUE
syn-1113,volatile_heavy,CASH,174225.0,235285.47,TRUE
syn-1113,volatile_heavy,STOCKS,1916475.0,2862439.35,TRUE
syn-1113,volatile_heavy,CRYPTO,1393800.0,1132919.24,TRUE
syn-1114,cash_heavy,CASH,3384425.0,3939000.97,TRUE
syn-1114,cash_heavy,FIXED_DEPOSIT,2153725.0,1984744.23,TRUE
syn-1114,cash_heavy,MUTUAL_FUNDS,615350.0,638567.25,TRUE
syn-1116,cash_heavy,CASH,1243275.0,1287473.94,TRUE
syn-1116,cash_heavy,FIXED_DEPOSIT,791175.0,911789.96,TRUE
syn-1116,cash_heavy,MUTUAL_FUNDS,226050.0,159506.19,TRUE
syn-1117,balanced,CASH,1078170.0,762273.6,TRUE
syn-1117,balanced,FIXED_DEPOSIT,1796950.0,2737039.85,TRUE
syn-1117,balanced,MUTUAL_FUNDS,2156340.0,2845839.57,TRUE
syn-1117,balanced,STOCKS,1437560.0,1309599.99,TRUE
syn-1117,balanced,BONDS,718780.0,497395.65,TRUE
syn-1120,balanced,CASH,1133985.0,879200.45,TRUE
syn-1120,balanced,FIXED_DEPOSIT,1889975.0,2316499.62,TRUE
syn-1120,balanced,MUTUAL_FUNDS,2267970.0,1812821.4,TRUE
syn-1120,balanced,STOCKS,1511980.0,1047236.33,TRUE
syn-1120,balanced,BONDS,755990.0,659697.12,TRUE
syn-1121,balanced,CASH,444330.0,498972.8,TRUE
syn-1121,balanced,FIXED_DEPOSIT,740550.0,635772.24,TRUE
syn-1121,balanced,MUTUAL_FUNDS,888660.0,669366.86,TRUE
syn-1121,balanced,STOCKS,592440.0,636798.34,TRUE
syn-1121,balanced,BONDS,296220.0,287698.43,TRUE
syn-1122,conservative_income,FIXED_DEPOSIT,16852635.0,15170349.1,TRUE
syn-1122,conservative_income,BONDS,14980120.0,11778970.87,TRUE
syn-1122,conservative_income,CASH,5617545.0,6521067.47,TRUE
syn-1123,cash_heavy,CASH,195305.0,159537.36,TRUE
syn-1123,cash_heavy,FIXED_DEPOSIT,124285.0,86230.44,TRUE
syn-1123,cash_heavy,MUTUAL_FUNDS,35510.0,40888.01,TRUE
syn-1124,volatile_heavy,CASH,120100.0,179375.15,TRUE
syn-1124,volatile_heavy,STOCKS,1321100.0,1653017.81,TRUE
syn-1124,volatile_heavy,CRYPTO,960800.0,741739.33,TRUE
syn-1125,conservative_income,FIXED_DEPOSIT,2061900.0,2881022.57,TRUE
syn-1125,conservative_income,BONDS,1832800.0,1314485.21,TRUE
syn-1125,conservative_income,CASH,687300.0,655944.08,TRUE
syn-1126,equity_tilted,CASH,132656.0,101687.9,TRUE
syn-1126,equity_tilted,MUTUAL_FUNDS,530624.0,477451.22,TRUE
syn-1126,equity_tilted,STOCKS,829100.0,694968.82,TRUE
syn-1126,equity_tilted,BONDS,165820.0,234261.82,TRUE
syn-1128,equity_tilted,CASH,24568.0,35297.16,TRUE
syn-1128,equity_tilted,MUTUAL_FUNDS,98272.0,82199.9,TRUE
syn-1128,equity_tilted,STOCKS,153550.0,214594.66,TRUE
syn-1128,equity_tilted,BONDS,30710.0,44827.13,TRUE
syn-1130,balanced,CASH,269910.0,272344.17,TRUE
syn-1130,balanced,FIXED_DEPOSIT,449850.0,485805.05,TRUE
syn-1130,balanced,MUTUAL_FUNDS,539820.0,381135.7,TRUE
syn-1130,balanced,STOCKS,359880.0,270267.29,TRUE
syn-1130,balanced,BONDS,179940.0,157178.69,TRUE
syn-1131,equity_tilted,CASH,803384.0,706244.6,TRUE
syn-1131,equity_tilted,MUTUAL_FUNDS,3213536.0,2813301.62,TRUE
syn-1131,equity_tilted,STOCKS,5021150.0,4622029.39,TRUE
syn-1131,equity_tilted,BONDS,1004230.0,1292011.56,TRUE
syn-1132,volatile_heavy,CASH,103000.0,93832.79,TRUE
syn-1132,volatile_heavy,STOCKS,1133000.0,832301.55,TRUE
syn-1132,volatile_heavy,CRYPTO,824000.0,671029.26,TRUE
syn-1133,volatile_heavy,CASH,10050.0,14848.51,TRUE
syn-1133,volatile_heavy,STOCKS,110550.0,85133.14,TRUE
syn-1133,volatile_heavy,CRYPTO,80400.0,60671.85,TRUE
syn-1135,equity_tilted,CASH,3182920.0,2964347.69,TRUE
syn-1135,equity_tilted,MUTUAL_FUNDS,12731680.0,11806426.15,TRUE
syn-1135,equity_tilted,STOCKS,19893250.0,16453289.14,TRUE
syn-1135,equity_tilted,BONDS,3978650.0,3206159.99,TRUE
syn-1136,balanced,CASH,14100.0,11139.2,TRUE
syn-1136,balanced,FIXED_DEPOSIT,23500.0,20232.44,TRUE
syn-1136,balanced,MUTUAL_FUNDS,28200.0,26089.71,TRUE
syn-1136,balanced,STOCKS,18800.0,25328.52,TRUE
syn-1136,balanced,BONDS,9400.0,8911.9,TRUE
syn-1139,balanced,CASH,116445.0,104308.14,TRUE
syn-1139,balanced,FIXED_DEPOSIT,194075.0,147605.5,TRUE
syn-1139,balanced,MUTUAL_FUNDS,232890.0,324222.39,TRUE
syn-1139,balanced,STOCKS,155260.0,140475.9,TRUE
syn-1139,balanced,BONDS,77630.0,109302.28,TRUE
syn-1141,equity_tilted,CASH,50344.0,47236.92,TRUE
syn-1141,equity_tilted,MUTUAL_FUNDS,201376.0,273981.46,TRUE
syn-1141,equity_tilted,STOCKS,314650.0,275809.72,TRUE
syn-1141,equity_tilted,BONDS,62930.0,91587.13,TRUE
syn-1142,conservative_income,FIXED_DEPOSIT,239805.0,224039.87,TRUE
syn-1142,conservative_income,BONDS,213160.0,194578.59,TRUE
syn-1142,conservative_income,CASH,79935.0,94121.29,TRUE
syn-1143,conservative_income,FIXED_DEPOSIT,1628775.0,1185010.63,TRUE
syn-1143,conservative_income,BONDS,1447800.0,1310875.65,TRUE
syn-1143,conservative_income,CASH,542925.0,773786.11,TRUE
syn-1144,balanced,CASH,282480.0,341448.81,TRUE
syn-1144,balanced,FIXED_DEPOSIT,470800.0,654847.37,TRUE
syn-1144,balanced,MUTUAL_FUNDS,564960.0,419816.1,TRUE
syn-1144,balanced,STOCKS,376640.0,269993.42,TRUE
syn-1144,balanced,BONDS,188320.0,281682.51,TRUE
syn-1147,volatile_heavy,CASH,633115.0,972832.9,TRUE
syn-1147,volatile_heavy,STOCKS,6964265.0,9110209.23,TRUE
syn-1147,volatile_heavy,CRYPTO,5064920.0,3775389.29,TRUE
syn-1148,conservative_income,FIXED_DEPOSIT,658575.0,790522.0,TRUE
syn-1148,conservative_income,BONDS,585400.0,594596.83,TRUE
syn-1148,conservative_income,CASH,219525.0,178182.09,TRUE
syn-1149,conservative_income,FIXED_DEPOSIT,98595.0,125135.67,TRUE
syn-1149,conservative_income,BONDS,87640.0,111159.19,TRUE
syn-1149,conservative_income,CASH,32865.0,25372.96,TRUE
syn-1150,conservative_income,FIXED_DEPOSIT,834705.0,590554.73,TRUE
syn-1150,conservative_income,BONDS,741960.0,887771.91,TRUE
syn-1150,conservative_income,CASH,278235.0,200998.36,TRUE
syn-1151,equity_tilted,CASH,96400.0,109151.21,TRUE
syn-1151,equity_tilted,MUTUAL_FUNDS,385600.0,435061.71,TRUE
syn-1151,equity_tilted,STOCKS,602500.0,751400.59,TRUE
syn-1151,equity_tilted,BONDS,120500.0,85652.68,TRUE
syn-1152,cash_heavy,CASH,671770.0,798844.64,TRUE
syn-1152,cash_heavy,FIXED_DEPOSIT,427490.0,477812.37,TRUE
syn-1152,cash_heavy,MUTUAL_FUNDS,122140.0,94666.18,TRUE
syn-1156,volatile_heavy,CASH,26355.0,22047.47,TRUE
syn-1156,volatile_heavy,STOCKS,289905.0,261054.78,TRUE
syn-1156,volatile_heavy,CRYPTO,210840.0,154392.17,TRUE
syn-1161,cash_heavy,CASH,622545.0,554198.23,TRUE
syn-1161,cash_heavy,FIXED_DEPOSIT,396165.0,501443.73,TRUE
syn-1161,cash_heavy,MUTUAL_FUNDS,113190.0,84996.87,TRUE
syn-1162,cash_heavy,CASH,4515995.0,5089392.39,TRUE
syn-1162,cash_heavy,FIXED_DEPOSIT,2873815.0,2330346.07,TRUE
syn-1162,cash_heavy,MUTUAL_FUNDS,821090.0,759082.32,TRUE
syn-1165,conservative_income,FIXED_DEPOSIT,2656980.0,2414843.72,TRUE
syn-1165,conservative_income,BONDS,2361760.0,1940367.55,TRUE
syn-1165,conservative_income,CASH,885660.0,714748.52,TRUE
syn-1166,cash_heavy,CASH,4379705.0,6304881.74,TRUE
syn-1166,cash_heavy,FIXED_DEPOSIT,2787085.0,2294114.39,TRUE
syn-1166,cash_heavy,MUTUAL_FUNDS,796310.0,1167735.26,TRUE
syn-1168,cash_heavy,CASH,5243095.0,7652482.6,TRUE
syn-1168,cash_heavy,FIXED_DEPOSIT,3336515.0,3214088.79,TRUE
syn-1168,cash_heavy,MUTUAL_FUNDS,953290.0,753664.1,TRUE
syn-1172,cash_heavy,CASH,12596870.0,12900215.29,TRUE
syn-1172,cash_heavy,FIXED_DEPOSIT,8016190.0,6734052.98,TRUE
syn-1172,cash_heavy,MUTUAL_FUNDS,2290340.0,2895442.78,TRUE
syn-1173,cash_heavy,CASH,24087910.0,25049553.01,TRUE
syn-1173,cash_heavy,FIXED_DEPOSIT,15328670.0,15814817.97,TRUE
syn-1173,cash_heavy,MUTUAL_FUNDS,4379620.0,4019840.21,TRUE
syn-1174,cash_heavy,CASH,1808950.0,1881990.75,TRUE
syn-1174,cash_heavy,FIXED_DEPOSIT,1151150.0,917622.17,TRUE
syn-1174,cash_heavy,MUTUAL_FUNDS,328900.0,327302.43,TRUE
syn-1175,equity_tilted,CASH,92208.0,102875.37,TRUE
syn-1175,equity_tilted,MUTUAL_FUNDS,368832.0,430151.53,TRUE
syn-1175,equity_tilted,STOCKS,576300.0,691518.46,TRUE
syn-1175,equity_tilted,BONDS,115260.0,159628.33,TRUE
syn-1176,balanced,CASH,2279790.0,3164800.8,TRUE
syn-1176,balanced,FIXED_DEPOSIT,3799650.0,3033062.39,TRUE
syn-1176,balanced,MUTUAL_FUNDS,4559580.0,3279329.63,TRUE
syn-1176,balanced,STOCKS,3039720.0,4673835.73,TRUE
syn-1176,balanced,BONDS,1519860.0,1259925.12,TRUE
syn-1179,balanced,CASH,1826535.0,2587589.07,TRUE
syn-1179,balanced,FIXED_DEPOSIT,3044225.0,4048013.29,TRUE
syn-1179,balanced,MUTUAL_FUNDS,3653070.0,3409829.39,TRUE
syn-1179,balanced,STOCKS,2435380.0,2077000.35,TRUE
syn-1179,balanced,BONDS,1217690.0,910648.31,TRUE
syn-1180,conservative_income,FIXED_DEPOSIT,650790.0,479725.7,TRUE
syn-1180,conservative_income,BONDS,578480.0,506878.65,TRUE
syn-1180,conservative_income,CASH,216930.0,158205.22,TRUE
syn-1181,cash_heavy,CASH,1310980.0,1045365.4,TRUE
syn-1181,cash_heavy,FIXED_DEPOSIT,834260.0,632294.98,TRUE
syn-1181,cash_heavy,MUTUAL_FUNDS,238360.0,293483.16,TRUE
syn-1183,cash_heavy,CASH,1118315.0,1574248.3,TRUE
syn-1183,cash_heavy,FIXED_DEPOSIT,711655.0,834805.0,TRUE
syn-1183,cash_heavy,MUTUAL_FUNDS,203330.0,200148.24,TRUE
syn-1184,conservative_income,FIXED_DEPOSIT,996660.0,1055685.09,TRUE
syn-1184,conservative_income,BONDS,885920.0,977693.35,TRUE
syn-1184,conservative_income,CASH,332220.0,357247.12,TRUE
syn-1185,equity_tilted,CASH,35672.0,29560.81,TRUE
syn-1185,equity_tilted,MUTUAL_FUNDS,142688.0,182288.49,TRUE
syn-1185,equity_tilted,STOCKS,222950.0,202626.19,TRUE
syn-1185,equity_tilted,BONDS,44590.0,40615.11,TRUE
syn-1186,balanced,CASH,248730.0,207220.91,TRUE
syn-1186,balanced,FIXED_DEPOSIT,414550.0,478167.97,TRUE
syn-1186,balanced,MUTUAL_FUNDS,497460.0,739137.4,TRUE
syn-1186,balanced,STOCKS,331640.0,431797.87,TRUE
syn-1186,balanced,BONDS,165820.0,141976.79,TRUE
syn-1188,volatile_heavy,CASH,64805.0,55632.09,TRUE
syn-1188,volatile_heavy,STOCKS,712855.0,1040354.66,TRUE
syn-1188,volatile_heavy,CRYPTO,518440.0,374841.57,TRUE
syn-1190,volatile_heavy,CASH,365715.0,451102.5,TRUE
syn-1190,volatile_heavy,STOCKS,4022865.0,5173011.8,TRUE
syn-1190,volatile_heavy,CRYPTO,2925720.0,3337911.29,TRUE
syn-1191,conservative_income,FIXED_DEPOSIT,324405.0,482344.09,TRUE
syn-1191,conservative_income,BONDS,288360.0,200292.89,TRUE
syn-1191,conservative_income,CASH,108135.0,132236.3,TRUE
syn-1192,cash_heavy,CASH,420090.0,642670.32,TRUE
syn-1192,cash_heavy,FIXED_DEPOSIT,267330.0,219406.52,TRUE
syn-1192,cash_heavy,MUTUAL_FUNDS,76380.0,59228.13,TRUE
syn-1193,volatile_heavy,CASH,58445.0,53745.4,TRUE
syn-1193,volatile_heavy,STOCKS,642895.0,756975.41,TRUE
syn-1193,volatile_heavy,CRYPTO,467560.0,344378.56,TRUE
syn-1194,cash_heavy,CASH,3341910.0,4452620.08,TRUE
syn-1194,cash_heavy,FIXED_DEPOSIT,2126670.0,1590261.17,TRUE
syn-1194,cash_heavy,MUTUAL_FUNDS,607620.0,604172.86,TRUE
syn-1195,cash_heavy,CASH,15674505.0,16929271.9,TRUE
syn-1195,cash_heavy,FIXED_DEPOSIT,9974685.0,12535018.56,TRUE
syn-1195,cash_heavy,MUTUAL_FUNDS,2849910.0,2034944.22,TRUE
syn-1196,cash_heavy,CASH,290950.0,213505.31,TRUE
syn-1196,cash_heavy,FIXED_DEPOSIT,185150.0,249671.58,TRUE
syn-1196,cash_heavy,MUTUAL_FUNDS,52900.0,56909.21,TRUE
